<kml xmlns="http://www.opengis.net/kml/2.2" xmlns:atom="http://www.w3.org/2005/Atom" xmlns:gx="http://www.google.com/kml/ext/2.2">
  <Document>
    <Style id="QueryArea">
      <LineStyle>
        <color>ffc0c000</color>
        <width>3</width>
      </LineStyle>
      <PolyStyle>
        <color>80ffffaa</color>
      </PolyStyle>
    </Style>
    <Style id="F3548v21Accepted">
      <LineStyle>
        <color>ff00c000</color>
        <width>3</width>
      </LineStyle>
      <PolyStyle>
        <color>80c0c0c0</color>
      </PolyStyle>
    </Style>
    <Style id="F3548v21Activated">
      <LineStyle>
        <color>ff00c000</color>
        <width>3</width>
      </LineStyle>
      <PolyStyle>
        <color>8000ff00</color>
      </PolyStyle>
    </Style>
    <Style id="F3548v21Nonconforming">
      <LineStyle>
        <color>ff00ffff</color>
        <width>5</width>
      </LineStyle>
      <PolyStyle>
        <color>8000ffff</color>
      </PolyStyle>
    </Style>
    <Style id="F3548v21Contingent">
      <LineStyle>
        <color>ff0000ff</color>
        <width>5</width>
      </LineStyle>
      <PolyStyle>
        <color>80ff0000ff</color>
      </PolyStyle>
    </Style>
    <Style id="F3548v21AcceptedFuture">
      <LineStyle>
        <color>80c0c0c0</color>
        <width>1</width>
      </LineStyle>
      <PolyStyle>
        <color>00000000</color>
      </PolyStyle>
    </Style>
    <Style id="F3548v21ActivatedFuture">
      <LineStyle>
        <color>8040c040</color>
        <width>1</width>
      </LineStyle>
      <PolyStyle>
        <color>00000000</color>
      </PolyStyle>
    </Style>
    <Style id="F3548v21NonconformingFuture">
      <LineStyle>
        <color>8000ffff</color>
        <width>1</width>
      </LineStyle>
      <PolyStyle>
        <color>00000000</color>
      </PolyStyle>
    </Style>
    <Style id="F3548v21ContingentFuture">
      <LineStyle>
        <color>80ff0000ff</color>
        <width>1</width>
      </LineStyle>
      <PolyStyle>
        <color>00000000</color>
      </PolyStyle>
    </Style>
    <Style id="Planned_Nominal">
      <LineStyle>
        <color>ff00c000</color>
        <width>3</width>
      </LineStyle>
      <PolyStyle>
        <color>80808080</color>
      </PolyStyle>
    </Style>
    <Style id="InUse_Nominal">
      <LineStyle>
        <color>ff00c000</color>
        <width>3</width>
      </LineStyle>
      <PolyStyle>
        <color>8000ff00</color>
      </PolyStyle>
    </Style>
    <Style id="InUse_OffNominal">
      <LineStyle>
        <color>ff00ffff</color>
        <width>5</width>
      </LineStyle>
      <PolyStyle>
        <color>8000ff00</color>
      </PolyStyle>
    </Style>
    <Style id="InUse_Contingent">
      <LineStyle>
        <color>ff0000ff</color>
        <width>5</width>
      </LineStyle>
      <PolyStyle>
        <color>8000ff00</color>
      </PolyStyle>
    </Style>
    <Folder>
      <name>Nominal planning: conflict with higher priority</name>
      <Folder>
        <name>Attempt to plan flight in conflict</name>
        <Folder>
          <name>Plan Flight 2</name>
          <Folder>
            <name>E3: uss1 astm.f3548.v21.dss.queryOperationalIntentReferences</name>
            <Placemark>
              <name>area_of_interest</name>
              <styleUrl>#QueryArea</styleUrl>
              <description><![CDATA[(no operational intent references found)]]></description>
              <TimeSpan>
                <begin>2025-10-10T19:36:35.133304+00:00</begin>
                <end>2025-10-10T20:21:36.133304+00:00</end>
              </TimeSpan>
              <MultiGeometry>
                <Polygon>
                  <altitudeMode>absolute</altitudeMode>
                  <outerBoundaryIs>
                    <LinearRing>
                      <coordinates>7.477199999999999,46.97455,555.2514433597552 7.477199999999999,46.975300000000004,555.2514433597552 7.477600000000001,46.975300000000004,555.2514433597552 7.477600000000001,46.97455,555.2514433597552</coordinates>
                    </LinearRing>
                  </outerBoundaryIs>
                </Polygon>
                <Polygon>
                  <altitudeMode>absolute</altitudeMode>
                  <outerBoundaryIs>
                    <LinearRing>
                      <coordinates>7.477199999999999,46.97455,584.3214433597552 7.477199999999999,46.975300000000004,584.3214433597552 7.477600000000001,46.975300000000004,584.3214433597552 7.477600000000001,46.97455,584.3214433597552</coordinates>
                    </LinearRing>
                  </outerBoundaryIs>
                </Polygon>
                <Polygon>
                  <altitudeMode>absolute</altitudeMode>
                  <outerBoundaryIs>
                    <LinearRing>
                      <coordinates>7.477199999999999,46.97455,555.2514433597552 7.477199999999999,46.97455,584.3214433597552 7.477199999999999,46.975300000000004,584.3214433597552 7.477199999999999,46.975300000000004,555.2514433597552</coordinates>
                    </LinearRing>
                  </outerBoundaryIs>
                </Polygon>
                <Polygon>
                  <altitudeMode>absolute</altitudeMode>
                  <outerBoundaryIs>
                    <LinearRing>
                      <coordinates>7.477199999999999,46.975300000000004,555.2514433597552 7.477199999999999,46.975300000000004,584.3214433597552 7.477600000000001,46.975300000000004,584.3214433597552 7.477600000000001,46.975300000000004,555.2514433597552</coordinates>
                    </LinearRing>
                  </outerBoundaryIs>
                </Polygon>
                <Polygon>
                  <altitudeMode>absolute</altitudeMode>
                  <outerBoundaryIs>
                    <LinearRing>
                      <coordinates>7.477600000000001,46.975300000000004,555.2514433597552 7.477600000000001,46.975300000000004,584.3214433597552 7.477600000000001,46.97455,584.3214433597552 7.477600000000001,46.97455,555.2514433597552</coordinates>
                    </LinearRing>
                  </outerBoundaryIs>
                </Polygon>
                <Polygon>
                  <altitudeMode>absolute</altitudeMode>
                  <outerBoundaryIs>
                    <LinearRing>
                      <coordinates>7.477600000000001,46.97455,555.2514433597552 7.477600000000001,46.97455,584.3214433597552 7.477199999999999,46.97455,584.3214433597552 7.477199999999999,46.97455,555.2514433597552</coordinates>
                    </LinearRing>
                  </outerBoundaryIs>
                </Polygon>
              </MultiGeometry>
            </Placemark>
          </Folder>
          <Folder>
            <name>E5: uss1 interuss.automated_testing.flight_planning.v1.UpsertFlightPlan</name>
            <Folder>
              <name>Activity Completed, flight Planned</name>
              <Placemark>
                <name>Volume 0</name>
                <styleUrl>#Planned_Nominal</styleUrl>
                <TimeSpan>
                  <begin>2025-10-10T19:36:35.133304+00:00</begin>
                  <end>2025-10-10T20:21:36.133304+00:00</end>
                </TimeSpan>
                <MultiGeometry>
                  <Polygon>
                    <altitudeMode>absolute</altitudeMode>
                    <outerBoundaryIs>
                      <LinearRing>
                        <coordinates>7.4772,46.975,555.25147227108 7.4774,46.97455,555.25147227108 7.477600000000001,46.97495,555.25147227108 7.4774,46.975300000000004,555.25147227108</coordinates>
                      </LinearRing>
                    </outerBoundaryIs>
                  </Polygon>
                  <Polygon>
                    <altitudeMode>absolute</altitudeMode>
                    <outerBoundaryIs>
                      <LinearRing>
                        <coordinates>7.4772,46.975,584.3214722710801 7.4774,46.97455,584.3214722710801 7.477600000000001,46.97495,584.3214722710801 7.4774,46.975300000000004,584.3214722710801</coordinates>
                      </LinearRing>
                    </outerBoundaryIs>
                  </Polygon>
                  <Polygon>
                    <altitudeMode>absolute</altitudeMode>
                    <outerBoundaryIs>
                      <LinearRing>
                        <coordinates>7.4772,46.975,555.25147227108 7.4772,46.975,584.3214722710801 7.4774,46.97455,584.3214722710801 7.4774,46.97455,555.25147227108</coordinates>
                      </LinearRing>
                    </outerBoundaryIs>
                  </Polygon>
                  <Polygon>
                    <altitudeMode>absolute</altitudeMode>
                    <outerBoundaryIs>
                      <LinearRing>
                        <coordinates>7.4774,46.97455,555.25147227108 7.4774,46.97455,584.3214722710801 7.477600000000001,46.97495,584.3214722710801 7.477600000000001,46.97495,555.25147227108</coordinates>
                      </LinearRing>
                    </outerBoundaryIs>
                  </Polygon>
                  <Polygon>
                    <altitudeMode>absolute</altitudeMode>
                    <outerBoundaryIs>
                      <LinearRing>
                        <coordinates>7.477600000000001,46.97495,555.25147227108 7.477600000000001,46.97495,584.3214722710801 7.4774,46.975300000000004,584.3214722710801 7.4774,46.975300000000004,555.25147227108</coordinates>
                      </LinearRing>
                    </outerBoundaryIs>
                  </Polygon>
                  <Polygon>
                    <altitudeMode>absolute</altitudeMode>
                    <outerBoundaryIs>
                      <LinearRing>
                        <coordinates>7.4774,46.975300000000004,555.25147227108 7.4774,46.975300000000004,584.3214722710801 7.4772,46.975,584.3214722710801 7.4772,46.975,555.25147227108</coordinates>
                      </LinearRing>
                    </outerBoundaryIs>
                  </Polygon>
                </MultiGeometry>
              </Placemark>
            </Folder>
          </Folder>
          <Folder>
            <name>E8: uss1 astm.f3548.v21.dss.queryOperationalIntentReferences</name>
            <Placemark>
              <name>area_of_interest</name>
              <styleUrl>#QueryArea</styleUrl>
              <description><![CDATA[<ul><li>uss1's Accepted bb6cf30c-6af0-43db-bfb8-1826224d2049[1]</li></ul>]]></description>
              <TimeSpan>
                <begin>2025-10-10T19:36:35.133304+00:00</begin>
                <end>2025-10-10T20:21:36.133304+00:00</end>
              </TimeSpan>
              <MultiGeometry>
                <Polygon>
                  <altitudeMode>absolute</altitudeMode>
                  <outerBoundaryIs>
                    <LinearRing>
                      <coordinates>7.477199999999999,46.97455,555.2514433597552 7.477199999999999,46.975300000000004,555.2514433597552 7.477600000000001,46.975300000000004,555.2514433597552 7.477600000000001,46.97455,555.2514433597552</coordinates>
                    </LinearRing>
                  </outerBoundaryIs>
                </Polygon>
                <Polygon>
                  <altitudeMode>absolute</altitudeMode>
                  <outerBoundaryIs>
                    <LinearRing>
                      <coordinates>7.477199999999999,46.97455,584.3214433597552 7.477199999999999,46.975300000000004,584.3214433597552 7.477600000000001,46.975300000000004,584.3214433597552 7.477600000000001,46.97455,584.3214433597552</coordinates>
                    </LinearRing>
                  </outerBoundaryIs>
                </Polygon>
                <Polygon>
                  <altitudeMode>absolute</altitudeMode>
                  <outerBoundaryIs>
                    <LinearRing>
                      <coordinates>7.477199999999999,46.97455,555.2514433597552 7.477199999999999,46.97455,584.3214433597552 7.477199999999999,46.975300000000004,584.3214433597552 7.477199999999999,46.975300000000004,555.2514433597552</coordinates>
                    </LinearRing>
                  </outerBoundaryIs>
                </Polygon>
                <Polygon>
                  <altitudeMode>absolute</altitudeMode>
                  <outerBoundaryIs>
                    <LinearRing>
                      <coordinates>7.477199999999999,46.975300000000004,555.2514433597552 7.477199999999999,46.975300000000004,584.3214433597552 7.477600000000001,46.975300000000004,584.3214433597552 7.477600000000001,46.975300000000004,555.2514433597552</coordinates>
                    </LinearRing>
                  </outerBoundaryIs>
                </Polygon>
                <Polygon>
                  <altitudeMode>absolute</altitudeMode>
                  <outerBoundaryIs>
                    <LinearRing>
                      <coordinates>7.477600000000001,46.975300000000004,555.2514433597552 7.477600000000001,46.975300000000004,584.3214433597552 7.477600000000001,46.97455,584.3214433597552 7.477600000000001,46.97455,555.2514433597552</coordinates>
                    </LinearRing>
                  </outerBoundaryIs>
                </Polygon>
                <Polygon>
                  <altitudeMode>absolute</altitudeMode>
                  <outerBoundaryIs>
                    <LinearRing>
                      <coordinates>7.477600000000001,46.97455,555.2514433597552 7.477600000000001,46.97455,584.3214433597552 7.477199999999999,46.97455,584.3214433597552 7.477199999999999,46.97455,555.2514433597552</coordinates>
                    </LinearRing>
                  </outerBoundaryIs>
                </Polygon>
              </MultiGeometry>
            </Placemark>
          </Folder>
          <Folder>
            <name>E12: uss1 astm.f3548.v21.uss.getOperationalIntentDetails</name>
            <Folder>
              <name>uss1's P100 Accepted bb6cf30c-6af0-43db-bfb8-1826224d2049[1] @ c95.GcdLVxY7VMcDu.68UFWBPY9ZSdw31CL7KwA1y6A_</name>
              <Placemark>
                <name>Nominal volume 0</name>
                <styleUrl>#F3548v21Accepted</styleUrl>
                <TimeSpan>
                  <begin>2025-10-10T19:36:35.133304+00:00</begin>
                  <end>2025-10-10T20:21:36.133304+00:00</end>
                </TimeSpan>
                <MultiGeometry>
                  <Polygon>
                    <altitudeMode>absolute</altitudeMode>
                    <outerBoundaryIs>
                      <LinearRing>
                        <coordinates>7.4772,46.975,555.25147227108 7.4774,46.97455,555.25147227108 7.477600000000001,46.97495,555.25147227108 7.4774,46.975300000000004,555.25147227108</coordinates>
                      </LinearRing>
                    </outerBoundaryIs>
                  </Polygon>
                  <Polygon>
                    <altitudeMode>absolute</altitudeMode>
                    <outerBoundaryIs>
                      <LinearRing>
                        <coordinates>7.4772,46.975,584.3214722710801 7.4774,46.97455,584.3214722710801 7.477600000000001,46.97495,584.3214722710801 7.4774,46.975300000000004,584.3214722710801</coordinates>
                      </LinearRing>
                    </outerBoundaryIs>
                  </Polygon>
                  <Polygon>
                    <altitudeMode>absolute</altitudeMode>
                    <outerBoundaryIs>
                      <LinearRing>
                        <coordinates>7.4772,46.975,555.25147227108 7.4772,46.975,584.3214722710801 7.4774,46.97455,584.3214722710801 7.4774,46.97455,555.25147227108</coordinates>
                      </LinearRing>
                    </outerBoundaryIs>
                  </Polygon>
                  <Polygon>
                    <altitudeMode>absolute</altitudeMode>
                    <outerBoundaryIs>
                      <LinearRing>
                        <coordinates>7.4774,46.97455,555.25147227108 7.4774,46.97455,584.3214722710801 7.477600000000001,46.97495,584.3214722710801 7.477600000000001,46.97495,555.25147227108</coordinates>
                      </LinearRing>
                    </outerBoundaryIs>
                  </Polygon>
                  <Polygon>
                    <altitudeMode>absolute</altitudeMode>
                    <outerBoundaryIs>
                      <LinearRing>
                        <coordinates>7.477600000000001,46.97495,555.25147227108 7.477600000000001,46.97495,584.3214722710801 7.4774,46.975300000000004,584.3214722710801 7.4774,46.975300000000004,555.25147227108</coordinates>
                      </LinearRing>
                    </outerBoundaryIs>
                  </Polygon>
                  <Polygon>
                    <altitudeMode>absolute</altitudeMode>
                    <outerBoundaryIs>
                      <LinearRing>
                        <coordinates>7.4774,46.975300000000004,555.25147227108 7.4774,46.975300000000004,584.3214722710801 7.4772,46.975,584.3214722710801 7.4772,46.975,555.25147227108</coordinates>
                      </LinearRing>
                    </outerBoundaryIs>
                  </Polygon>
                </MultiGeometry>
              </Placemark>
            </Folder>
          </Folder>
        </Folder>
        <Folder>
          <name>Attempt to plan Flight 1</name>
          <Folder>
            <name>E18: uss1 astm.f3548.v21.dss.queryOperationalIntentReferences</name>
            <Placemark>
              <name>area_of_interest</name>
              <styleUrl>#QueryArea</styleUrl>
              <description><![CDATA[<ul><li>uss1's Accepted bb6cf30c-6af0-43db-bfb8-1826224d2049[1]</li></ul>]]></description>
              <TimeSpan>
                <begin>2025-10-10T19:36:35.232895+00:00</begin>
                <end>2025-10-10T20:21:36.232895+00:00</end>
              </TimeSpan>
              <MultiGeometry>
                <Polygon>
                  <altitudeMode>absolute</altitudeMode>
                  <outerBoundaryIs>
                    <LinearRing>
                      <coordinates>7.4772500000000015,46.97455,556.3313893166907 7.4772500000000015,46.974900000000005,556.3313893166907 7.477950000000001,46.974900000000005,556.3313893166907 7.477950000000001,46.97455,556.3313893166907</coordinates>
                    </LinearRing>
                  </outerBoundaryIs>
                </Polygon>
                <Polygon>
                  <altitudeMode>absolute</altitudeMode>
                  <outerBoundaryIs>
                    <LinearRing>
                      <coordinates>7.4772500000000015,46.97455,586.3213893166907 7.4772500000000015,46.974900000000005,586.3213893166907 7.477950000000001,46.974900000000005,586.3213893166907 7.477950000000001,46.97455,586.3213893166907</coordinates>
                    </LinearRing>
                  </outerBoundaryIs>
                </Polygon>
                <Polygon>
                  <altitudeMode>absolute</altitudeMode>
                  <outerBoundaryIs>
                    <LinearRing>
                      <coordinates>7.4772500000000015,46.97455,556.3313893166907 7.4772500000000015,46.97455,586.3213893166907 7.4772500000000015,46.974900000000005,586.3213893166907 7.4772500000000015,46.974900000000005,556.3313893166907</coordinates>
                    </LinearRing>
                  </outerBoundaryIs>
                </Polygon>
                <Polygon>
                  <altitudeMode>absolute</altitudeMode>
                  <outerBoundaryIs>
                    <LinearRing>
                      <coordinates>7.4772500000000015,46.974900000000005,556.3313893166907 7.4772500000000015,46.974900000000005,586.3213893166907 7.477950000000001,46.974900000000005,586.3213893166907 7.477950000000001,46.974900000000005,556.3313893166907</coordinates>
                    </LinearRing>
                  </outerBoundaryIs>
                </Polygon>
                <Polygon>
                  <altitudeMode>absolute</altitudeMode>
                  <outerBoundaryIs>
                    <LinearRing>
                      <coordinates>7.477950000000001,46.974900000000005,556.3313893166907 7.477950000000001,46.974900000000005,586.3213893166907 7.477950000000001,46.97455,586.3213893166907 7.477950000000001,46.97455,556.3313893166907</coordinates>
                    </LinearRing>
                  </outerBoundaryIs>
                </Polygon>
                <Polygon>
                  <altitudeMode>absolute</altitudeMode>
                  <outerBoundaryIs>
                    <LinearRing>
                      <coordinates>7.477950000000001,46.97455,556.3313893166907 7.477950000000001,46.97455,586.3213893166907 7.4772500000000015,46.97455,586.3213893166907 7.4772500000000015,46.97455,556.3313893166907</coordinates>
                    </LinearRing>
                  </outerBoundaryIs>
                </Polygon>
              </MultiGeometry>
            </Placemark>
          </Folder>
          <Folder>
            <name>E23: uss1 astm.f3548.v21.dss.queryOperationalIntentReferences</name>
            <Placemark>
              <name>area_of_interest</name>
              <styleUrl>#QueryArea</styleUrl>
              <description><![CDATA[<ul><li>uss1's Accepted bb6cf30c-6af0-43db-bfb8-1826224d2049[1]</li></ul>]]></description>
              <TimeSpan>
                <begin>2025-10-10T19:36:35.232895+00:00</begin>
                <end>2025-10-10T20:21:36.232895+00:00</end>
              </TimeSpan>
              <MultiGeometry>
                <Polygon>
                  <altitudeMode>absolute</altitudeMode>
                  <outerBoundaryIs>
                    <LinearRing>
                      <coordinates>7.4772500000000015,46.97455,556.3313893166907 7.4772500000000015,46.974900000000005,556.3313893166907 7.477950000000001,46.974900000000005,556.3313893166907 7.477950000000001,46.97455,556.3313893166907</coordinates>
                    </LinearRing>
                  </outerBoundaryIs>
                </Polygon>
                <Polygon>
                  <altitudeMode>absolute</altitudeMode>
                  <outerBoundaryIs>
                    <LinearRing>
                      <coordinates>7.4772500000000015,46.97455,586.3213893166907 7.4772500000000015,46.974900000000005,586.3213893166907 7.477950000000001,46.974900000000005,586.3213893166907 7.477950000000001,46.97455,586.3213893166907</coordinates>
                    </LinearRing>
                  </outerBoundaryIs>
                </Polygon>
                <Polygon>
                  <altitudeMode>absolute</altitudeMode>
                  <outerBoundaryIs>
                    <LinearRing>
                      <coordinates>7.4772500000000015,46.97455,556.3313893166907 7.4772500000000015,46.97455,586.3213893166907 7.4772500000000015,46.974900000000005,586.3213893166907 7.4772500000000015,46.974900000000005,556.3313893166907</coordinates>
                    </LinearRing>
                  </outerBoundaryIs>
                </Polygon>
                <Polygon>
                  <altitudeMode>absolute</altitudeMode>
                  <outerBoundaryIs>
                    <LinearRing>
                      <coordinates>7.4772500000000015,46.974900000000005,556.3313893166907 7.4772500000000015,46.974900000000005,586.3213893166907 7.477950000000001,46.974900000000005,586.3213893166907 7.477950000000001,46.974900000000005,556.3313893166907</coordinates>
                    </LinearRing>
                  </outerBoundaryIs>
                </Polygon>
                <Polygon>
                  <altitudeMode>absolute</altitudeMode>
                  <outerBoundaryIs>
                    <LinearRing>
                      <coordinates>7.477950000000001,46.974900000000005,556.3313893166907 7.477950000000001,46.974900000000005,586.3213893166907 7.477950000000001,46.97455,586.3213893166907 7.477950000000001,46.97455,556.3313893166907</coordinates>
                    </LinearRing>
                  </outerBoundaryIs>
                </Polygon>
                <Polygon>
                  <altitudeMode>absolute</altitudeMode>
                  <outerBoundaryIs>
                    <LinearRing>
                      <coordinates>7.477950000000001,46.97455,556.3313893166907 7.477950000000001,46.97455,586.3213893166907 7.4772500000000015,46.97455,586.3213893166907 7.4772500000000015,46.97455,556.3313893166907</coordinates>
                    </LinearRing>
                  </outerBoundaryIs>
                </Polygon>
              </MultiGeometry>
            </Placemark>
          </Folder>
        </Folder>
        <Folder>
          <name>Delete Flight 2</name>
        </Folder>
      </Folder>
      <Folder>
        <name>Attempt to modify planned flight in conflict</name>
        <Folder>
          <name>Plan Flight 1</name>
          <Folder>
            <name>E28: uss1 astm.f3548.v21.dss.queryOperationalIntentReferences</name>
            <Placemark>
              <name>area_of_interest</name>
              <styleUrl>#QueryArea</styleUrl>
              <description><![CDATA[(no operational intent references found)]]></description>
              <TimeSpan>
                <begin>2025-10-10T19:36:35.313139+00:00</begin>
                <end>2025-10-10T20:21:36.313139+00:00</end>
              </TimeSpan>
              <MultiGeometry>
                <Polygon>
                  <altitudeMode>absolute</altitudeMode>
                  <outerBoundaryIs>
                    <LinearRing>
                      <coordinates>7.4772500000000015,46.97455,556.3313893166907 7.4772500000000015,46.974900000000005,556.3313893166907 7.477950000000001,46.974900000000005,556.3313893166907 7.477950000000001,46.97455,556.3313893166907</coordinates>
                    </LinearRing>
                  </outerBoundaryIs>
                </Polygon>
                <Polygon>
                  <altitudeMode>absolute</altitudeMode>
                  <outerBoundaryIs>
                    <LinearRing>
                      <coordinates>7.4772500000000015,46.97455,586.3213893166907 7.4772500000000015,46.974900000000005,586.3213893166907 7.477950000000001,46.974900000000005,586.3213893166907 7.477950000000001,46.97455,586.3213893166907</coordinates>
                    </LinearRing>
                  </outerBoundaryIs>
                </Polygon>
                <Polygon>
                  <altitudeMode>absolute</altitudeMode>
                  <outerBoundaryIs>
                    <LinearRing>
                      <coordinates>7.4772500000000015,46.97455,556.3313893166907 7.4772500000000015,46.97455,586.3213893166907 7.4772500000000015,46.974900000000005,586.3213893166907 7.4772500000000015,46.974900000000005,556.3313893166907</coordinates>
                    </LinearRing>
                  </outerBoundaryIs>
                </Polygon>
                <Polygon>
                  <altitudeMode>absolute</altitudeMode>
                  <outerBoundaryIs>
                    <LinearRing>
                      <coordinates>7.4772500000000015,46.974900000000005,556.3313893166907 7.4772500000000015,46.974900000000005,586.3213893166907 7.477950000000001,46.974900000000005,586.3213893166907 7.477950000000001,46.974900000000005,556.3313893166907</coordinates>
                    </LinearRing>
                  </outerBoundaryIs>
                </Polygon>
                <Polygon>
                  <altitudeMode>absolute</altitudeMode>
                  <outerBoundaryIs>
                    <LinearRing>
                      <coordinates>7.477950000000001,46.974900000000005,556.3313893166907 7.477950000000001,46.974900000000005,586.3213893166907 7.477950000000001,46.97455,586.3213893166907 7.477950000000001,46.97455,556.3313893166907</coordinates>
                    </LinearRing>
                  </outerBoundaryIs>
                </Polygon>
                <Polygon>
                  <altitudeMode>absolute</altitudeMode>
                  <outerBoundaryIs>
                    <LinearRing>
                      <coordinates>7.477950000000001,46.97455,556.3313893166907 7.477950000000001,46.97455,586.3213893166907 7.4772500000000015,46.97455,586.3213893166907 7.4772500000000015,46.97455,556.3313893166907</coordinates>
                    </LinearRing>
                  </outerBoundaryIs>
                </Polygon>
              </MultiGeometry>
            </Placemark>
          </Folder>
          <Folder>
            <name>E33: uss1 astm.f3548.v21.dss.queryOperationalIntentReferences</name>
            <Placemark>
              <name>area_of_interest</name>
              <styleUrl>#QueryArea</styleUrl>
              <description><![CDATA[<ul><li>uss2's Accepted 6613bcf8-ed15-4a2b-9196-56dc6208e869[1]</li></ul>]]></description>
              <TimeSpan>
                <begin>2025-10-10T19:36:35.313139+00:00</begin>
                <end>2025-10-10T20:21:36.313139+00:00</end>
              </TimeSpan>
              <MultiGeometry>
                <Polygon>
                  <altitudeMode>absolute</altitudeMode>
                  <outerBoundaryIs>
                    <LinearRing>
                      <coordinates>7.4772500000000015,46.97455,556.3313893166907 7.4772500000000015,46.974900000000005,556.3313893166907 7.477950000000001,46.974900000000005,556.3313893166907 7.477950000000001,46.97455,556.3313893166907</coordinates>
                    </LinearRing>
                  </outerBoundaryIs>
                </Polygon>
                <Polygon>
                  <altitudeMode>absolute</altitudeMode>
                  <outerBoundaryIs>
                    <LinearRing>
                      <coordinates>7.4772500000000015,46.97455,586.3213893166907 7.4772500000000015,46.974900000000005,586.3213893166907 7.477950000000001,46.974900000000005,586.3213893166907 7.477950000000001,46.97455,586.3213893166907</coordinates>
                    </LinearRing>
                  </outerBoundaryIs>
                </Polygon>
                <Polygon>
                  <altitudeMode>absolute</altitudeMode>
                  <outerBoundaryIs>
                    <LinearRing>
                      <coordinates>7.4772500000000015,46.97455,556.3313893166907 7.4772500000000015,46.97455,586.3213893166907 7.4772500000000015,46.974900000000005,586.3213893166907 7.4772500000000015,46.974900000000005,556.3313893166907</coordinates>
                    </LinearRing>
                  </outerBoundaryIs>
                </Polygon>
                <Polygon>
                  <altitudeMode>absolute</altitudeMode>
                  <outerBoundaryIs>
                    <LinearRing>
                      <coordinates>7.4772500000000015,46.974900000000005,556.3313893166907 7.4772500000000015,46.974900000000005,586.3213893166907 7.477950000000001,46.974900000000005,586.3213893166907 7.477950000000001,46.974900000000005,556.3313893166907</coordinates>
                    </LinearRing>
                  </outerBoundaryIs>
                </Polygon>
                <Polygon>
                  <altitudeMode>absolute</altitudeMode>
                  <outerBoundaryIs>
                    <LinearRing>
                      <coordinates>7.477950000000001,46.974900000000005,556.3313893166907 7.477950000000001,46.974900000000005,586.3213893166907 7.477950000000001,46.97455,586.3213893166907 7.477950000000001,46.97455,556.3313893166907</coordinates>
                    </LinearRing>
                  </outerBoundaryIs>
                </Polygon>
                <Polygon>
                  <altitudeMode>absolute</altitudeMode>
                  <outerBoundaryIs>
                    <LinearRing>
                      <coordinates>7.477950000000001,46.97455,556.3313893166907 7.477950000000001,46.97455,586.3213893166907 7.4772500000000015,46.97455,586.3213893166907 7.4772500000000015,46.97455,556.3313893166907</coordinates>
                    </LinearRing>
                  </outerBoundaryIs>
                </Polygon>
              </MultiGeometry>
            </Placemark>
          </Folder>
          <Folder>
            <name>E37: uss2 astm.f3548.v21.uss.getOperationalIntentDetails</name>
            <Folder>
              <name>uss2's P0 Accepted 6613bcf8-ed15-4a2b-9196-56dc6208e869[1] @ 6Xcy9urDnVWfKCkta9ysFLGiJ3vZGNxkwRDGg6a3wF0_</name>
              <Placemark>
                <name>Nominal volume 0</name>
                <styleUrl>#F3548v21Accepted</styleUrl>
                <TimeSpan>
                  <begin>2025-10-10T19:36:35.313139+00:00</begin>
                  <end>2025-10-10T20:21:36.313139+00:00</end>
                </TimeSpan>
                <MultiGeometry>
                  <Polygon>
                    <altitudeMode>absolute</altitudeMode>
                    <outerBoundaryIs>
                      <LinearRing>
                        <coordinates>7.477250000000001,46.9746,556.3313927174643 7.477250000000001,46.974900000000005,556.3313927174643 7.4779,46.974900000000005,556.3313927174643 7.47795,46.97455,556.3313927174643</coordinates>
                      </LinearRing>
                    </outerBoundaryIs>
                  </Polygon>
                  <Polygon>
                    <altitudeMode>absolute</altitudeMode>
                    <outerBoundaryIs>
                      <LinearRing>
                        <coordinates>7.477250000000001,46.9746,586.3213927174643 7.477250000000001,46.974900000000005,586.3213927174643 7.4779,46.974900000000005,586.3213927174643 7.47795,46.97455,586.3213927174643</coordinates>
                      </LinearRing>
                    </outerBoundaryIs>
                  </Polygon>
                  <Polygon>
                    <altitudeMode>absolute</altitudeMode>
                    <outerBoundaryIs>
                      <LinearRing>
                        <coordinates>7.477250000000001,46.9746,556.3313927174643 7.477250000000001,46.9746,586.3213927174643 7.477250000000001,46.974900000000005,586.3213927174643 7.477250000000001,46.974900000000005,556.3313927174643</coordinates>
                      </LinearRing>
                    </outerBoundaryIs>
                  </Polygon>
                  <Polygon>
                    <altitudeMode>absolute</altitudeMode>
                    <outerBoundaryIs>
                      <LinearRing>
                        <coordinates>7.477250000000001,46.974900000000005,556.3313927174643 7.477250000000001,46.974900000000005,586.3213927174643 7.4779,46.974900000000005,586.3213927174643 7.4779,46.974900000000005,556.3313927174643</coordinates>
                      </LinearRing>
                    </outerBoundaryIs>
                  </Polygon>
                  <Polygon>
                    <altitudeMode>absolute</altitudeMode>
                    <outerBoundaryIs>
                      <LinearRing>
                        <coordinates>7.4779,46.974900000000005,556.3313927174643 7.4779,46.974900000000005,586.3213927174643 7.47795,46.97455,586.3213927174643 7.47795,46.97455,556.3313927174643</coordinates>
                      </LinearRing>
                    </outerBoundaryIs>
                  </Polygon>
                  <Polygon>
                    <altitudeMode>absolute</altitudeMode>
                    <outerBoundaryIs>
                      <LinearRing>
                        <coordinates>7.47795,46.97455,556.3313927174643 7.47795,46.97455,586.3213927174643 7.477250000000001,46.9746,586.3213927174643 7.477250000000001,46.9746,556.3313927174643</coordinates>
                      </LinearRing>
                    </outerBoundaryIs>
                  </Polygon>
                </MultiGeometry>
              </Placemark>
            </Folder>
          </Folder>
        </Folder>
        <Folder>
          <name>Plan Flight 2</name>
          <Folder>
            <name>E47: uss1 astm.f3548.v21.dss.queryOperationalIntentReferences</name>
            <Placemark>
              <name>area_of_interest</name>
              <styleUrl>#QueryArea</styleUrl>
              <description><![CDATA[<ul><li>uss2's Accepted 6613bcf8-ed15-4a2b-9196-56dc6208e869[1]</li></ul>]]></description>
              <TimeSpan>
                <begin>2025-10-10T19:36:35.411532+00:00</begin>
                <end>2025-10-10T20:21:36.411532+00:00</end>
              </TimeSpan>
              <MultiGeometry>
                <Polygon>
                  <altitudeMode>absolute</altitudeMode>
                  <outerBoundaryIs>
                    <LinearRing>
                      <coordinates>7.477199999999999,46.97455,555.2514433597552 7.477199999999999,46.975300000000004,555.2514433597552 7.477600000000001,46.975300000000004,555.2514433597552 7.477600000000001,46.97455,555.2514433597552</coordinates>
                    </LinearRing>
                  </outerBoundaryIs>
                </Polygon>
                <Polygon>
                  <altitudeMode>absolute</altitudeMode>
                  <outerBoundaryIs>
                    <LinearRing>
                      <coordinates>7.477199999999999,46.97455,584.3214433597552 7.477199999999999,46.975300000000004,584.3214433597552 7.477600000000001,46.975300000000004,584.3214433597552 7.477600000000001,46.97455,584.3214433597552</coordinates>
                    </LinearRing>
                  </outerBoundaryIs>
                </Polygon>
                <Polygon>
                  <altitudeMode>absolute</altitudeMode>
                  <outerBoundaryIs>
                    <LinearRing>
                      <coordinates>7.477199999999999,46.97455,555.2514433597552 7.477199999999999,46.97455,584.3214433597552 7.477199999999999,46.975300000000004,584.3214433597552 7.477199999999999,46.975300000000004,555.2514433597552</coordinates>
                    </LinearRing>
                  </outerBoundaryIs>
                </Polygon>
                <Polygon>
                  <altitudeMode>absolute</altitudeMode>
                  <outerBoundaryIs>
                    <LinearRing>
                      <coordinates>7.477199999999999,46.975300000000004,555.2514433597552 7.477199999999999,46.975300000000004,584.3214433597552 7.477600000000001,46.975300000000004,584.3214433597552 7.477600000000001,46.975300000000004,555.2514433597552</coordinates>
                    </LinearRing>
                  </outerBoundaryIs>
                </Polygon>
                <Polygon>
                  <altitudeMode>absolute</altitudeMode>
                  <outerBoundaryIs>
                    <LinearRing>
                      <coordinates>7.477600000000001,46.975300000000004,555.2514433597552 7.477600000000001,46.975300000000004,584.3214433597552 7.477600000000001,46.97455,584.3214433597552 7.477600000000001,46.97455,555.2514433597552</coordinates>
                    </LinearRing>
                  </outerBoundaryIs>
                </Polygon>
                <Polygon>
                  <altitudeMode>absolute</altitudeMode>
                  <outerBoundaryIs>
                    <LinearRing>
                      <coordinates>7.477600000000001,46.97455,555.2514433597552 7.477600000000001,46.97455,584.3214433597552 7.477199999999999,46.97455,584.3214433597552 7.477199999999999,46.97455,555.2514433597552</coordinates>
                    </LinearRing>
                  </outerBoundaryIs>
                </Polygon>
              </MultiGeometry>
            </Placemark>
          </Folder>
          <Folder>
            <name>E49: uss1 interuss.automated_testing.flight_planning.v1.UpsertFlightPlan</name>
            <Folder>
              <name>Activity Completed, flight Planned</name>
              <Placemark>
                <name>Volume 0</name>
                <styleUrl>#Planned_Nominal</styleUrl>
                <TimeSpan>
                  <begin>2025-10-10T19:36:35.411532+00:00</begin>
                  <end>2025-10-10T20:21:36.411532+00:00</end>
                </TimeSpan>
                <MultiGeometry>
                  <Polygon>
                    <altitudeMode>absolute</altitudeMode>
                    <outerBoundaryIs>
                      <LinearRing>
                        <coordinates>7.4772,46.975,555.25147227108 7.4774,46.97455,555.25147227108 7.477600000000001,46.97495,555.25147227108 7.4774,46.975300000000004,555.25147227108</coordinates>
                      </LinearRing>
                    </outerBoundaryIs>
                  </Polygon>
                  <Polygon>
                    <altitudeMode>absolute</altitudeMode>
                    <outerBoundaryIs>
                      <LinearRing>
                        <coordinates>7.4772,46.975,584.3214722710801 7.4774,46.97455,584.3214722710801 7.477600000000001,46.97495,584.3214722710801 7.4774,46.975300000000004,584.3214722710801</coordinates>
                      </LinearRing>
                    </outerBoundaryIs>
                  </Polygon>
                  <Polygon>
                    <altitudeMode>absolute</altitudeMode>
                    <outerBoundaryIs>
                      <LinearRing>
                        <coordinates>7.4772,46.975,555.25147227108 7.4772,46.975,584.3214722710801 7.4774,46.97455,584.3214722710801 7.4774,46.97455,555.25147227108</coordinates>
                      </LinearRing>
                    </outerBoundaryIs>
                  </Polygon>
                  <Polygon>
                    <altitudeMode>absolute</altitudeMode>
                    <outerBoundaryIs>
                      <LinearRing>
                        <coordinates>7.4774,46.97455,555.25147227108 7.4774,46.97455,584.3214722710801 7.477600000000001,46.97495,584.3214722710801 7.477600000000001,46.97495,555.25147227108</coordinates>
                      </LinearRing>
                    </outerBoundaryIs>
                  </Polygon>
                  <Polygon>
                    <altitudeMode>absolute</altitudeMode>
                    <outerBoundaryIs>
                      <LinearRing>
                        <coordinates>7.477600000000001,46.97495,555.25147227108 7.477600000000001,46.97495,584.3214722710801 7.4774,46.975300000000004,584.3214722710801 7.4774,46.975300000000004,555.25147227108</coordinates>
                      </LinearRing>
                    </outerBoundaryIs>
                  </Polygon>
                  <Polygon>
                    <altitudeMode>absolute</altitudeMode>
                    <outerBoundaryIs>
                      <LinearRing>
                        <coordinates>7.4774,46.975300000000004,555.25147227108 7.4774,46.975300000000004,584.3214722710801 7.4772,46.975,584.3214722710801 7.4772,46.975,555.25147227108</coordinates>
                      </LinearRing>
                    </outerBoundaryIs>
                  </Polygon>
                </MultiGeometry>
              </Placemark>
            </Folder>
          </Folder>
          <Folder>
            <name>E52: uss1 astm.f3548.v21.dss.queryOperationalIntentReferences</name>
            <Placemark>
              <name>area_of_interest</name>
              <styleUrl>#QueryArea</styleUrl>
              <description><![CDATA[<ul><li>uss2's Accepted 6613bcf8-ed15-4a2b-9196-56dc6208e869[1]</li><li>uss1's Accepted d24da6d1-ae4a-4383-a12f-47ee935d4b68[1]</li></ul>]]></description>
              <TimeSpan>
                <begin>2025-10-10T19:36:35.411532+00:00</begin>
                <end>2025-10-10T20:21:36.411532+00:00</end>
              </TimeSpan>
              <MultiGeometry>
                <Polygon>
                  <altitudeMode>absolute</altitudeMode>
                  <outerBoundaryIs>
                    <LinearRing>
                      <coordinates>7.477199999999999,46.97455,555.2514433597552 7.477199999999999,46.975300000000004,555.2514433597552 7.477600000000001,46.975300000000004,555.2514433597552 7.477600000000001,46.97455,555.2514433597552</coordinates>
                    </LinearRing>
                  </outerBoundaryIs>
                </Polygon>
                <Polygon>
                  <altitudeMode>absolute</altitudeMode>
                  <outerBoundaryIs>
                    <LinearRing>
                      <coordinates>7.477199999999999,46.97455,584.3214433597552 7.477199999999999,46.975300000000004,584.3214433597552 7.477600000000001,46.975300000000004,584.3214433597552 7.477600000000001,46.97455,584.3214433597552</coordinates>
                    </LinearRing>
                  </outerBoundaryIs>
                </Polygon>
                <Polygon>
                  <altitudeMode>absolute</altitudeMode>
                  <outerBoundaryIs>
                    <LinearRing>
                      <coordinates>7.477199999999999,46.97455,555.2514433597552 7.477199999999999,46.97455,584.3214433597552 7.477199999999999,46.975300000000004,584.3214433597552 7.477199999999999,46.975300000000004,555.2514433597552</coordinates>
                    </LinearRing>
                  </outerBoundaryIs>
                </Polygon>
                <Polygon>
                  <altitudeMode>absolute</altitudeMode>
                  <outerBoundaryIs>
                    <LinearRing>
                      <coordinates>7.477199999999999,46.975300000000004,555.2514433597552 7.477199999999999,46.975300000000004,584.3214433597552 7.477600000000001,46.975300000000004,584.3214433597552 7.477600000000001,46.975300000000004,555.2514433597552</coordinates>
                    </LinearRing>
                  </outerBoundaryIs>
                </Polygon>
                <Polygon>
                  <altitudeMode>absolute</altitudeMode>
                  <outerBoundaryIs>
                    <LinearRing>
                      <coordinates>7.477600000000001,46.975300000000004,555.2514433597552 7.477600000000001,46.975300000000004,584.3214433597552 7.477600000000001,46.97455,584.3214433597552 7.477600000000001,46.97455,555.2514433597552</coordinates>
                    </LinearRing>
                  </outerBoundaryIs>
                </Polygon>
                <Polygon>
                  <altitudeMode>absolute</altitudeMode>
                  <outerBoundaryIs>
                    <LinearRing>
                      <coordinates>7.477600000000001,46.97455,555.2514433597552 7.477600000000001,46.97455,584.3214433597552 7.477199999999999,46.97455,584.3214433597552 7.477199999999999,46.97455,555.2514433597552</coordinates>
                    </LinearRing>
                  </outerBoundaryIs>
                </Polygon>
              </MultiGeometry>
            </Placemark>
          </Folder>
          <Folder>
            <name>E56: uss1 astm.f3548.v21.uss.getOperationalIntentDetails</name>
            <Folder>
              <name>uss1's P100 Accepted d24da6d1-ae4a-4383-a12f-47ee935d4b68[1] @ Tj793BT-iDH.camk2QeZVnW47JBMSOCm5auNKSxVfmQ_</name>
              <Placemark>
                <name>Nominal volume 0</name>
                <styleUrl>#F3548v21Accepted</styleUrl>
                <TimeSpan>
                  <begin>2025-10-10T19:36:35.411532+00:00</begin>
                  <end>2025-10-10T20:21:36.411532+00:00</end>
                </TimeSpan>
                <MultiGeometry>
                  <Polygon>
                    <altitudeMode>absolute</altitudeMode>
                    <outerBoundaryIs>
                      <LinearRing>
                        <coordinates>7.4772,46.975,555.25147227108 7.4774,46.97455,555.25147227108 7.477600000000001,46.97495,555.25147227108 7.4774,46.975300000000004,555.25147227108</coordinates>
                      </LinearRing>
                    </outerBoundaryIs>
                  </Polygon>
                  <Polygon>
                    <altitudeMode>absolute</altitudeMode>
                    <outerBoundaryIs>
                      <LinearRing>
                        <coordinates>7.4772,46.975,584.3214722710801 7.4774,46.97455,584.3214722710801 7.477600000000001,46.97495,584.3214722710801 7.4774,46.975300000000004,584.3214722710801</coordinates>
                      </LinearRing>
                    </outerBoundaryIs>
                  </Polygon>
                  <Polygon>
                    <altitudeMode>absolute</altitudeMode>
                    <outerBoundaryIs>
                      <LinearRing>
                        <coordinates>7.4772,46.975,555.25147227108 7.4772,46.975,584.3214722710801 7.4774,46.97455,584.3214722710801 7.4774,46.97455,555.25147227108</coordinates>
                      </LinearRing>
                    </outerBoundaryIs>
                  </Polygon>
                  <Polygon>
                    <altitudeMode>absolute</altitudeMode>
                    <outerBoundaryIs>
                      <LinearRing>
                        <coordinates>7.4774,46.97455,555.25147227108 7.4774,46.97455,584.3214722710801 7.477600000000001,46.97495,584.3214722710801 7.477600000000001,46.97495,555.25147227108</coordinates>
                      </LinearRing>
                    </outerBoundaryIs>
                  </Polygon>
                  <Polygon>
                    <altitudeMode>absolute</altitudeMode>
                    <outerBoundaryIs>
                      <LinearRing>
                        <coordinates>7.477600000000001,46.97495,555.25147227108 7.477600000000001,46.97495,584.3214722710801 7.4774,46.975300000000004,584.3214722710801 7.4774,46.975300000000004,555.25147227108</coordinates>
                      </LinearRing>
                    </outerBoundaryIs>
                  </Polygon>
                  <Polygon>
                    <altitudeMode>absolute</altitudeMode>
                    <outerBoundaryIs>
                      <LinearRing>
                        <coordinates>7.4774,46.975300000000004,555.25147227108 7.4774,46.975300000000004,584.3214722710801 7.4772,46.975,584.3214722710801 7.4772,46.975,555.25147227108</coordinates>
                      </LinearRing>
                    </outerBoundaryIs>
                  </Polygon>
                </MultiGeometry>
              </Placemark>
            </Folder>
          </Folder>
        </Folder>
        <Folder>
          <name>Check for conflict notifications</name>
        </Folder>
        <Folder>
          <name>Attempt to modify planned Flight 1 in conflict</name>
          <Folder>
            <name>E66: uss1 astm.f3548.v21.dss.queryOperationalIntentReferences</name>
            <Placemark>
              <name>area_of_interest</name>
              <styleUrl>#QueryArea</styleUrl>
              <description><![CDATA[<ul><li>uss2's Accepted 6613bcf8-ed15-4a2b-9196-56dc6208e869[1]</li><li>uss1's Accepted d24da6d1-ae4a-4383-a12f-47ee935d4b68[1]</li></ul>]]></description>
              <TimeSpan>
                <begin>2025-10-10T19:36:35.313139+00:00</begin>
                <end>2025-10-10T20:21:36.557239+00:00</end>
              </TimeSpan>
              <MultiGeometry>
                <Polygon>
                  <altitudeMode>absolute</altitudeMode>
                  <outerBoundaryIs>
                    <LinearRing>
                      <coordinates>7.4772500000000015,46.97455,526.2913893166907 7.4772500000000015,46.974900000000005,526.2913893166907 7.477950000000001,46.974900000000005,526.2913893166907 7.477950000000001,46.97455,526.2913893166907</coordinates>
                    </LinearRing>
                  </outerBoundaryIs>
                </Polygon>
                <Polygon>
                  <altitudeMode>absolute</altitudeMode>
                  <outerBoundaryIs>
                    <LinearRing>
                      <coordinates>7.4772500000000015,46.97455,586.3213893166907 7.4772500000000015,46.974900000000005,586.3213893166907 7.477950000000001,46.974900000000005,586.3213893166907 7.477950000000001,46.97455,586.3213893166907</coordinates>
                    </LinearRing>
                  </outerBoundaryIs>
                </Polygon>
                <Polygon>
                  <altitudeMode>absolute</altitudeMode>
                  <outerBoundaryIs>
                    <LinearRing>
                      <coordinates>7.4772500000000015,46.97455,526.2913893166907 7.4772500000000015,46.97455,586.3213893166907 7.4772500000000015,46.974900000000005,586.3213893166907 7.4772500000000015,46.974900000000005,526.2913893166907</coordinates>
                    </LinearRing>
                  </outerBoundaryIs>
                </Polygon>
                <Polygon>
                  <altitudeMode>absolute</altitudeMode>
                  <outerBoundaryIs>
                    <LinearRing>
                      <coordinates>7.4772500000000015,46.974900000000005,526.2913893166907 7.4772500000000015,46.974900000000005,586.3213893166907 7.477950000000001,46.974900000000005,586.3213893166907 7.477950000000001,46.974900000000005,526.2913893166907</coordinates>
                    </LinearRing>
                  </outerBoundaryIs>
                </Polygon>
                <Polygon>
                  <altitudeMode>absolute</altitudeMode>
                  <outerBoundaryIs>
                    <LinearRing>
                      <coordinates>7.477950000000001,46.974900000000005,526.2913893166907 7.477950000000001,46.974900000000005,586.3213893166907 7.477950000000001,46.97455,586.3213893166907 7.477950000000001,46.97455,526.2913893166907</coordinates>
                    </LinearRing>
                  </outerBoundaryIs>
                </Polygon>
                <Polygon>
                  <altitudeMode>absolute</altitudeMode>
                  <outerBoundaryIs>
                    <LinearRing>
                      <coordinates>7.477950000000001,46.97455,526.2913893166907 7.477950000000001,46.97455,586.3213893166907 7.4772500000000015,46.97455,586.3213893166907 7.4772500000000015,46.97455,526.2913893166907</coordinates>
                    </LinearRing>
                  </outerBoundaryIs>
                </Polygon>
              </MultiGeometry>
            </Placemark>
          </Folder>
          <Folder>
            <name>E71: uss1 astm.f3548.v21.dss.queryOperationalIntentReferences</name>
            <Placemark>
              <name>area_of_interest</name>
              <styleUrl>#QueryArea</styleUrl>
              <description><![CDATA[<ul><li>uss2's Accepted 6613bcf8-ed15-4a2b-9196-56dc6208e869[1]</li><li>uss1's Accepted d24da6d1-ae4a-4383-a12f-47ee935d4b68[1]</li></ul>]]></description>
              <TimeSpan>
                <begin>2025-10-10T19:36:35.313139+00:00</begin>
                <end>2025-10-10T20:21:36.557239+00:00</end>
              </TimeSpan>
              <MultiGeometry>
                <Polygon>
                  <altitudeMode>absolute</altitudeMode>
                  <outerBoundaryIs>
                    <LinearRing>
                      <coordinates>7.4772500000000015,46.97455,526.2913893166907 7.4772500000000015,46.974900000000005,526.2913893166907 7.477950000000001,46.974900000000005,526.2913893166907 7.477950000000001,46.97455,526.2913893166907</coordinates>
                    </LinearRing>
                  </outerBoundaryIs>
                </Polygon>
                <Polygon>
                  <altitudeMode>absolute</altitudeMode>
                  <outerBoundaryIs>
                    <LinearRing>
                      <coordinates>7.4772500000000015,46.97455,586.3213893166907 7.4772500000000015,46.974900000000005,586.3213893166907 7.477950000000001,46.974900000000005,586.3213893166907 7.477950000000001,46.97455,586.3213893166907</coordinates>
                    </LinearRing>
                  </outerBoundaryIs>
                </Polygon>
                <Polygon>
                  <altitudeMode>absolute</altitudeMode>
                  <outerBoundaryIs>
                    <LinearRing>
                      <coordinates>7.4772500000000015,46.97455,526.2913893166907 7.4772500000000015,46.97455,586.3213893166907 7.4772500000000015,46.974900000000005,586.3213893166907 7.4772500000000015,46.974900000000005,526.2913893166907</coordinates>
                    </LinearRing>
                  </outerBoundaryIs>
                </Polygon>
                <Polygon>
                  <altitudeMode>absolute</altitudeMode>
                  <outerBoundaryIs>
                    <LinearRing>
                      <coordinates>7.4772500000000015,46.974900000000005,526.2913893166907 7.4772500000000015,46.974900000000005,586.3213893166907 7.477950000000001,46.974900000000005,586.3213893166907 7.477950000000001,46.974900000000005,526.2913893166907</coordinates>
                    </LinearRing>
                  </outerBoundaryIs>
                </Polygon>
                <Polygon>
                  <altitudeMode>absolute</altitudeMode>
                  <outerBoundaryIs>
                    <LinearRing>
                      <coordinates>7.477950000000001,46.974900000000005,526.2913893166907 7.477950000000001,46.974900000000005,586.3213893166907 7.477950000000001,46.97455,586.3213893166907 7.477950000000001,46.97455,526.2913893166907</coordinates>
                    </LinearRing>
                  </outerBoundaryIs>
                </Polygon>
                <Polygon>
                  <altitudeMode>absolute</altitudeMode>
                  <outerBoundaryIs>
                    <LinearRing>
                      <coordinates>7.477950000000001,46.97455,526.2913893166907 7.477950000000001,46.97455,586.3213893166907 7.4772500000000015,46.97455,586.3213893166907 7.4772500000000015,46.97455,526.2913893166907</coordinates>
                    </LinearRing>
                  </outerBoundaryIs>
                </Polygon>
              </MultiGeometry>
            </Placemark>
          </Folder>
          <Folder>
            <name>E75: uss2 astm.f3548.v21.uss.getOperationalIntentDetails</name>
            <Folder>
              <name>uss2's P0 Accepted 6613bcf8-ed15-4a2b-9196-56dc6208e869[1] @ 6Xcy9urDnVWfKCkta9ysFLGiJ3vZGNxkwRDGg6a3wF0_</name>
              <Placemark>
                <name>Nominal volume 0</name>
                <styleUrl>#F3548v21Accepted</styleUrl>
                <TimeSpan>
                  <begin>2025-10-10T19:36:35.313139+00:00</begin>
                  <end>2025-10-10T20:21:36.313139+00:00</end>
                </TimeSpan>
                <MultiGeometry>
                  <Polygon>
                    <altitudeMode>absolute</altitudeMode>
                    <outerBoundaryIs>
                      <LinearRing>
                        <coordinates>7.477250000000001,46.9746,556.3313927174643 7.477250000000001,46.974900000000005,556.3313927174643 7.4779,46.974900000000005,556.3313927174643 7.47795,46.97455,556.3313927174643</coordinates>
                      </LinearRing>
                    </outerBoundaryIs>
                  </Polygon>
                  <Polygon>
                    <altitudeMode>absolute</altitudeMode>
                    <outerBoundaryIs>
                      <LinearRing>
                        <coordinates>7.477250000000001,46.9746,586.3213927174643 7.477250000000001,46.974900000000005,586.3213927174643 7.4779,46.974900000000005,586.3213927174643 7.47795,46.97455,586.3213927174643</coordinates>
                      </LinearRing>
                    </outerBoundaryIs>
                  </Polygon>
                  <Polygon>
                    <altitudeMode>absolute</altitudeMode>
                    <outerBoundaryIs>
                      <LinearRing>
                        <coordinates>7.477250000000001,46.9746,556.3313927174643 7.477250000000001,46.9746,586.3213927174643 7.477250000000001,46.974900000000005,586.3213927174643 7.477250000000001,46.974900000000005,556.3313927174643</coordinates>
                      </LinearRing>
                    </outerBoundaryIs>
                  </Polygon>
                  <Polygon>
                    <altitudeMode>absolute</altitudeMode>
                    <outerBoundaryIs>
                      <LinearRing>
                        <coordinates>7.477250000000001,46.974900000000005,556.3313927174643 7.477250000000001,46.974900000000005,586.3213927174643 7.4779,46.974900000000005,586.3213927174643 7.4779,46.974900000000005,556.3313927174643</coordinates>
                      </LinearRing>
                    </outerBoundaryIs>
                  </Polygon>
                  <Polygon>
                    <altitudeMode>absolute</altitudeMode>
                    <outerBoundaryIs>
                      <LinearRing>
                        <coordinates>7.4779,46.974900000000005,556.3313927174643 7.4779,46.974900000000005,586.3213927174643 7.47795,46.97455,586.3213927174643 7.47795,46.97455,556.3313927174643</coordinates>
                      </LinearRing>
                    </outerBoundaryIs>
                  </Polygon>
                  <Polygon>
                    <altitudeMode>absolute</altitudeMode>
                    <outerBoundaryIs>
                      <LinearRing>
                        <coordinates>7.47795,46.97455,556.3313927174643 7.47795,46.97455,586.3213927174643 7.477250000000001,46.9746,586.3213927174643 7.477250000000001,46.9746,556.3313927174643</coordinates>
                      </LinearRing>
                    </outerBoundaryIs>
                  </Polygon>
                </MultiGeometry>
              </Placemark>
            </Folder>
          </Folder>
        </Folder>
      </Folder>
      <Folder>
        <name>Attempt to activate flight in conflict</name>
        <Folder>
          <name>Attempt to activate conflicting Flight 1</name>
          <Folder>
            <name>E81: uss1 astm.f3548.v21.dss.queryOperationalIntentReferences</name>
            <Placemark>
              <name>area_of_interest</name>
              <styleUrl>#QueryArea</styleUrl>
              <description><![CDATA[<ul><li>uss2's Accepted 6613bcf8-ed15-4a2b-9196-56dc6208e869[1]</li><li>uss1's Accepted d24da6d1-ae4a-4383-a12f-47ee935d4b68[1]</li></ul>]]></description>
              <TimeSpan>
                <begin>2025-10-10T19:36:35.313139+00:00</begin>
                <end>2025-10-10T20:21:36.647712+00:00</end>
              </TimeSpan>
              <MultiGeometry>
                <Polygon>
                  <altitudeMode>absolute</altitudeMode>
                  <outerBoundaryIs>
                    <LinearRing>
                      <coordinates>7.4772500000000015,46.97455,556.3313893166907 7.4772500000000015,46.974900000000005,556.3313893166907 7.477950000000001,46.974900000000005,556.3313893166907 7.477950000000001,46.97455,556.3313893166907</coordinates>
                    </LinearRing>
                  </outerBoundaryIs>
                </Polygon>
                <Polygon>
                  <altitudeMode>absolute</altitudeMode>
                  <outerBoundaryIs>
                    <LinearRing>
                      <coordinates>7.4772500000000015,46.97455,586.3213893166907 7.4772500000000015,46.974900000000005,586.3213893166907 7.477950000000001,46.974900000000005,586.3213893166907 7.477950000000001,46.97455,586.3213893166907</coordinates>
                    </LinearRing>
                  </outerBoundaryIs>
                </Polygon>
                <Polygon>
                  <altitudeMode>absolute</altitudeMode>
                  <outerBoundaryIs>
                    <LinearRing>
                      <coordinates>7.4772500000000015,46.97455,556.3313893166907 7.4772500000000015,46.97455,586.3213893166907 7.4772500000000015,46.974900000000005,586.3213893166907 7.4772500000000015,46.974900000000005,556.3313893166907</coordinates>
                    </LinearRing>
                  </outerBoundaryIs>
                </Polygon>
                <Polygon>
                  <altitudeMode>absolute</altitudeMode>
                  <outerBoundaryIs>
                    <LinearRing>
                      <coordinates>7.4772500000000015,46.974900000000005,556.3313893166907 7.4772500000000015,46.974900000000005,586.3213893166907 7.477950000000001,46.974900000000005,586.3213893166907 7.477950000000001,46.974900000000005,556.3313893166907</coordinates>
                    </LinearRing>
                  </outerBoundaryIs>
                </Polygon>
                <Polygon>
                  <altitudeMode>absolute</altitudeMode>
                  <outerBoundaryIs>
                    <LinearRing>
                      <coordinates>7.477950000000001,46.974900000000005,556.3313893166907 7.477950000000001,46.974900000000005,586.3213893166907 7.477950000000001,46.97455,586.3213893166907 7.477950000000001,46.97455,556.3313893166907</coordinates>
                    </LinearRing>
                  </outerBoundaryIs>
                </Polygon>
                <Polygon>
                  <altitudeMode>absolute</altitudeMode>
                  <outerBoundaryIs>
                    <LinearRing>
                      <coordinates>7.477950000000001,46.97455,556.3313893166907 7.477950000000001,46.97455,586.3213893166907 7.4772500000000015,46.97455,586.3213893166907 7.4772500000000015,46.97455,556.3313893166907</coordinates>
                    </LinearRing>
                  </outerBoundaryIs>
                </Polygon>
              </MultiGeometry>
            </Placemark>
          </Folder>
          <Folder>
            <name>E86: uss1 astm.f3548.v21.dss.queryOperationalIntentReferences</name>
            <Placemark>
              <name>area_of_interest</name>
              <styleUrl>#QueryArea</styleUrl>
              <description><![CDATA[<ul><li>uss2's Accepted 6613bcf8-ed15-4a2b-9196-56dc6208e869[1]</li><li>uss1's Accepted d24da6d1-ae4a-4383-a12f-47ee935d4b68[1]</li></ul>]]></description>
              <TimeSpan>
                <begin>2025-10-10T19:36:35.313139+00:00</begin>
                <end>2025-10-10T20:21:36.647712+00:00</end>
              </TimeSpan>
              <MultiGeometry>
                <Polygon>
                  <altitudeMode>absolute</altitudeMode>
                  <outerBoundaryIs>
                    <LinearRing>
                      <coordinates>7.4772500000000015,46.97455,556.3313893166907 7.4772500000000015,46.974900000000005,556.3313893166907 7.477950000000001,46.974900000000005,556.3313893166907 7.477950000000001,46.97455,556.3313893166907</coordinates>
                    </LinearRing>
                  </outerBoundaryIs>
                </Polygon>
                <Polygon>
                  <altitudeMode>absolute</altitudeMode>
                  <outerBoundaryIs>
                    <LinearRing>
                      <coordinates>7.4772500000000015,46.97455,586.3213893166907 7.4772500000000015,46.974900000000005,586.3213893166907 7.477950000000001,46.974900000000005,586.3213893166907 7.477950000000001,46.97455,586.3213893166907</coordinates>
                    </LinearRing>
                  </outerBoundaryIs>
                </Polygon>
                <Polygon>
                  <altitudeMode>absolute</altitudeMode>
                  <outerBoundaryIs>
                    <LinearRing>
                      <coordinates>7.4772500000000015,46.97455,556.3313893166907 7.4772500000000015,46.97455,586.3213893166907 7.4772500000000015,46.974900000000005,586.3213893166907 7.4772500000000015,46.974900000000005,556.3313893166907</coordinates>
                    </LinearRing>
                  </outerBoundaryIs>
                </Polygon>
                <Polygon>
                  <altitudeMode>absolute</altitudeMode>
                  <outerBoundaryIs>
                    <LinearRing>
                      <coordinates>7.4772500000000015,46.974900000000005,556.3313893166907 7.4772500000000015,46.974900000000005,586.3213893166907 7.477950000000001,46.974900000000005,586.3213893166907 7.477950000000001,46.974900000000005,556.3313893166907</coordinates>
                    </LinearRing>
                  </outerBoundaryIs>
                </Polygon>
                <Polygon>
                  <altitudeMode>absolute</altitudeMode>
                  <outerBoundaryIs>
                    <LinearRing>
                      <coordinates>7.477950000000001,46.974900000000005,556.3313893166907 7.477950000000001,46.974900000000005,586.3213893166907 7.477950000000001,46.97455,586.3213893166907 7.477950000000001,46.97455,556.3313893166907</coordinates>
                    </LinearRing>
                  </outerBoundaryIs>
                </Polygon>
                <Polygon>
                  <altitudeMode>absolute</altitudeMode>
                  <outerBoundaryIs>
                    <LinearRing>
                      <coordinates>7.477950000000001,46.97455,556.3313893166907 7.477950000000001,46.97455,586.3213893166907 7.4772500000000015,46.97455,586.3213893166907 7.4772500000000015,46.97455,556.3313893166907</coordinates>
                    </LinearRing>
                  </outerBoundaryIs>
                </Polygon>
              </MultiGeometry>
            </Placemark>
          </Folder>
          <Folder>
            <name>E90: uss2 astm.f3548.v21.uss.getOperationalIntentDetails</name>
            <Folder>
              <name>uss2's P0 Accepted 6613bcf8-ed15-4a2b-9196-56dc6208e869[1] @ 6Xcy9urDnVWfKCkta9ysFLGiJ3vZGNxkwRDGg6a3wF0_</name>
              <Placemark>
                <name>Nominal volume 0</name>
                <styleUrl>#F3548v21Accepted</styleUrl>
                <TimeSpan>
                  <begin>2025-10-10T19:36:35.313139+00:00</begin>
                  <end>2025-10-10T20:21:36.313139+00:00</end>
                </TimeSpan>
                <MultiGeometry>
                  <Polygon>
                    <altitudeMode>absolute</altitudeMode>
                    <outerBoundaryIs>
                      <LinearRing>
                        <coordinates>7.477250000000001,46.9746,556.3313927174643 7.477250000000001,46.974900000000005,556.3313927174643 7.4779,46.974900000000005,556.3313927174643 7.47795,46.97455,556.3313927174643</coordinates>
                      </LinearRing>
                    </outerBoundaryIs>
                  </Polygon>
                  <Polygon>
                    <altitudeMode>absolute</altitudeMode>
                    <outerBoundaryIs>
                      <LinearRing>
                        <coordinates>7.477250000000001,46.9746,586.3213927174643 7.477250000000001,46.974900000000005,586.3213927174643 7.4779,46.974900000000005,586.3213927174643 7.47795,46.97455,586.3213927174643</coordinates>
                      </LinearRing>
                    </outerBoundaryIs>
                  </Polygon>
                  <Polygon>
                    <altitudeMode>absolute</altitudeMode>
                    <outerBoundaryIs>
                      <LinearRing>
                        <coordinates>7.477250000000001,46.9746,556.3313927174643 7.477250000000001,46.9746,586.3213927174643 7.477250000000001,46.974900000000005,586.3213927174643 7.477250000000001,46.974900000000005,556.3313927174643</coordinates>
                      </LinearRing>
                    </outerBoundaryIs>
                  </Polygon>
                  <Polygon>
                    <altitudeMode>absolute</altitudeMode>
                    <outerBoundaryIs>
                      <LinearRing>
                        <coordinates>7.477250000000001,46.974900000000005,556.3313927174643 7.477250000000001,46.974900000000005,586.3213927174643 7.4779,46.974900000000005,586.3213927174643 7.4779,46.974900000000005,556.3313927174643</coordinates>
                      </LinearRing>
                    </outerBoundaryIs>
                  </Polygon>
                  <Polygon>
                    <altitudeMode>absolute</altitudeMode>
                    <outerBoundaryIs>
                      <LinearRing>
                        <coordinates>7.4779,46.974900000000005,556.3313927174643 7.4779,46.974900000000005,586.3213927174643 7.47795,46.97455,586.3213927174643 7.47795,46.97455,556.3313927174643</coordinates>
                      </LinearRing>
                    </outerBoundaryIs>
                  </Polygon>
                  <Polygon>
                    <altitudeMode>absolute</altitudeMode>
                    <outerBoundaryIs>
                      <LinearRing>
                        <coordinates>7.47795,46.97455,556.3313927174643 7.47795,46.97455,586.3213927174643 7.477250000000001,46.9746,586.3213927174643 7.477250000000001,46.9746,556.3313927174643</coordinates>
                      </LinearRing>
                    </outerBoundaryIs>
                  </Polygon>
                </MultiGeometry>
              </Placemark>
            </Folder>
          </Folder>
        </Folder>
      </Folder>
      <Folder>
        <name>Modify activated flight with pre-existing conflict</name>
        <Folder>
          <name>Delete Flight 2</name>
        </Folder>
        <Folder>
          <name>Activate Flight 1</name>
          <Folder>
            <name>E98: uss1 astm.f3548.v21.dss.queryOperationalIntentReferences</name>
            <Placemark>
              <name>area_of_interest</name>
              <styleUrl>#QueryArea</styleUrl>
              <description><![CDATA[<ul><li>uss2's Accepted 6613bcf8-ed15-4a2b-9196-56dc6208e869[1]</li></ul>]]></description>
              <TimeSpan>
                <begin>2025-10-10T19:36:35.769039+00:00</begin>
                <end>2025-10-10T20:21:36.769039+00:00</end>
              </TimeSpan>
              <MultiGeometry>
                <Polygon>
                  <altitudeMode>absolute</altitudeMode>
                  <outerBoundaryIs>
                    <LinearRing>
                      <coordinates>7.4772500000000015,46.97455,556.3413893166907 7.4772500000000015,46.974900000000005,556.3413893166907 7.477950000000001,46.974900000000005,556.3413893166907 7.477950000000001,46.97455,556.3413893166907</coordinates>
                    </LinearRing>
                  </outerBoundaryIs>
                </Polygon>
                <Polygon>
                  <altitudeMode>absolute</altitudeMode>
                  <outerBoundaryIs>
                    <LinearRing>
                      <coordinates>7.4772500000000015,46.97455,586.3213893166907 7.4772500000000015,46.974900000000005,586.3213893166907 7.477950000000001,46.974900000000005,586.3213893166907 7.477950000000001,46.97455,586.3213893166907</coordinates>
                    </LinearRing>
                  </outerBoundaryIs>
                </Polygon>
                <Polygon>
                  <altitudeMode>absolute</altitudeMode>
                  <outerBoundaryIs>
                    <LinearRing>
                      <coordinates>7.4772500000000015,46.97455,556.3413893166907 7.4772500000000015,46.97455,586.3213893166907 7.4772500000000015,46.974900000000005,586.3213893166907 7.4772500000000015,46.974900000000005,556.3413893166907</coordinates>
                    </LinearRing>
                  </outerBoundaryIs>
                </Polygon>
                <Polygon>
                  <altitudeMode>absolute</altitudeMode>
                  <outerBoundaryIs>
                    <LinearRing>
                      <coordinates>7.4772500000000015,46.974900000000005,556.3413893166907 7.4772500000000015,46.974900000000005,586.3213893166907 7.477950000000001,46.974900000000005,586.3213893166907 7.477950000000001,46.974900000000005,556.3413893166907</coordinates>
                    </LinearRing>
                  </outerBoundaryIs>
                </Polygon>
                <Polygon>
                  <altitudeMode>absolute</altitudeMode>
                  <outerBoundaryIs>
                    <LinearRing>
                      <coordinates>7.477950000000001,46.974900000000005,556.3413893166907 7.477950000000001,46.974900000000005,586.3213893166907 7.477950000000001,46.97455,586.3213893166907 7.477950000000001,46.97455,556.3413893166907</coordinates>
                    </LinearRing>
                  </outerBoundaryIs>
                </Polygon>
                <Polygon>
                  <altitudeMode>absolute</altitudeMode>
                  <outerBoundaryIs>
                    <LinearRing>
                      <coordinates>7.477950000000001,46.97455,556.3413893166907 7.477950000000001,46.97455,586.3213893166907 7.4772500000000015,46.97455,586.3213893166907 7.4772500000000015,46.97455,556.3413893166907</coordinates>
                    </LinearRing>
                  </outerBoundaryIs>
                </Polygon>
              </MultiGeometry>
            </Placemark>
          </Folder>
          <Folder>
            <name>E103: uss1 astm.f3548.v21.dss.queryOperationalIntentReferences</name>
            <Placemark>
              <name>area_of_interest</name>
              <styleUrl>#QueryArea</styleUrl>
              <description><![CDATA[<ul><li>uss2's Activated 6613bcf8-ed15-4a2b-9196-56dc6208e869[2]</li></ul>]]></description>
              <TimeSpan>
                <begin>2025-10-10T19:36:35.769039+00:00</begin>
                <end>2025-10-10T20:21:36.769039+00:00</end>
              </TimeSpan>
              <MultiGeometry>
                <Polygon>
                  <altitudeMode>absolute</altitudeMode>
                  <outerBoundaryIs>
                    <LinearRing>
                      <coordinates>7.4772500000000015,46.97455,556.3413893166907 7.4772500000000015,46.974900000000005,556.3413893166907 7.477950000000001,46.974900000000005,556.3413893166907 7.477950000000001,46.97455,556.3413893166907</coordinates>
                    </LinearRing>
                  </outerBoundaryIs>
                </Polygon>
                <Polygon>
                  <altitudeMode>absolute</altitudeMode>
                  <outerBoundaryIs>
                    <LinearRing>
                      <coordinates>7.4772500000000015,46.97455,586.3213893166907 7.4772500000000015,46.974900000000005,586.3213893166907 7.477950000000001,46.974900000000005,586.3213893166907 7.477950000000001,46.97455,586.3213893166907</coordinates>
                    </LinearRing>
                  </outerBoundaryIs>
                </Polygon>
                <Polygon>
                  <altitudeMode>absolute</altitudeMode>
                  <outerBoundaryIs>
                    <LinearRing>
                      <coordinates>7.4772500000000015,46.97455,556.3413893166907 7.4772500000000015,46.97455,586.3213893166907 7.4772500000000015,46.974900000000005,586.3213893166907 7.4772500000000015,46.974900000000005,556.3413893166907</coordinates>
                    </LinearRing>
                  </outerBoundaryIs>
                </Polygon>
                <Polygon>
                  <altitudeMode>absolute</altitudeMode>
                  <outerBoundaryIs>
                    <LinearRing>
                      <coordinates>7.4772500000000015,46.974900000000005,556.3413893166907 7.4772500000000015,46.974900000000005,586.3213893166907 7.477950000000001,46.974900000000005,586.3213893166907 7.477950000000001,46.974900000000005,556.3413893166907</coordinates>
                    </LinearRing>
                  </outerBoundaryIs>
                </Polygon>
                <Polygon>
                  <altitudeMode>absolute</altitudeMode>
                  <outerBoundaryIs>
                    <LinearRing>
                      <coordinates>7.477950000000001,46.974900000000005,556.3413893166907 7.477950000000001,46.974900000000005,586.3213893166907 7.477950000000001,46.97455,586.3213893166907 7.477950000000001,46.97455,556.3413893166907</coordinates>
                    </LinearRing>
                  </outerBoundaryIs>
                </Polygon>
                <Polygon>
                  <altitudeMode>absolute</altitudeMode>
                  <outerBoundaryIs>
                    <LinearRing>
                      <coordinates>7.477950000000001,46.97455,556.3413893166907 7.477950000000001,46.97455,586.3213893166907 7.4772500000000015,46.97455,586.3213893166907 7.4772500000000015,46.97455,556.3413893166907</coordinates>
                    </LinearRing>
                  </outerBoundaryIs>
                </Polygon>
              </MultiGeometry>
            </Placemark>
          </Folder>
          <Folder>
            <name>E108: uss2 astm.f3548.v21.uss.getOperationalIntentDetails</name>
            <Folder>
              <name>uss2's P0 Activated 6613bcf8-ed15-4a2b-9196-56dc6208e869[2] @ -ZuxKt8dCcNCK47KJDxNSDGJ7Tr-JSusmxkeWjr6CL4_</name>
              <Placemark>
                <name>Nominal volume 0</name>
                <styleUrl>#F3548v21Activated</styleUrl>
                <TimeSpan>
                  <begin>2025-10-10T19:36:35.769039+00:00</begin>
                  <end>2025-10-10T20:21:36.769039+00:00</end>
                </TimeSpan>
                <MultiGeometry>
                  <Polygon>
                    <altitudeMode>absolute</altitudeMode>
                    <outerBoundaryIs>
                      <LinearRing>
                        <coordinates>7.477250000000001,46.9746,556.3413927174643 7.477250000000001,46.974900000000005,556.3413927174643 7.4779,46.974900000000005,556.3413927174643 7.47795,46.97455,556.3413927174643</coordinates>
                      </LinearRing>
                    </outerBoundaryIs>
                  </Polygon>
                  <Polygon>
                    <altitudeMode>absolute</altitudeMode>
                    <outerBoundaryIs>
                      <LinearRing>
                        <coordinates>7.477250000000001,46.9746,586.3213927174643 7.477250000000001,46.974900000000005,586.3213927174643 7.4779,46.974900000000005,586.3213927174643 7.47795,46.97455,586.3213927174643</coordinates>
                      </LinearRing>
                    </outerBoundaryIs>
                  </Polygon>
                  <Polygon>
                    <altitudeMode>absolute</altitudeMode>
                    <outerBoundaryIs>
                      <LinearRing>
                        <coordinates>7.477250000000001,46.9746,556.3413927174643 7.477250000000001,46.9746,586.3213927174643 7.477250000000001,46.974900000000005,586.3213927174643 7.477250000000001,46.974900000000005,556.3413927174643</coordinates>
                      </LinearRing>
                    </outerBoundaryIs>
                  </Polygon>
                  <Polygon>
                    <altitudeMode>absolute</altitudeMode>
                    <outerBoundaryIs>
                      <LinearRing>
                        <coordinates>7.477250000000001,46.974900000000005,556.3413927174643 7.477250000000001,46.974900000000005,586.3213927174643 7.4779,46.974900000000005,586.3213927174643 7.4779,46.974900000000005,556.3413927174643</coordinates>
                      </LinearRing>
                    </outerBoundaryIs>
                  </Polygon>
                  <Polygon>
                    <altitudeMode>absolute</altitudeMode>
                    <outerBoundaryIs>
                      <LinearRing>
                        <coordinates>7.4779,46.974900000000005,556.3413927174643 7.4779,46.974900000000005,586.3213927174643 7.47795,46.97455,586.3213927174643 7.47795,46.97455,556.3413927174643</coordinates>
                      </LinearRing>
                    </outerBoundaryIs>
                  </Polygon>
                  <Polygon>
                    <altitudeMode>absolute</altitudeMode>
                    <outerBoundaryIs>
                      <LinearRing>
                        <coordinates>7.47795,46.97455,556.3413927174643 7.47795,46.97455,586.3213927174643 7.477250000000001,46.9746,586.3213927174643 7.477250000000001,46.9746,556.3413927174643</coordinates>
                      </LinearRing>
                    </outerBoundaryIs>
                  </Polygon>
                </MultiGeometry>
              </Placemark>
            </Folder>
          </Folder>
        </Folder>
        <Folder>
          <name>Plan Flight 2</name>
          <Folder>
            <name>E114: uss1 astm.f3548.v21.dss.queryOperationalIntentReferences</name>
            <Placemark>
              <name>area_of_interest</name>
              <styleUrl>#QueryArea</styleUrl>
              <description><![CDATA[<ul><li>uss2's Activated 6613bcf8-ed15-4a2b-9196-56dc6208e869[2]</li></ul>]]></description>
              <TimeSpan>
                <begin>2025-10-10T19:36:35.881800+00:00</begin>
                <end>2025-10-10T20:21:36.881800+00:00</end>
              </TimeSpan>
              <MultiGeometry>
                <Polygon>
                  <altitudeMode>absolute</altitudeMode>
                  <outerBoundaryIs>
                    <LinearRing>
                      <coordinates>7.477199999999999,46.97455,555.2514433597552 7.477199999999999,46.975300000000004,555.2514433597552 7.477600000000001,46.975300000000004,555.2514433597552 7.477600000000001,46.97455,555.2514433597552</coordinates>
                    </LinearRing>
                  </outerBoundaryIs>
                </Polygon>
                <Polygon>
                  <altitudeMode>absolute</altitudeMode>
                  <outerBoundaryIs>
                    <LinearRing>
                      <coordinates>7.477199999999999,46.97455,584.3214433597552 7.477199999999999,46.975300000000004,584.3214433597552 7.477600000000001,46.975300000000004,584.3214433597552 7.477600000000001,46.97455,584.3214433597552</coordinates>
                    </LinearRing>
                  </outerBoundaryIs>
                </Polygon>
                <Polygon>
                  <altitudeMode>absolute</altitudeMode>
                  <outerBoundaryIs>
                    <LinearRing>
                      <coordinates>7.477199999999999,46.97455,555.2514433597552 7.477199999999999,46.97455,584.3214433597552 7.477199999999999,46.975300000000004,584.3214433597552 7.477199999999999,46.975300000000004,555.2514433597552</coordinates>
                    </LinearRing>
                  </outerBoundaryIs>
                </Polygon>
                <Polygon>
                  <altitudeMode>absolute</altitudeMode>
                  <outerBoundaryIs>
                    <LinearRing>
                      <coordinates>7.477199999999999,46.975300000000004,555.2514433597552 7.477199999999999,46.975300000000004,584.3214433597552 7.477600000000001,46.975300000000004,584.3214433597552 7.477600000000001,46.975300000000004,555.2514433597552</coordinates>
                    </LinearRing>
                  </outerBoundaryIs>
                </Polygon>
                <Polygon>
                  <altitudeMode>absolute</altitudeMode>
                  <outerBoundaryIs>
                    <LinearRing>
                      <coordinates>7.477600000000001,46.975300000000004,555.2514433597552 7.477600000000001,46.975300000000004,584.3214433597552 7.477600000000001,46.97455,584.3214433597552 7.477600000000001,46.97455,555.2514433597552</coordinates>
                    </LinearRing>
                  </outerBoundaryIs>
                </Polygon>
                <Polygon>
                  <altitudeMode>absolute</altitudeMode>
                  <outerBoundaryIs>
                    <LinearRing>
                      <coordinates>7.477600000000001,46.97455,555.2514433597552 7.477600000000001,46.97455,584.3214433597552 7.477199999999999,46.97455,584.3214433597552 7.477199999999999,46.97455,555.2514433597552</coordinates>
                    </LinearRing>
                  </outerBoundaryIs>
                </Polygon>
              </MultiGeometry>
            </Placemark>
          </Folder>
          <Folder>
            <name>E116: uss1 interuss.automated_testing.flight_planning.v1.UpsertFlightPlan</name>
            <Folder>
              <name>Activity Completed, flight Planned</name>
              <Placemark>
                <name>Volume 0</name>
                <styleUrl>#Planned_Nominal</styleUrl>
                <TimeSpan>
                  <begin>2025-10-10T19:36:35.881800+00:00</begin>
                  <end>2025-10-10T20:21:36.881800+00:00</end>
                </TimeSpan>
                <MultiGeometry>
                  <Polygon>
                    <altitudeMode>absolute</altitudeMode>
                    <outerBoundaryIs>
                      <LinearRing>
                        <coordinates>7.4772,46.975,555.25147227108 7.4774,46.97455,555.25147227108 7.477600000000001,46.97495,555.25147227108 7.4774,46.975300000000004,555.25147227108</coordinates>
                      </LinearRing>
                    </outerBoundaryIs>
                  </Polygon>
                  <Polygon>
                    <altitudeMode>absolute</altitudeMode>
                    <outerBoundaryIs>
                      <LinearRing>
                        <coordinates>7.4772,46.975,584.3214722710801 7.4774,46.97455,584.3214722710801 7.477600000000001,46.97495,584.3214722710801 7.4774,46.975300000000004,584.3214722710801</coordinates>
                      </LinearRing>
                    </outerBoundaryIs>
                  </Polygon>
                  <Polygon>
                    <altitudeMode>absolute</altitudeMode>
                    <outerBoundaryIs>
                      <LinearRing>
                        <coordinates>7.4772,46.975,555.25147227108 7.4772,46.975,584.3214722710801 7.4774,46.97455,584.3214722710801 7.4774,46.97455,555.25147227108</coordinates>
                      </LinearRing>
                    </outerBoundaryIs>
                  </Polygon>
                  <Polygon>
                    <altitudeMode>absolute</altitudeMode>
                    <outerBoundaryIs>
                      <LinearRing>
                        <coordinates>7.4774,46.97455,555.25147227108 7.4774,46.97455,584.3214722710801 7.477600000000001,46.97495,584.3214722710801 7.477600000000001,46.97495,555.25147227108</coordinates>
                      </LinearRing>
                    </outerBoundaryIs>
                  </Polygon>
                  <Polygon>
                    <altitudeMode>absolute</altitudeMode>
                    <outerBoundaryIs>
                      <LinearRing>
                        <coordinates>7.477600000000001,46.97495,555.25147227108 7.477600000000001,46.97495,584.3214722710801 7.4774,46.975300000000004,584.3214722710801 7.4774,46.975300000000004,555.25147227108</coordinates>
                      </LinearRing>
                    </outerBoundaryIs>
                  </Polygon>
                  <Polygon>
                    <altitudeMode>absolute</altitudeMode>
                    <outerBoundaryIs>
                      <LinearRing>
                        <coordinates>7.4774,46.975300000000004,555.25147227108 7.4774,46.975300000000004,584.3214722710801 7.4772,46.975,584.3214722710801 7.4772,46.975,555.25147227108</coordinates>
                      </LinearRing>
                    </outerBoundaryIs>
                  </Polygon>
                </MultiGeometry>
              </Placemark>
            </Folder>
          </Folder>
          <Folder>
            <name>E119: uss1 astm.f3548.v21.dss.queryOperationalIntentReferences</name>
            <Placemark>
              <name>area_of_interest</name>
              <styleUrl>#QueryArea</styleUrl>
              <description><![CDATA[<ul><li>uss2's Activated 6613bcf8-ed15-4a2b-9196-56dc6208e869[2]</li><li>uss1's Accepted b7ec5873-1ab1-4908-ab16-c01e35383549[1]</li></ul>]]></description>
              <TimeSpan>
                <begin>2025-10-10T19:36:35.881800+00:00</begin>
                <end>2025-10-10T20:21:36.881800+00:00</end>
              </TimeSpan>
              <MultiGeometry>
                <Polygon>
                  <altitudeMode>absolute</altitudeMode>
                  <outerBoundaryIs>
                    <LinearRing>
                      <coordinates>7.477199999999999,46.97455,555.2514433597552 7.477199999999999,46.975300000000004,555.2514433597552 7.477600000000001,46.975300000000004,555.2514433597552 7.477600000000001,46.97455,555.2514433597552</coordinates>
                    </LinearRing>
                  </outerBoundaryIs>
                </Polygon>
                <Polygon>
                  <altitudeMode>absolute</altitudeMode>
                  <outerBoundaryIs>
                    <LinearRing>
                      <coordinates>7.477199999999999,46.97455,584.3214433597552 7.477199999999999,46.975300000000004,584.3214433597552 7.477600000000001,46.975300000000004,584.3214433597552 7.477600000000001,46.97455,584.3214433597552</coordinates>
                    </LinearRing>
                  </outerBoundaryIs>
                </Polygon>
                <Polygon>
                  <altitudeMode>absolute</altitudeMode>
                  <outerBoundaryIs>
                    <LinearRing>
                      <coordinates>7.477199999999999,46.97455,555.2514433597552 7.477199999999999,46.97455,584.3214433597552 7.477199999999999,46.975300000000004,584.3214433597552 7.477199999999999,46.975300000000004,555.2514433597552</coordinates>
                    </LinearRing>
                  </outerBoundaryIs>
                </Polygon>
                <Polygon>
                  <altitudeMode>absolute</altitudeMode>
                  <outerBoundaryIs>
                    <LinearRing>
                      <coordinates>7.477199999999999,46.975300000000004,555.2514433597552 7.477199999999999,46.975300000000004,584.3214433597552 7.477600000000001,46.975300000000004,584.3214433597552 7.477600000000001,46.975300000000004,555.2514433597552</coordinates>
                    </LinearRing>
                  </outerBoundaryIs>
                </Polygon>
                <Polygon>
                  <altitudeMode>absolute</altitudeMode>
                  <outerBoundaryIs>
                    <LinearRing>
                      <coordinates>7.477600000000001,46.975300000000004,555.2514433597552 7.477600000000001,46.975300000000004,584.3214433597552 7.477600000000001,46.97455,584.3214433597552 7.477600000000001,46.97455,555.2514433597552</coordinates>
                    </LinearRing>
                  </outerBoundaryIs>
                </Polygon>
                <Polygon>
                  <altitudeMode>absolute</altitudeMode>
                  <outerBoundaryIs>
                    <LinearRing>
                      <coordinates>7.477600000000001,46.97455,555.2514433597552 7.477600000000001,46.97455,584.3214433597552 7.477199999999999,46.97455,584.3214433597552 7.477199999999999,46.97455,555.2514433597552</coordinates>
                    </LinearRing>
                  </outerBoundaryIs>
                </Polygon>
              </MultiGeometry>
            </Placemark>
          </Folder>
          <Folder>
            <name>E123: uss1 astm.f3548.v21.uss.getOperationalIntentDetails</name>
            <Folder>
              <name>uss1's P100 Accepted b7ec5873-1ab1-4908-ab16-c01e35383549[1] @ .nCCjhTjCyT3N6HB-Jg-3hNr574IgNHQrXdGQrc9abI_</name>
              <Placemark>
                <name>Nominal volume 0</name>
                <styleUrl>#F3548v21Accepted</styleUrl>
                <TimeSpan>
                  <begin>2025-10-10T19:36:35.881800+00:00</begin>
                  <end>2025-10-10T20:21:36.881800+00:00</end>
                </TimeSpan>
                <MultiGeometry>
                  <Polygon>
                    <altitudeMode>absolute</altitudeMode>
                    <outerBoundaryIs>
                      <LinearRing>
                        <coordinates>7.4772,46.975,555.25147227108 7.4774,46.97455,555.25147227108 7.477600000000001,46.97495,555.25147227108 7.4774,46.975300000000004,555.25147227108</coordinates>
                      </LinearRing>
                    </outerBoundaryIs>
                  </Polygon>
                  <Polygon>
                    <altitudeMode>absolute</altitudeMode>
                    <outerBoundaryIs>
                      <LinearRing>
                        <coordinates>7.4772,46.975,584.3214722710801 7.4774,46.97455,584.3214722710801 7.477600000000001,46.97495,584.3214722710801 7.4774,46.975300000000004,584.3214722710801</coordinates>
                      </LinearRing>
                    </outerBoundaryIs>
                  </Polygon>
                  <Polygon>
                    <altitudeMode>absolute</altitudeMode>
                    <outerBoundaryIs>
                      <LinearRing>
                        <coordinates>7.4772,46.975,555.25147227108 7.4772,46.975,584.3214722710801 7.4774,46.97455,584.3214722710801 7.4774,46.97455,555.25147227108</coordinates>
                      </LinearRing>
                    </outerBoundaryIs>
                  </Polygon>
                  <Polygon>
                    <altitudeMode>absolute</altitudeMode>
                    <outerBoundaryIs>
                      <LinearRing>
                        <coordinates>7.4774,46.97455,555.25147227108 7.4774,46.97455,584.3214722710801 7.477600000000001,46.97495,584.3214722710801 7.477600000000001,46.97495,555.25147227108</coordinates>
                      </LinearRing>
                    </outerBoundaryIs>
                  </Polygon>
                  <Polygon>
                    <altitudeMode>absolute</altitudeMode>
                    <outerBoundaryIs>
                      <LinearRing>
                        <coordinates>7.477600000000001,46.97495,555.25147227108 7.477600000000001,46.97495,584.3214722710801 7.4774,46.975300000000004,584.3214722710801 7.4774,46.975300000000004,555.25147227108</coordinates>
                      </LinearRing>
                    </outerBoundaryIs>
                  </Polygon>
                  <Polygon>
                    <altitudeMode>absolute</altitudeMode>
                    <outerBoundaryIs>
                      <LinearRing>
                        <coordinates>7.4774,46.975300000000004,555.25147227108 7.4774,46.975300000000004,584.3214722710801 7.4772,46.975,584.3214722710801 7.4772,46.975,555.25147227108</coordinates>
                      </LinearRing>
                    </outerBoundaryIs>
                  </Polygon>
                </MultiGeometry>
              </Placemark>
            </Folder>
          </Folder>
        </Folder>
        <Folder>
          <name>Activate Flight 2</name>
          <Folder>
            <name>E133: uss1 astm.f3548.v21.dss.queryOperationalIntentReferences</name>
            <Placemark>
              <name>area_of_interest</name>
              <styleUrl>#QueryArea</styleUrl>
              <description><![CDATA[<ul><li>uss2's Activated 6613bcf8-ed15-4a2b-9196-56dc6208e869[2]</li><li>uss1's Accepted b7ec5873-1ab1-4908-ab16-c01e35383549[1]</li></ul>]]></description>
              <TimeSpan>
                <begin>2025-10-10T19:36:36.038408+00:00</begin>
                <end>2025-10-10T20:21:37.038408+00:00</end>
              </TimeSpan>
              <MultiGeometry>
                <Polygon>
                  <altitudeMode>absolute</altitudeMode>
                  <outerBoundaryIs>
                    <LinearRing>
                      <coordinates>7.477199999999999,46.97455,556.4014433597553 7.477199999999999,46.975300000000004,556.4014433597553 7.477600000000001,46.975300000000004,556.4014433597553 7.477600000000001,46.97455,556.4014433597553</coordinates>
                    </LinearRing>
                  </outerBoundaryIs>
                </Polygon>
                <Polygon>
                  <altitudeMode>absolute</altitudeMode>
                  <outerBoundaryIs>
                    <LinearRing>
                      <coordinates>7.477199999999999,46.97455,584.3214433597552 7.477199999999999,46.975300000000004,584.3214433597552 7.477600000000001,46.975300000000004,584.3214433597552 7.477600000000001,46.97455,584.3214433597552</coordinates>
                    </LinearRing>
                  </outerBoundaryIs>
                </Polygon>
                <Polygon>
                  <altitudeMode>absolute</altitudeMode>
                  <outerBoundaryIs>
                    <LinearRing>
                      <coordinates>7.477199999999999,46.97455,556.4014433597553 7.477199999999999,46.97455,584.3214433597552 7.477199999999999,46.975300000000004,584.3214433597552 7.477199999999999,46.975300000000004,556.4014433597553</coordinates>
                    </LinearRing>
                  </outerBoundaryIs>
                </Polygon>
                <Polygon>
                  <altitudeMode>absolute</altitudeMode>
                  <outerBoundaryIs>
                    <LinearRing>
                      <coordinates>7.477199999999999,46.975300000000004,556.4014433597553 7.477199999999999,46.975300000000004,584.3214433597552 7.477600000000001,46.975300000000004,584.3214433597552 7.477600000000001,46.975300000000004,556.4014433597553</coordinates>
                    </LinearRing>
                  </outerBoundaryIs>
                </Polygon>
                <Polygon>
                  <altitudeMode>absolute</altitudeMode>
                  <outerBoundaryIs>
                    <LinearRing>
                      <coordinates>7.477600000000001,46.975300000000004,556.4014433597553 7.477600000000001,46.975300000000004,584.3214433597552 7.477600000000001,46.97455,584.3214433597552 7.477600000000001,46.97455,556.4014433597553</coordinates>
                    </LinearRing>
                  </outerBoundaryIs>
                </Polygon>
                <Polygon>
                  <altitudeMode>absolute</altitudeMode>
                  <outerBoundaryIs>
                    <LinearRing>
                      <coordinates>7.477600000000001,46.97455,556.4014433597553 7.477600000000001,46.97455,584.3214433597552 7.477199999999999,46.97455,584.3214433597552 7.477199999999999,46.97455,556.4014433597553</coordinates>
                    </LinearRing>
                  </outerBoundaryIs>
                </Polygon>
              </MultiGeometry>
            </Placemark>
          </Folder>
          <Folder>
            <name>E135: uss1 interuss.automated_testing.flight_planning.v1.UpsertFlightPlan</name>
            <Folder>
              <name>Activity Completed, flight OkToFly</name>
              <Placemark>
                <name>Volume 0</name>
                <styleUrl>#InUse_Nominal</styleUrl>
                <TimeSpan>
                  <begin>2025-10-10T19:36:36.038408+00:00</begin>
                  <end>2025-10-10T20:21:37.038408+00:00</end>
                </TimeSpan>
                <MultiGeometry>
                  <Polygon>
                    <altitudeMode>absolute</altitudeMode>
                    <outerBoundaryIs>
                      <LinearRing>
                        <coordinates>7.4772,46.975,556.4014722710801 7.4774,46.97455,556.4014722710801 7.477600000000001,46.97495,556.4014722710801 7.4774,46.975300000000004,556.4014722710801</coordinates>
                      </LinearRing>
                    </outerBoundaryIs>
                  </Polygon>
                  <Polygon>
                    <altitudeMode>absolute</altitudeMode>
                    <outerBoundaryIs>
                      <LinearRing>
                        <coordinates>7.4772,46.975,584.3214722710801 7.4774,46.97455,584.3214722710801 7.477600000000001,46.97495,584.3214722710801 7.4774,46.975300000000004,584.3214722710801</coordinates>
                      </LinearRing>
                    </outerBoundaryIs>
                  </Polygon>
                  <Polygon>
                    <altitudeMode>absolute</altitudeMode>
                    <outerBoundaryIs>
                      <LinearRing>
                        <coordinates>7.4772,46.975,556.4014722710801 7.4772,46.975,584.3214722710801 7.4774,46.97455,584.3214722710801 7.4774,46.97455,556.4014722710801</coordinates>
                      </LinearRing>
                    </outerBoundaryIs>
                  </Polygon>
                  <Polygon>
                    <altitudeMode>absolute</altitudeMode>
                    <outerBoundaryIs>
                      <LinearRing>
                        <coordinates>7.4774,46.97455,556.4014722710801 7.4774,46.97455,584.3214722710801 7.477600000000001,46.97495,584.3214722710801 7.477600000000001,46.97495,556.4014722710801</coordinates>
                      </LinearRing>
                    </outerBoundaryIs>
                  </Polygon>
                  <Polygon>
                    <altitudeMode>absolute</altitudeMode>
                    <outerBoundaryIs>
                      <LinearRing>
                        <coordinates>7.477600000000001,46.97495,556.4014722710801 7.477600000000001,46.97495,584.3214722710801 7.4774,46.975300000000004,584.3214722710801 7.4774,46.975300000000004,556.4014722710801</coordinates>
                      </LinearRing>
                    </outerBoundaryIs>
                  </Polygon>
                  <Polygon>
                    <altitudeMode>absolute</altitudeMode>
                    <outerBoundaryIs>
                      <LinearRing>
                        <coordinates>7.4774,46.975300000000004,556.4014722710801 7.4774,46.975300000000004,584.3214722710801 7.4772,46.975,584.3214722710801 7.4772,46.975,556.4014722710801</coordinates>
                      </LinearRing>
                    </outerBoundaryIs>
                  </Polygon>
                </MultiGeometry>
              </Placemark>
            </Folder>
          </Folder>
          <Folder>
            <name>E138: uss1 astm.f3548.v21.dss.queryOperationalIntentReferences</name>
            <Placemark>
              <name>area_of_interest</name>
              <styleUrl>#QueryArea</styleUrl>
              <description><![CDATA[<ul><li>uss2's Activated 6613bcf8-ed15-4a2b-9196-56dc6208e869[2]</li><li>uss1's Activated b7ec5873-1ab1-4908-ab16-c01e35383549[2]</li></ul>]]></description>
              <TimeSpan>
                <begin>2025-10-10T19:36:36.038408+00:00</begin>
                <end>2025-10-10T20:21:37.038408+00:00</end>
              </TimeSpan>
              <MultiGeometry>
                <Polygon>
                  <altitudeMode>absolute</altitudeMode>
                  <outerBoundaryIs>
                    <LinearRing>
                      <coordinates>7.477199999999999,46.97455,556.4014433597553 7.477199999999999,46.975300000000004,556.4014433597553 7.477600000000001,46.975300000000004,556.4014433597553 7.477600000000001,46.97455,556.4014433597553</coordinates>
                    </LinearRing>
                  </outerBoundaryIs>
                </Polygon>
                <Polygon>
                  <altitudeMode>absolute</altitudeMode>
                  <outerBoundaryIs>
                    <LinearRing>
                      <coordinates>7.477199999999999,46.97455,584.3214433597552 7.477199999999999,46.975300000000004,584.3214433597552 7.477600000000001,46.975300000000004,584.3214433597552 7.477600000000001,46.97455,584.3214433597552</coordinates>
                    </LinearRing>
                  </outerBoundaryIs>
                </Polygon>
                <Polygon>
                  <altitudeMode>absolute</altitudeMode>
                  <outerBoundaryIs>
                    <LinearRing>
                      <coordinates>7.477199999999999,46.97455,556.4014433597553 7.477199999999999,46.97455,584.3214433597552 7.477199999999999,46.975300000000004,584.3214433597552 7.477199999999999,46.975300000000004,556.4014433597553</coordinates>
                    </LinearRing>
                  </outerBoundaryIs>
                </Polygon>
                <Polygon>
                  <altitudeMode>absolute</altitudeMode>
                  <outerBoundaryIs>
                    <LinearRing>
                      <coordinates>7.477199999999999,46.975300000000004,556.4014433597553 7.477199999999999,46.975300000000004,584.3214433597552 7.477600000000001,46.975300000000004,584.3214433597552 7.477600000000001,46.975300000000004,556.4014433597553</coordinates>
                    </LinearRing>
                  </outerBoundaryIs>
                </Polygon>
                <Polygon>
                  <altitudeMode>absolute</altitudeMode>
                  <outerBoundaryIs>
                    <LinearRing>
                      <coordinates>7.477600000000001,46.975300000000004,556.4014433597553 7.477600000000001,46.975300000000004,584.3214433597552 7.477600000000001,46.97455,584.3214433597552 7.477600000000001,46.97455,556.4014433597553</coordinates>
                    </LinearRing>
                  </outerBoundaryIs>
                </Polygon>
                <Polygon>
                  <altitudeMode>absolute</altitudeMode>
                  <outerBoundaryIs>
                    <LinearRing>
                      <coordinates>7.477600000000001,46.97455,556.4014433597553 7.477600000000001,46.97455,584.3214433597552 7.477199999999999,46.97455,584.3214433597552 7.477199999999999,46.97455,556.4014433597553</coordinates>
                    </LinearRing>
                  </outerBoundaryIs>
                </Polygon>
              </MultiGeometry>
            </Placemark>
          </Folder>
          <Folder>
            <name>E143: uss1 astm.f3548.v21.uss.getOperationalIntentDetails</name>
            <Folder>
              <name>uss1's P100 Activated b7ec5873-1ab1-4908-ab16-c01e35383549[2] @ E.NGGP15-xnOQRnCfZZw25yY8MX0p5Nfj08GXhPfKP8_</name>
              <Placemark>
                <name>Nominal volume 0</name>
                <styleUrl>#F3548v21Activated</styleUrl>
                <TimeSpan>
                  <begin>2025-10-10T19:36:36.038408+00:00</begin>
                  <end>2025-10-10T20:21:37.038408+00:00</end>
                </TimeSpan>
                <MultiGeometry>
                  <Polygon>
                    <altitudeMode>absolute</altitudeMode>
                    <outerBoundaryIs>
                      <LinearRing>
                        <coordinates>7.4772,46.975,556.4014722710801 7.4774,46.97455,556.4014722710801 7.477600000000001,46.97495,556.4014722710801 7.4774,46.975300000000004,556.4014722710801</coordinates>
                      </LinearRing>
                    </outerBoundaryIs>
                  </Polygon>
                  <Polygon>
                    <altitudeMode>absolute</altitudeMode>
                    <outerBoundaryIs>
                      <LinearRing>
                        <coordinates>7.4772,46.975,584.3214722710801 7.4774,46.97455,584.3214722710801 7.477600000000001,46.97495,584.3214722710801 7.4774,46.975300000000004,584.3214722710801</coordinates>
                      </LinearRing>
                    </outerBoundaryIs>
                  </Polygon>
                  <Polygon>
                    <altitudeMode>absolute</altitudeMode>
                    <outerBoundaryIs>
                      <LinearRing>
                        <coordinates>7.4772,46.975,556.4014722710801 7.4772,46.975,584.3214722710801 7.4774,46.97455,584.3214722710801 7.4774,46.97455,556.4014722710801</coordinates>
                      </LinearRing>
                    </outerBoundaryIs>
                  </Polygon>
                  <Polygon>
                    <altitudeMode>absolute</altitudeMode>
                    <outerBoundaryIs>
                      <LinearRing>
                        <coordinates>7.4774,46.97455,556.4014722710801 7.4774,46.97455,584.3214722710801 7.477600000000001,46.97495,584.3214722710801 7.477600000000001,46.97495,556.4014722710801</coordinates>
                      </LinearRing>
                    </outerBoundaryIs>
                  </Polygon>
                  <Polygon>
                    <altitudeMode>absolute</altitudeMode>
                    <outerBoundaryIs>
                      <LinearRing>
                        <coordinates>7.477600000000001,46.97495,556.4014722710801 7.477600000000001,46.97495,584.3214722710801 7.4774,46.975300000000004,584.3214722710801 7.4774,46.975300000000004,556.4014722710801</coordinates>
                      </LinearRing>
                    </outerBoundaryIs>
                  </Polygon>
                  <Polygon>
                    <altitudeMode>absolute</altitudeMode>
                    <outerBoundaryIs>
                      <LinearRing>
                        <coordinates>7.4774,46.975300000000004,556.4014722710801 7.4774,46.975300000000004,584.3214722710801 7.4772,46.975,584.3214722710801 7.4772,46.975,556.4014722710801</coordinates>
                      </LinearRing>
                    </outerBoundaryIs>
                  </Polygon>
                </MultiGeometry>
              </Placemark>
            </Folder>
          </Folder>
        </Folder>
        <Folder>
          <name>Check for conflict notifications</name>
        </Folder>
        <Folder>
          <name>Modify activated Flight 1 in conflict with activated Flight 2</name>
          <Folder>
            <name>E153: uss1 astm.f3548.v21.dss.queryOperationalIntentReferences</name>
            <Placemark>
              <name>area_of_interest</name>
              <styleUrl>#QueryArea</styleUrl>
              <description><![CDATA[<ul><li>uss2's Activated 6613bcf8-ed15-4a2b-9196-56dc6208e869[2]</li><li>uss1's Activated b7ec5873-1ab1-4908-ab16-c01e35383549[2]</li></ul>]]></description>
              <TimeSpan>
                <begin>2025-10-10T19:36:35.769039+00:00</begin>
                <end>2025-10-10T20:21:37.192829+00:00</end>
              </TimeSpan>
              <MultiGeometry>
                <Polygon>
                  <altitudeMode>absolute</altitudeMode>
                  <outerBoundaryIs>
                    <LinearRing>
                      <coordinates>7.4772500000000015,46.97455,526.2713893166907 7.4772500000000015,46.974900000000005,526.2713893166907 7.477950000000001,46.974900000000005,526.2713893166907 7.477950000000001,46.97455,526.2713893166907</coordinates>
                    </LinearRing>
                  </outerBoundaryIs>
                </Polygon>
                <Polygon>
                  <altitudeMode>absolute</altitudeMode>
                  <outerBoundaryIs>
                    <LinearRing>
                      <coordinates>7.4772500000000015,46.97455,586.3213893166907 7.4772500000000015,46.974900000000005,586.3213893166907 7.477950000000001,46.974900000000005,586.3213893166907 7.477950000000001,46.97455,586.3213893166907</coordinates>
                    </LinearRing>
                  </outerBoundaryIs>
                </Polygon>
                <Polygon>
                  <altitudeMode>absolute</altitudeMode>
                  <outerBoundaryIs>
                    <LinearRing>
                      <coordinates>7.4772500000000015,46.97455,526.2713893166907 7.4772500000000015,46.97455,586.3213893166907 7.4772500000000015,46.974900000000005,586.3213893166907 7.4772500000000015,46.974900000000005,526.2713893166907</coordinates>
                    </LinearRing>
                  </outerBoundaryIs>
                </Polygon>
                <Polygon>
                  <altitudeMode>absolute</altitudeMode>
                  <outerBoundaryIs>
                    <LinearRing>
                      <coordinates>7.4772500000000015,46.974900000000005,526.2713893166907 7.4772500000000015,46.974900000000005,586.3213893166907 7.477950000000001,46.974900000000005,586.3213893166907 7.477950000000001,46.974900000000005,526.2713893166907</coordinates>
                    </LinearRing>
                  </outerBoundaryIs>
                </Polygon>
                <Polygon>
                  <altitudeMode>absolute</altitudeMode>
                  <outerBoundaryIs>
                    <LinearRing>
                      <coordinates>7.477950000000001,46.974900000000005,526.2713893166907 7.477950000000001,46.974900000000005,586.3213893166907 7.477950000000001,46.97455,586.3213893166907 7.477950000000001,46.97455,526.2713893166907</coordinates>
                    </LinearRing>
                  </outerBoundaryIs>
                </Polygon>
                <Polygon>
                  <altitudeMode>absolute</altitudeMode>
                  <outerBoundaryIs>
                    <LinearRing>
                      <coordinates>7.477950000000001,46.97455,526.2713893166907 7.477950000000001,46.97455,586.3213893166907 7.4772500000000015,46.97455,586.3213893166907 7.4772500000000015,46.97455,526.2713893166907</coordinates>
                    </LinearRing>
                  </outerBoundaryIs>
                </Polygon>
              </MultiGeometry>
            </Placemark>
          </Folder>
          <Folder>
            <name>E159: uss1 astm.f3548.v21.dss.queryOperationalIntentReferences</name>
            <Placemark>
              <name>area_of_interest</name>
              <styleUrl>#QueryArea</styleUrl>
              <description><![CDATA[<ul><li>uss2's Activated 6613bcf8-ed15-4a2b-9196-56dc6208e869[3]</li><li>uss1's Activated b7ec5873-1ab1-4908-ab16-c01e35383549[2]</li></ul>]]></description>
              <TimeSpan>
                <begin>2025-10-10T19:36:35.769039+00:00</begin>
                <end>2025-10-10T20:21:37.192829+00:00</end>
              </TimeSpan>
              <MultiGeometry>
                <Polygon>
                  <altitudeMode>absolute</altitudeMode>
                  <outerBoundaryIs>
                    <LinearRing>
                      <coordinates>7.4772500000000015,46.97455,526.2713893166907 7.4772500000000015,46.974900000000005,526.2713893166907 7.477950000000001,46.974900000000005,526.2713893166907 7.477950000000001,46.97455,526.2713893166907</coordinates>
                    </LinearRing>
                  </outerBoundaryIs>
                </Polygon>
                <Polygon>
                  <altitudeMode>absolute</altitudeMode>
                  <outerBoundaryIs>
                    <LinearRing>
                      <coordinates>7.4772500000000015,46.97455,586.3213893166907 7.4772500000000015,46.974900000000005,586.3213893166907 7.477950000000001,46.974900000000005,586.3213893166907 7.477950000000001,46.97455,586.3213893166907</coordinates>
                    </LinearRing>
                  </outerBoundaryIs>
                </Polygon>
                <Polygon>
                  <altitudeMode>absolute</altitudeMode>
                  <outerBoundaryIs>
                    <LinearRing>
                      <coordinates>7.4772500000000015,46.97455,526.2713893166907 7.4772500000000015,46.97455,586.3213893166907 7.4772500000000015,46.974900000000005,586.3213893166907 7.4772500000000015,46.974900000000005,526.2713893166907</coordinates>
                    </LinearRing>
                  </outerBoundaryIs>
                </Polygon>
                <Polygon>
                  <altitudeMode>absolute</altitudeMode>
                  <outerBoundaryIs>
                    <LinearRing>
                      <coordinates>7.4772500000000015,46.974900000000005,526.2713893166907 7.4772500000000015,46.974900000000005,586.3213893166907 7.477950000000001,46.974900000000005,586.3213893166907 7.477950000000001,46.974900000000005,526.2713893166907</coordinates>
                    </LinearRing>
                  </outerBoundaryIs>
                </Polygon>
                <Polygon>
                  <altitudeMode>absolute</altitudeMode>
                  <outerBoundaryIs>
                    <LinearRing>
                      <coordinates>7.477950000000001,46.974900000000005,526.2713893166907 7.477950000000001,46.974900000000005,586.3213893166907 7.477950000000001,46.97455,586.3213893166907 7.477950000000001,46.97455,526.2713893166907</coordinates>
                    </LinearRing>
                  </outerBoundaryIs>
                </Polygon>
                <Polygon>
                  <altitudeMode>absolute</altitudeMode>
                  <outerBoundaryIs>
                    <LinearRing>
                      <coordinates>7.477950000000001,46.97455,526.2713893166907 7.477950000000001,46.97455,586.3213893166907 7.4772500000000015,46.97455,586.3213893166907 7.4772500000000015,46.97455,526.2713893166907</coordinates>
                    </LinearRing>
                  </outerBoundaryIs>
                </Polygon>
              </MultiGeometry>
            </Placemark>
          </Folder>
          <Folder>
            <name>E164: uss2 astm.f3548.v21.uss.getOperationalIntentDetails</name>
            <Folder>
              <name>uss2's P0 Activated 6613bcf8-ed15-4a2b-9196-56dc6208e869[3] @ aiIvo8HMOCsgd-fWUSNzKy7rVwsJpND89KLyhKsYAw0_</name>
              <Placemark>
                <name>Nominal volume 0</name>
                <styleUrl>#F3548v21Activated</styleUrl>
                <TimeSpan>
                  <begin>2025-10-10T19:36:36.192829+00:00</begin>
                  <end>2025-10-10T20:21:37.192829+00:00</end>
                </TimeSpan>
                <MultiGeometry>
                  <Polygon>
                    <altitudeMode>absolute</altitudeMode>
                    <outerBoundaryIs>
                      <LinearRing>
                        <coordinates>7.4775,46.9746,526.2715035702334 7.4775,46.974900000000005,526.2715035702334 7.4779,46.974900000000005,526.2715035702334 7.47795,46.97455,526.2715035702334</coordinates>
                      </LinearRing>
                    </outerBoundaryIs>
                  </Polygon>
                  <Polygon>
                    <altitudeMode>absolute</altitudeMode>
                    <outerBoundaryIs>
                      <LinearRing>
                        <coordinates>7.4775,46.9746,586.3215035702334 7.4775,46.974900000000005,586.3215035702334 7.4779,46.974900000000005,586.3215035702334 7.47795,46.97455,586.3215035702334</coordinates>
                      </LinearRing>
                    </outerBoundaryIs>
                  </Polygon>
                  <Polygon>
                    <altitudeMode>absolute</altitudeMode>
                    <outerBoundaryIs>
                      <LinearRing>
                        <coordinates>7.4775,46.9746,526.2715035702334 7.4775,46.9746,586.3215035702334 7.4775,46.974900000000005,586.3215035702334 7.4775,46.974900000000005,526.2715035702334</coordinates>
                      </LinearRing>
                    </outerBoundaryIs>
                  </Polygon>
                  <Polygon>
                    <altitudeMode>absolute</altitudeMode>
                    <outerBoundaryIs>
                      <LinearRing>
                        <coordinates>7.4775,46.974900000000005,526.2715035702334 7.4775,46.974900000000005,586.3215035702334 7.4779,46.974900000000005,586.3215035702334 7.4779,46.974900000000005,526.2715035702334</coordinates>
                      </LinearRing>
                    </outerBoundaryIs>
                  </Polygon>
                  <Polygon>
                    <altitudeMode>absolute</altitudeMode>
                    <outerBoundaryIs>
                      <LinearRing>
                        <coordinates>7.4779,46.974900000000005,526.2715035702334 7.4779,46.974900000000005,586.3215035702334 7.47795,46.97455,586.3215035702334 7.47795,46.97455,526.2715035702334</coordinates>
                      </LinearRing>
                    </outerBoundaryIs>
                  </Polygon>
                  <Polygon>
                    <altitudeMode>absolute</altitudeMode>
                    <outerBoundaryIs>
                      <LinearRing>
                        <coordinates>7.47795,46.97455,526.2715035702334 7.47795,46.97455,586.3215035702334 7.4775,46.9746,586.3215035702334 7.4775,46.9746,526.2715035702334</coordinates>
                      </LinearRing>
                    </outerBoundaryIs>
                  </Polygon>
                </MultiGeometry>
              </Placemark>
            </Folder>
          </Folder>
        </Folder>
      </Folder>
      <Folder>
        <name>Attempt to modify activated flight in conflict</name>
        <Folder>
          <name>Modify activated Flight 2 to not conflict with activated Flight 1</name>
          <Folder>
            <name>E170: uss1 astm.f3548.v21.dss.queryOperationalIntentReferences</name>
            <Placemark>
              <name>area_of_interest</name>
              <styleUrl>#QueryArea</styleUrl>
              <description><![CDATA[<ul><li>uss2's Activated 6613bcf8-ed15-4a2b-9196-56dc6208e869[3]</li><li>uss1's Activated b7ec5873-1ab1-4908-ab16-c01e35383549[2]</li></ul>]]></description>
              <TimeSpan>
                <begin>2025-10-10T19:36:36.351538+00:00</begin>
                <end>2025-10-10T20:21:37.351538+00:00</end>
              </TimeSpan>
              <MultiGeometry>
                <Polygon>
                  <altitudeMode>absolute</altitudeMode>
                  <outerBoundaryIs>
                    <LinearRing>
                      <coordinates>7.477199999999999,46.97495000000001,553.231763424592 7.477199999999999,46.975300000000004,553.231763424592 7.477800000000001,46.975300000000004,553.231763424592 7.477800000000001,46.97495000000001,553.231763424592</coordinates>
                    </LinearRing>
                  </outerBoundaryIs>
                </Polygon>
                <Polygon>
                  <altitudeMode>absolute</altitudeMode>
                  <outerBoundaryIs>
                    <LinearRing>
                      <coordinates>7.477199999999999,46.97495000000001,606.3217634245921 7.477199999999999,46.975300000000004,606.3217634245921 7.477800000000001,46.975300000000004,606.3217634245921 7.477800000000001,46.97495000000001,606.3217634245921</coordinates>
                    </LinearRing>
                  </outerBoundaryIs>
                </Polygon>
                <Polygon>
                  <altitudeMode>absolute</altitudeMode>
                  <outerBoundaryIs>
                    <LinearRing>
                      <coordinates>7.477199999999999,46.97495000000001,553.231763424592 7.477199999999999,46.97495000000001,606.3217634245921 7.477199999999999,46.975300000000004,606.3217634245921 7.477199999999999,46.975300000000004,553.231763424592</coordinates>
                    </LinearRing>
                  </outerBoundaryIs>
                </Polygon>
                <Polygon>
                  <altitudeMode>absolute</altitudeMode>
                  <outerBoundaryIs>
                    <LinearRing>
                      <coordinates>7.477199999999999,46.975300000000004,553.231763424592 7.477199999999999,46.975300000000004,606.3217634245921 7.477800000000001,46.975300000000004,606.3217634245921 7.477800000000001,46.975300000000004,553.231763424592</coordinates>
                    </LinearRing>
                  </outerBoundaryIs>
                </Polygon>
                <Polygon>
                  <altitudeMode>absolute</altitudeMode>
                  <outerBoundaryIs>
                    <LinearRing>
                      <coordinates>7.477800000000001,46.975300000000004,553.231763424592 7.477800000000001,46.975300000000004,606.3217634245921 7.477800000000001,46.97495000000001,606.3217634245921 7.477800000000001,46.97495000000001,553.231763424592</coordinates>
                    </LinearRing>
                  </outerBoundaryIs>
                </Polygon>
                <Polygon>
                  <altitudeMode>absolute</altitudeMode>
                  <outerBoundaryIs>
                    <LinearRing>
                      <coordinates>7.477800000000001,46.97495000000001,553.231763424592 7.477800000000001,46.97495000000001,606.3217634245921 7.477199999999999,46.97495000000001,606.3217634245921 7.477199999999999,46.97495000000001,553.231763424592</coordinates>
                    </LinearRing>
                  </outerBoundaryIs>
                </Polygon>
              </MultiGeometry>
            </Placemark>
          </Folder>
          <Folder>
            <name>E172: uss1 interuss.automated_testing.flight_planning.v1.UpsertFlightPlan</name>
            <Folder>
              <name>Activity Completed, flight OkToFly</name>
              <Placemark>
                <name>Volume 0</name>
                <styleUrl>#InUse_Nominal</styleUrl>
                <TimeSpan>
                  <begin>2025-10-10T19:36:36.351538+00:00</begin>
                  <end>2025-10-10T20:21:37.351538+00:00</end>
                </TimeSpan>
                <MultiGeometry>
                  <Polygon>
                    <altitudeMode>absolute</altitudeMode>
                    <outerBoundaryIs>
                      <LinearRing>
                        <coordinates>7.4772,46.975,553.2316856460558 7.4778,46.97495,553.2316856460558 7.4774,46.975300000000004,553.2316856460558</coordinates>
                      </LinearRing>
                    </outerBoundaryIs>
                  </Polygon>
                  <Polygon>
                    <altitudeMode>absolute</altitudeMode>
                    <outerBoundaryIs>
                      <LinearRing>
                        <coordinates>7.4772,46.975,606.3216856460558 7.4778,46.97495,606.3216856460558 7.4774,46.975300000000004,606.3216856460558</coordinates>
                      </LinearRing>
                    </outerBoundaryIs>
                  </Polygon>
                  <Polygon>
                    <altitudeMode>absolute</altitudeMode>
                    <outerBoundaryIs>
                      <LinearRing>
                        <coordinates>7.4772,46.975,553.2316856460558 7.4772,46.975,606.3216856460558 7.4778,46.97495,606.3216856460558 7.4778,46.97495,553.2316856460558</coordinates>
                      </LinearRing>
                    </outerBoundaryIs>
                  </Polygon>
                  <Polygon>
                    <altitudeMode>absolute</altitudeMode>
                    <outerBoundaryIs>
                      <LinearRing>
                        <coordinates>7.4778,46.97495,553.2316856460558 7.4778,46.97495,606.3216856460558 7.4774,46.975300000000004,606.3216856460558 7.4774,46.975300000000004,553.2316856460558</coordinates>
                      </LinearRing>
                    </outerBoundaryIs>
                  </Polygon>
                  <Polygon>
                    <altitudeMode>absolute</altitudeMode>
                    <outerBoundaryIs>
                      <LinearRing>
                        <coordinates>7.4774,46.975300000000004,553.2316856460558 7.4774,46.975300000000004,606.3216856460558 7.4772,46.975,606.3216856460558 7.4772,46.975,553.2316856460558</coordinates>
                      </LinearRing>
                    </outerBoundaryIs>
                  </Polygon>
                </MultiGeometry>
              </Placemark>
            </Folder>
          </Folder>
          <Folder>
            <name>E175: uss1 astm.f3548.v21.dss.queryOperationalIntentReferences</name>
            <Placemark>
              <name>area_of_interest</name>
              <styleUrl>#QueryArea</styleUrl>
              <description><![CDATA[<ul><li>uss2's Activated 6613bcf8-ed15-4a2b-9196-56dc6208e869[3]</li><li>uss1's Activated b7ec5873-1ab1-4908-ab16-c01e35383549[3]</li></ul>]]></description>
              <TimeSpan>
                <begin>2025-10-10T19:36:36.351538+00:00</begin>
                <end>2025-10-10T20:21:37.351538+00:00</end>
              </TimeSpan>
              <MultiGeometry>
                <Polygon>
                  <altitudeMode>absolute</altitudeMode>
                  <outerBoundaryIs>
                    <LinearRing>
                      <coordinates>7.477199999999999,46.97495000000001,553.231763424592 7.477199999999999,46.975300000000004,553.231763424592 7.477800000000001,46.975300000000004,553.231763424592 7.477800000000001,46.97495000000001,553.231763424592</coordinates>
                    </LinearRing>
                  </outerBoundaryIs>
                </Polygon>
                <Polygon>
                  <altitudeMode>absolute</altitudeMode>
                  <outerBoundaryIs>
                    <LinearRing>
                      <coordinates>7.477199999999999,46.97495000000001,606.3217634245921 7.477199999999999,46.975300000000004,606.3217634245921 7.477800000000001,46.975300000000004,606.3217634245921 7.477800000000001,46.97495000000001,606.3217634245921</coordinates>
                    </LinearRing>
                  </outerBoundaryIs>
                </Polygon>
                <Polygon>
                  <altitudeMode>absolute</altitudeMode>
                  <outerBoundaryIs>
                    <LinearRing>
                      <coordinates>7.477199999999999,46.97495000000001,553.231763424592 7.477199999999999,46.97495000000001,606.3217634245921 7.477199999999999,46.975300000000004,606.3217634245921 7.477199999999999,46.975300000000004,553.231763424592</coordinates>
                    </LinearRing>
                  </outerBoundaryIs>
                </Polygon>
                <Polygon>
                  <altitudeMode>absolute</altitudeMode>
                  <outerBoundaryIs>
                    <LinearRing>
                      <coordinates>7.477199999999999,46.975300000000004,553.231763424592 7.477199999999999,46.975300000000004,606.3217634245921 7.477800000000001,46.975300000000004,606.3217634245921 7.477800000000001,46.975300000000004,553.231763424592</coordinates>
                    </LinearRing>
                  </outerBoundaryIs>
                </Polygon>
                <Polygon>
                  <altitudeMode>absolute</altitudeMode>
                  <outerBoundaryIs>
                    <LinearRing>
                      <coordinates>7.477800000000001,46.975300000000004,553.231763424592 7.477800000000001,46.975300000000004,606.3217634245921 7.477800000000001,46.97495000000001,606.3217634245921 7.477800000000001,46.97495000000001,553.231763424592</coordinates>
                    </LinearRing>
                  </outerBoundaryIs>
                </Polygon>
                <Polygon>
                  <altitudeMode>absolute</altitudeMode>
                  <outerBoundaryIs>
                    <LinearRing>
                      <coordinates>7.477800000000001,46.97495000000001,553.231763424592 7.477800000000001,46.97495000000001,606.3217634245921 7.477199999999999,46.97495000000001,606.3217634245921 7.477199999999999,46.97495000000001,553.231763424592</coordinates>
                    </LinearRing>
                  </outerBoundaryIs>
                </Polygon>
              </MultiGeometry>
            </Placemark>
          </Folder>
          <Folder>
            <name>E180: uss1 astm.f3548.v21.uss.getOperationalIntentDetails</name>
            <Folder>
              <name>uss1's P100 Activated b7ec5873-1ab1-4908-ab16-c01e35383549[3] @ m3jHCnc0kvQNKfUepb49o2cjqovFJkQ7EcT46A0Yx20_</name>
              <Placemark>
                <name>Nominal volume 0</name>
                <styleUrl>#F3548v21Activated</styleUrl>
                <TimeSpan>
                  <begin>2025-10-10T19:36:36.351538+00:00</begin>
                  <end>2025-10-10T20:21:37.351538+00:00</end>
                </TimeSpan>
                <MultiGeometry>
                  <Polygon>
                    <altitudeMode>absolute</altitudeMode>
                    <outerBoundaryIs>
                      <LinearRing>
                        <coordinates>7.4772,46.975,553.2316856460558 7.4778,46.97495,553.2316856460558 7.4774,46.975300000000004,553.2316856460558</coordinates>
                      </LinearRing>
                    </outerBoundaryIs>
                  </Polygon>
                  <Polygon>
                    <altitudeMode>absolute</altitudeMode>
                    <outerBoundaryIs>
                      <LinearRing>
                        <coordinates>7.4772,46.975,606.3216856460558 7.4778,46.97495,606.3216856460558 7.4774,46.975300000000004,606.3216856460558</coordinates>
                      </LinearRing>
                    </outerBoundaryIs>
                  </Polygon>
                  <Polygon>
                    <altitudeMode>absolute</altitudeMode>
                    <outerBoundaryIs>
                      <LinearRing>
                        <coordinates>7.4772,46.975,553.2316856460558 7.4772,46.975,606.3216856460558 7.4778,46.97495,606.3216856460558 7.4778,46.97495,553.2316856460558</coordinates>
                      </LinearRing>
                    </outerBoundaryIs>
                  </Polygon>
                  <Polygon>
                    <altitudeMode>absolute</altitudeMode>
                    <outerBoundaryIs>
                      <LinearRing>
                        <coordinates>7.4778,46.97495,553.2316856460558 7.4778,46.97495,606.3216856460558 7.4774,46.975300000000004,606.3216856460558 7.4774,46.975300000000004,553.2316856460558</coordinates>
                      </LinearRing>
                    </outerBoundaryIs>
                  </Polygon>
                  <Polygon>
                    <altitudeMode>absolute</altitudeMode>
                    <outerBoundaryIs>
                      <LinearRing>
                        <coordinates>7.4774,46.975300000000004,553.2316856460558 7.4774,46.975300000000004,606.3216856460558 7.4772,46.975,606.3216856460558 7.4772,46.975,553.2316856460558</coordinates>
                      </LinearRing>
                    </outerBoundaryIs>
                  </Polygon>
                </MultiGeometry>
              </Placemark>
            </Folder>
          </Folder>
        </Folder>
        <Folder>
          <name>Attempt to modify activated Flight 1 in conflict</name>
          <Folder>
            <name>E186: uss1 astm.f3548.v21.dss.queryOperationalIntentReferences</name>
            <Placemark>
              <name>area_of_interest</name>
              <styleUrl>#QueryArea</styleUrl>
              <description><![CDATA[<ul><li>uss2's Activated 6613bcf8-ed15-4a2b-9196-56dc6208e869[3]</li><li>uss1's Activated b7ec5873-1ab1-4908-ab16-c01e35383549[3]</li></ul>]]></description>
              <TimeSpan>
                <begin>2025-10-10T19:36:36.192829+00:00</begin>
                <end>2025-10-10T20:21:37.510222+00:00</end>
              </TimeSpan>
              <MultiGeometry>
                <Polygon>
                  <altitudeMode>absolute</altitudeMode>
                  <outerBoundaryIs>
                    <LinearRing>
                      <coordinates>7.477500000000001,46.97455,526.271731931697 7.477500000000001,46.975300000000004,526.271731931697 7.477950000000001,46.975300000000004,526.271731931697 7.477950000000001,46.97455,526.271731931697</coordinates>
                    </LinearRing>
                  </outerBoundaryIs>
                </Polygon>
                <Polygon>
                  <altitudeMode>absolute</altitudeMode>
                  <outerBoundaryIs>
                    <LinearRing>
                      <coordinates>7.477500000000001,46.97455,591.321731931697 7.477500000000001,46.975300000000004,591.321731931697 7.477950000000001,46.975300000000004,591.321731931697 7.477950000000001,46.97455,591.321731931697</coordinates>
                    </LinearRing>
                  </outerBoundaryIs>
                </Polygon>
                <Polygon>
                  <altitudeMode>absolute</altitudeMode>
                  <outerBoundaryIs>
                    <LinearRing>
                      <coordinates>7.477500000000001,46.97455,526.271731931697 7.477500000000001,46.97455,591.321731931697 7.477500000000001,46.975300000000004,591.321731931697 7.477500000000001,46.975300000000004,526.271731931697</coordinates>
                    </LinearRing>
                  </outerBoundaryIs>
                </Polygon>
                <Polygon>
                  <altitudeMode>absolute</altitudeMode>
                  <outerBoundaryIs>
                    <LinearRing>
                      <coordinates>7.477500000000001,46.975300000000004,526.271731931697 7.477500000000001,46.975300000000004,591.321731931697 7.477950000000001,46.975300000000004,591.321731931697 7.477950000000001,46.975300000000004,526.271731931697</coordinates>
                    </LinearRing>
                  </outerBoundaryIs>
                </Polygon>
                <Polygon>
                  <altitudeMode>absolute</altitudeMode>
                  <outerBoundaryIs>
                    <LinearRing>
                      <coordinates>7.477950000000001,46.975300000000004,526.271731931697 7.477950000000001,46.975300000000004,591.321731931697 7.477950000000001,46.97455,591.321731931697 7.477950000000001,46.97455,526.271731931697</coordinates>
                    </LinearRing>
                  </outerBoundaryIs>
                </Polygon>
                <Polygon>
                  <altitudeMode>absolute</altitudeMode>
                  <outerBoundaryIs>
                    <LinearRing>
                      <coordinates>7.477950000000001,46.97455,526.271731931697 7.477950000000001,46.97455,591.321731931697 7.477500000000001,46.97455,591.321731931697 7.477500000000001,46.97455,526.271731931697</coordinates>
                    </LinearRing>
                  </outerBoundaryIs>
                </Polygon>
              </MultiGeometry>
            </Placemark>
          </Folder>
          <Folder>
            <name>E191: uss1 astm.f3548.v21.dss.queryOperationalIntentReferences</name>
            <Placemark>
              <name>area_of_interest</name>
              <styleUrl>#QueryArea</styleUrl>
              <description><![CDATA[<ul><li>uss2's Activated 6613bcf8-ed15-4a2b-9196-56dc6208e869[3]</li><li>uss1's Activated b7ec5873-1ab1-4908-ab16-c01e35383549[3]</li></ul>]]></description>
              <TimeSpan>
                <begin>2025-10-10T19:36:36.192829+00:00</begin>
                <end>2025-10-10T20:21:37.510222+00:00</end>
              </TimeSpan>
              <MultiGeometry>
                <Polygon>
                  <altitudeMode>absolute</altitudeMode>
                  <outerBoundaryIs>
                    <LinearRing>
                      <coordinates>7.477500000000001,46.97455,526.271731931697 7.477500000000001,46.975300000000004,526.271731931697 7.477950000000001,46.975300000000004,526.271731931697 7.477950000000001,46.97455,526.271731931697</coordinates>
                    </LinearRing>
                  </outerBoundaryIs>
                </Polygon>
                <Polygon>
                  <altitudeMode>absolute</altitudeMode>
                  <outerBoundaryIs>
                    <LinearRing>
                      <coordinates>7.477500000000001,46.97455,591.321731931697 7.477500000000001,46.975300000000004,591.321731931697 7.477950000000001,46.975300000000004,591.321731931697 7.477950000000001,46.97455,591.321731931697</coordinates>
                    </LinearRing>
                  </outerBoundaryIs>
                </Polygon>
                <Polygon>
                  <altitudeMode>absolute</altitudeMode>
                  <outerBoundaryIs>
                    <LinearRing>
                      <coordinates>7.477500000000001,46.97455,526.271731931697 7.477500000000001,46.97455,591.321731931697 7.477500000000001,46.975300000000004,591.321731931697 7.477500000000001,46.975300000000004,526.271731931697</coordinates>
                    </LinearRing>
                  </outerBoundaryIs>
                </Polygon>
                <Polygon>
                  <altitudeMode>absolute</altitudeMode>
                  <outerBoundaryIs>
                    <LinearRing>
                      <coordinates>7.477500000000001,46.975300000000004,526.271731931697 7.477500000000001,46.975300000000004,591.321731931697 7.477950000000001,46.975300000000004,591.321731931697 7.477950000000001,46.975300000000004,526.271731931697</coordinates>
                    </LinearRing>
                  </outerBoundaryIs>
                </Polygon>
                <Polygon>
                  <altitudeMode>absolute</altitudeMode>
                  <outerBoundaryIs>
                    <LinearRing>
                      <coordinates>7.477950000000001,46.975300000000004,526.271731931697 7.477950000000001,46.975300000000004,591.321731931697 7.477950000000001,46.97455,591.321731931697 7.477950000000001,46.97455,526.271731931697</coordinates>
                    </LinearRing>
                  </outerBoundaryIs>
                </Polygon>
                <Polygon>
                  <altitudeMode>absolute</altitudeMode>
                  <outerBoundaryIs>
                    <LinearRing>
                      <coordinates>7.477950000000001,46.97455,526.271731931697 7.477950000000001,46.97455,591.321731931697 7.477500000000001,46.97455,591.321731931697 7.477500000000001,46.97455,526.271731931697</coordinates>
                    </LinearRing>
                  </outerBoundaryIs>
                </Polygon>
              </MultiGeometry>
            </Placemark>
          </Folder>
          <Folder>
            <name>E196: uss2 astm.f3548.v21.uss.getOperationalIntentDetails</name>
            <Folder>
              <name>uss2's P0 Activated 6613bcf8-ed15-4a2b-9196-56dc6208e869[3] @ aiIvo8HMOCsgd-fWUSNzKy7rVwsJpND89KLyhKsYAw0_</name>
              <Placemark>
                <name>Nominal volume 0</name>
                <styleUrl>#F3548v21Activated</styleUrl>
                <TimeSpan>
                  <begin>2025-10-10T19:36:36.192829+00:00</begin>
                  <end>2025-10-10T20:21:37.192829+00:00</end>
                </TimeSpan>
                <MultiGeometry>
                  <Polygon>
                    <altitudeMode>absolute</altitudeMode>
                    <outerBoundaryIs>
                      <LinearRing>
                        <coordinates>7.4775,46.9746,526.2715035702334 7.4775,46.974900000000005,526.2715035702334 7.4779,46.974900000000005,526.2715035702334 7.47795,46.97455,526.2715035702334</coordinates>
                      </LinearRing>
                    </outerBoundaryIs>
                  </Polygon>
                  <Polygon>
                    <altitudeMode>absolute</altitudeMode>
                    <outerBoundaryIs>
                      <LinearRing>
                        <coordinates>7.4775,46.9746,586.3215035702334 7.4775,46.974900000000005,586.3215035702334 7.4779,46.974900000000005,586.3215035702334 7.47795,46.97455,586.3215035702334</coordinates>
                      </LinearRing>
                    </outerBoundaryIs>
                  </Polygon>
                  <Polygon>
                    <altitudeMode>absolute</altitudeMode>
                    <outerBoundaryIs>
                      <LinearRing>
                        <coordinates>7.4775,46.9746,526.2715035702334 7.4775,46.9746,586.3215035702334 7.4775,46.974900000000005,586.3215035702334 7.4775,46.974900000000005,526.2715035702334</coordinates>
                      </LinearRing>
                    </outerBoundaryIs>
                  </Polygon>
                  <Polygon>
                    <altitudeMode>absolute</altitudeMode>
                    <outerBoundaryIs>
                      <LinearRing>
                        <coordinates>7.4775,46.974900000000005,526.2715035702334 7.4775,46.974900000000005,586.3215035702334 7.4779,46.974900000000005,586.3215035702334 7.4779,46.974900000000005,526.2715035702334</coordinates>
                      </LinearRing>
                    </outerBoundaryIs>
                  </Polygon>
                  <Polygon>
                    <altitudeMode>absolute</altitudeMode>
                    <outerBoundaryIs>
                      <LinearRing>
                        <coordinates>7.4779,46.974900000000005,526.2715035702334 7.4779,46.974900000000005,586.3215035702334 7.47795,46.97455,586.3215035702334 7.47795,46.97455,526.2715035702334</coordinates>
                      </LinearRing>
                    </outerBoundaryIs>
                  </Polygon>
                  <Polygon>
                    <altitudeMode>absolute</altitudeMode>
                    <outerBoundaryIs>
                      <LinearRing>
                        <coordinates>7.47795,46.97455,526.2715035702334 7.47795,46.97455,586.3215035702334 7.4775,46.9746,586.3215035702334 7.4775,46.9746,526.2715035702334</coordinates>
                      </LinearRing>
                    </outerBoundaryIs>
                  </Polygon>
                </MultiGeometry>
              </Placemark>
            </Folder>
          </Folder>
        </Folder>
      </Folder>
      <Folder>
        <name/>
        <Folder>
          <name>Cleanup</name>
        </Folder>
      </Folder>
    </Folder>
  </Document>
</kml>
