<kml xmlns="http://www.opengis.net/kml/2.2" xmlns:atom="http://www.w3.org/2005/Atom" xmlns:gx="http://www.google.com/kml/ext/2.2">
  <Document>
    <Style id="QueryArea">
      <LineStyle>
        <color>ffc0c000</color>
        <width>3</width>
      </LineStyle>
      <PolyStyle>
        <color>80ffffaa</color>
      </PolyStyle>
    </Style>
    <Style id="F3548v21Accepted">
      <LineStyle>
        <color>ff00c000</color>
        <width>3</width>
      </LineStyle>
      <PolyStyle>
        <color>80c0c0c0</color>
      </PolyStyle>
    </Style>
    <Style id="F3548v21Activated">
      <LineStyle>
        <color>ff00c000</color>
        <width>3</width>
      </LineStyle>
      <PolyStyle>
        <color>8000ff00</color>
      </PolyStyle>
    </Style>
    <Style id="F3548v21Nonconforming">
      <LineStyle>
        <color>ff00ffff</color>
        <width>5</width>
      </LineStyle>
      <PolyStyle>
        <color>8000ffff</color>
      </PolyStyle>
    </Style>
    <Style id="F3548v21Contingent">
      <LineStyle>
        <color>ff0000ff</color>
        <width>5</width>
      </LineStyle>
      <PolyStyle>
        <color>80ff0000ff</color>
      </PolyStyle>
    </Style>
    <Style id="F3548v21AcceptedFuture">
      <LineStyle>
        <color>80c0c0c0</color>
        <width>1</width>
      </LineStyle>
      <PolyStyle>
        <color>00000000</color>
      </PolyStyle>
    </Style>
    <Style id="F3548v21ActivatedFuture">
      <LineStyle>
        <color>8040c040</color>
        <width>1</width>
      </LineStyle>
      <PolyStyle>
        <color>00000000</color>
      </PolyStyle>
    </Style>
    <Style id="F3548v21NonconformingFuture">
      <LineStyle>
        <color>8000ffff</color>
        <width>1</width>
      </LineStyle>
      <PolyStyle>
        <color>00000000</color>
      </PolyStyle>
    </Style>
    <Style id="F3548v21ContingentFuture">
      <LineStyle>
        <color>80ff0000ff</color>
        <width>1</width>
      </LineStyle>
      <PolyStyle>
        <color>00000000</color>
      </PolyStyle>
    </Style>
    <Style id="Planned_Nominal">
      <LineStyle>
        <color>ff00c000</color>
        <width>3</width>
      </LineStyle>
      <PolyStyle>
        <color>80808080</color>
      </PolyStyle>
    </Style>
    <Style id="InUse_Nominal">
      <LineStyle>
        <color>ff00c000</color>
        <width>3</width>
      </LineStyle>
      <PolyStyle>
        <color>8000ff00</color>
      </PolyStyle>
    </Style>
    <Style id="InUse_OffNominal">
      <LineStyle>
        <color>ff00ffff</color>
        <width>5</width>
      </LineStyle>
      <PolyStyle>
        <color>8000ff00</color>
      </PolyStyle>
    </Style>
    <Style id="InUse_Contingent">
      <LineStyle>
        <color>ff0000ff</color>
        <width>5</width>
      </LineStyle>
      <PolyStyle>
        <color>8000ff00</color>
      </PolyStyle>
    </Style>
    <Folder>
      <name>Nominal planning: not permitted conflict with equal priority</name>
      <Folder>
        <name>Prerequisites check</name>
        <Folder>
          <name>Verify area is clear</name>
          <Folder>
            <name>E3: uss1 astm.f3548.v21.dss.queryOperationalIntentReferences</name>
            <Placemark>
              <name>area_of_interest</name>
              <styleUrl>#QueryArea</styleUrl>
              <description><![CDATA[(no operational intent references found)]]></description>
              <TimeSpan>
                <begin>2025-10-10T19:35:35.882723+00:00</begin>
                <end>2025-10-10T21:05:36.882723+00:00</end>
              </TimeSpan>
              <MultiGeometry>
                <Polygon>
                  <altitudeMode>absolute</altitudeMode>
                  <outerBoundaryIs>
                    <LinearRing>
                      <coordinates>7.477199999999999,46.97455,526.271598776309 7.477199999999999,46.975300000000004,526.271598776309 7.477950000000001,46.975300000000004,526.271598776309 7.477950000000001,46.97455,526.271598776309</coordinates>
                    </LinearRing>
                  </outerBoundaryIs>
                </Polygon>
                <Polygon>
                  <altitudeMode>absolute</altitudeMode>
                  <outerBoundaryIs>
                    <LinearRing>
                      <coordinates>7.477199999999999,46.97455,606.321598776309 7.477199999999999,46.975300000000004,606.321598776309 7.477950000000001,46.975300000000004,606.321598776309 7.477950000000001,46.97455,606.321598776309</coordinates>
                    </LinearRing>
                  </outerBoundaryIs>
                </Polygon>
                <Polygon>
                  <altitudeMode>absolute</altitudeMode>
                  <outerBoundaryIs>
                    <LinearRing>
                      <coordinates>7.477199999999999,46.97455,526.271598776309 7.477199999999999,46.97455,606.321598776309 7.477199999999999,46.975300000000004,606.321598776309 7.477199999999999,46.975300000000004,526.271598776309</coordinates>
                    </LinearRing>
                  </outerBoundaryIs>
                </Polygon>
                <Polygon>
                  <altitudeMode>absolute</altitudeMode>
                  <outerBoundaryIs>
                    <LinearRing>
                      <coordinates>7.477199999999999,46.975300000000004,526.271598776309 7.477199999999999,46.975300000000004,606.321598776309 7.477950000000001,46.975300000000004,606.321598776309 7.477950000000001,46.975300000000004,526.271598776309</coordinates>
                    </LinearRing>
                  </outerBoundaryIs>
                </Polygon>
                <Polygon>
                  <altitudeMode>absolute</altitudeMode>
                  <outerBoundaryIs>
                    <LinearRing>
                      <coordinates>7.477950000000001,46.975300000000004,526.271598776309 7.477950000000001,46.975300000000004,606.321598776309 7.477950000000001,46.97455,606.321598776309 7.477950000000001,46.97455,526.271598776309</coordinates>
                    </LinearRing>
                  </outerBoundaryIs>
                </Polygon>
                <Polygon>
                  <altitudeMode>absolute</altitudeMode>
                  <outerBoundaryIs>
                    <LinearRing>
                      <coordinates>7.477950000000001,46.97455,526.271598776309 7.477950000000001,46.97455,606.321598776309 7.477199999999999,46.97455,606.321598776309 7.477199999999999,46.97455,526.271598776309</coordinates>
                    </LinearRing>
                  </outerBoundaryIs>
                </Polygon>
              </MultiGeometry>
            </Placemark>
          </Folder>
        </Folder>
      </Folder>
      <Folder>
        <name>Attempt to plan flight into conflict</name>
        <Folder>
          <name>Plan Flight 2</name>
          <Folder>
            <name>E6: uss1 astm.f3548.v21.dss.queryOperationalIntentReferences</name>
            <Placemark>
              <name>area_of_interest</name>
              <styleUrl>#QueryArea</styleUrl>
              <description><![CDATA[(no operational intent references found)]]></description>
              <TimeSpan>
                <begin>2025-10-10T19:36:05.946341+00:00</begin>
                <end>2025-10-10T20:21:06.946341+00:00</end>
              </TimeSpan>
              <MultiGeometry>
                <Polygon>
                  <altitudeMode>absolute</altitudeMode>
                  <outerBoundaryIs>
                    <LinearRing>
                      <coordinates>7.477199999999999,46.97455,556.4214433597552 7.477199999999999,46.975300000000004,556.4214433597552 7.477600000000001,46.975300000000004,556.4214433597552 7.477600000000001,46.97455,556.4214433597552</coordinates>
                    </LinearRing>
                  </outerBoundaryIs>
                </Polygon>
                <Polygon>
                  <altitudeMode>absolute</altitudeMode>
                  <outerBoundaryIs>
                    <LinearRing>
                      <coordinates>7.477199999999999,46.97455,584.3214433597552 7.477199999999999,46.975300000000004,584.3214433597552 7.477600000000001,46.975300000000004,584.3214433597552 7.477600000000001,46.97455,584.3214433597552</coordinates>
                    </LinearRing>
                  </outerBoundaryIs>
                </Polygon>
                <Polygon>
                  <altitudeMode>absolute</altitudeMode>
                  <outerBoundaryIs>
                    <LinearRing>
                      <coordinates>7.477199999999999,46.97455,556.4214433597552 7.477199999999999,46.97455,584.3214433597552 7.477199999999999,46.975300000000004,584.3214433597552 7.477199999999999,46.975300000000004,556.4214433597552</coordinates>
                    </LinearRing>
                  </outerBoundaryIs>
                </Polygon>
                <Polygon>
                  <altitudeMode>absolute</altitudeMode>
                  <outerBoundaryIs>
                    <LinearRing>
                      <coordinates>7.477199999999999,46.975300000000004,556.4214433597552 7.477199999999999,46.975300000000004,584.3214433597552 7.477600000000001,46.975300000000004,584.3214433597552 7.477600000000001,46.975300000000004,556.4214433597552</coordinates>
                    </LinearRing>
                  </outerBoundaryIs>
                </Polygon>
                <Polygon>
                  <altitudeMode>absolute</altitudeMode>
                  <outerBoundaryIs>
                    <LinearRing>
                      <coordinates>7.477600000000001,46.975300000000004,556.4214433597552 7.477600000000001,46.975300000000004,584.3214433597552 7.477600000000001,46.97455,584.3214433597552 7.477600000000001,46.97455,556.4214433597552</coordinates>
                    </LinearRing>
                  </outerBoundaryIs>
                </Polygon>
                <Polygon>
                  <altitudeMode>absolute</altitudeMode>
                  <outerBoundaryIs>
                    <LinearRing>
                      <coordinates>7.477600000000001,46.97455,556.4214433597552 7.477600000000001,46.97455,584.3214433597552 7.477199999999999,46.97455,584.3214433597552 7.477199999999999,46.97455,556.4214433597552</coordinates>
                    </LinearRing>
                  </outerBoundaryIs>
                </Polygon>
              </MultiGeometry>
            </Placemark>
          </Folder>
          <Folder>
            <name>E11: uss1 astm.f3548.v21.dss.queryOperationalIntentReferences</name>
            <Placemark>
              <name>area_of_interest</name>
              <styleUrl>#QueryArea</styleUrl>
              <description><![CDATA[<ul><li>uss1's Accepted a150ca91-365e-4c46-b3c4-bd860057aa93[1]</li></ul>]]></description>
              <TimeSpan>
                <begin>2025-10-10T19:36:05.946341+00:00</begin>
                <end>2025-10-10T20:21:06.946341+00:00</end>
              </TimeSpan>
              <MultiGeometry>
                <Polygon>
                  <altitudeMode>absolute</altitudeMode>
                  <outerBoundaryIs>
                    <LinearRing>
                      <coordinates>7.477199999999999,46.97455,556.4214433597552 7.477199999999999,46.975300000000004,556.4214433597552 7.477600000000001,46.975300000000004,556.4214433597552 7.477600000000001,46.97455,556.4214433597552</coordinates>
                    </LinearRing>
                  </outerBoundaryIs>
                </Polygon>
                <Polygon>
                  <altitudeMode>absolute</altitudeMode>
                  <outerBoundaryIs>
                    <LinearRing>
                      <coordinates>7.477199999999999,46.97455,584.3214433597552 7.477199999999999,46.975300000000004,584.3214433597552 7.477600000000001,46.975300000000004,584.3214433597552 7.477600000000001,46.97455,584.3214433597552</coordinates>
                    </LinearRing>
                  </outerBoundaryIs>
                </Polygon>
                <Polygon>
                  <altitudeMode>absolute</altitudeMode>
                  <outerBoundaryIs>
                    <LinearRing>
                      <coordinates>7.477199999999999,46.97455,556.4214433597552 7.477199999999999,46.97455,584.3214433597552 7.477199999999999,46.975300000000004,584.3214433597552 7.477199999999999,46.975300000000004,556.4214433597552</coordinates>
                    </LinearRing>
                  </outerBoundaryIs>
                </Polygon>
                <Polygon>
                  <altitudeMode>absolute</altitudeMode>
                  <outerBoundaryIs>
                    <LinearRing>
                      <coordinates>7.477199999999999,46.975300000000004,556.4214433597552 7.477199999999999,46.975300000000004,584.3214433597552 7.477600000000001,46.975300000000004,584.3214433597552 7.477600000000001,46.975300000000004,556.4214433597552</coordinates>
                    </LinearRing>
                  </outerBoundaryIs>
                </Polygon>
                <Polygon>
                  <altitudeMode>absolute</altitudeMode>
                  <outerBoundaryIs>
                    <LinearRing>
                      <coordinates>7.477600000000001,46.975300000000004,556.4214433597552 7.477600000000001,46.975300000000004,584.3214433597552 7.477600000000001,46.97455,584.3214433597552 7.477600000000001,46.97455,556.4214433597552</coordinates>
                    </LinearRing>
                  </outerBoundaryIs>
                </Polygon>
                <Polygon>
                  <altitudeMode>absolute</altitudeMode>
                  <outerBoundaryIs>
                    <LinearRing>
                      <coordinates>7.477600000000001,46.97455,556.4214433597552 7.477600000000001,46.97455,584.3214433597552 7.477199999999999,46.97455,584.3214433597552 7.477199999999999,46.97455,556.4214433597552</coordinates>
                    </LinearRing>
                  </outerBoundaryIs>
                </Polygon>
              </MultiGeometry>
            </Placemark>
          </Folder>
          <Folder>
            <name>E15: mock_uss astm.f3548.v21.uss.getOperationalIntentDetails</name>
            <Folder>
              <name>uss1's P0 Accepted a150ca91-365e-4c46-b3c4-bd860057aa93[1] @ T.IYYdmLjyQbaN.6b7M6BgxiPSZ6FugxO2ogfBqPGy4_</name>
              <Placemark>
                <name>Nominal volume 0</name>
                <styleUrl>#F3548v21Accepted</styleUrl>
                <TimeSpan>
                  <begin>2025-10-10T19:36:05.946341+00:00</begin>
                  <end>2025-10-10T20:21:06.946341+00:00</end>
                </TimeSpan>
                <MultiGeometry>
                  <Polygon>
                    <altitudeMode>absolute</altitudeMode>
                    <outerBoundaryIs>
                      <LinearRing>
                        <coordinates>7.4772,46.975,556.4214722710801 7.4774,46.97455,556.4214722710801 7.477600000000001,46.97495,556.4214722710801 7.4774,46.975300000000004,556.4214722710801</coordinates>
                      </LinearRing>
                    </outerBoundaryIs>
                  </Polygon>
                  <Polygon>
                    <altitudeMode>absolute</altitudeMode>
                    <outerBoundaryIs>
                      <LinearRing>
                        <coordinates>7.4772,46.975,584.3214722710801 7.4774,46.97455,584.3214722710801 7.477600000000001,46.97495,584.3214722710801 7.4774,46.975300000000004,584.3214722710801</coordinates>
                      </LinearRing>
                    </outerBoundaryIs>
                  </Polygon>
                  <Polygon>
                    <altitudeMode>absolute</altitudeMode>
                    <outerBoundaryIs>
                      <LinearRing>
                        <coordinates>7.4772,46.975,556.4214722710801 7.4772,46.975,584.3214722710801 7.4774,46.97455,584.3214722710801 7.4774,46.97455,556.4214722710801</coordinates>
                      </LinearRing>
                    </outerBoundaryIs>
                  </Polygon>
                  <Polygon>
                    <altitudeMode>absolute</altitudeMode>
                    <outerBoundaryIs>
                      <LinearRing>
                        <coordinates>7.4774,46.97455,556.4214722710801 7.4774,46.97455,584.3214722710801 7.477600000000001,46.97495,584.3214722710801 7.477600000000001,46.97495,556.4214722710801</coordinates>
                      </LinearRing>
                    </outerBoundaryIs>
                  </Polygon>
                  <Polygon>
                    <altitudeMode>absolute</altitudeMode>
                    <outerBoundaryIs>
                      <LinearRing>
                        <coordinates>7.477600000000001,46.97495,556.4214722710801 7.477600000000001,46.97495,584.3214722710801 7.4774,46.975300000000004,584.3214722710801 7.4774,46.975300000000004,556.4214722710801</coordinates>
                      </LinearRing>
                    </outerBoundaryIs>
                  </Polygon>
                  <Polygon>
                    <altitudeMode>absolute</altitudeMode>
                    <outerBoundaryIs>
                      <LinearRing>
                        <coordinates>7.4774,46.975300000000004,556.4214722710801 7.4774,46.975300000000004,584.3214722710801 7.4772,46.975,584.3214722710801 7.4772,46.975,556.4214722710801</coordinates>
                      </LinearRing>
                    </outerBoundaryIs>
                  </Polygon>
                </MultiGeometry>
              </Placemark>
            </Folder>
          </Folder>
        </Folder>
        <Folder>
          <name>Activate Flight 2</name>
          <Folder>
            <name>E21: uss1 astm.f3548.v21.dss.queryOperationalIntentReferences</name>
            <Placemark>
              <name>area_of_interest</name>
              <styleUrl>#QueryArea</styleUrl>
              <description><![CDATA[<ul><li>uss1's Accepted a150ca91-365e-4c46-b3c4-bd860057aa93[1]</li></ul>]]></description>
              <TimeSpan>
                <begin>2025-10-10T19:36:06.031267+00:00</begin>
                <end>2025-10-10T20:21:07.031267+00:00</end>
              </TimeSpan>
              <MultiGeometry>
                <Polygon>
                  <altitudeMode>absolute</altitudeMode>
                  <outerBoundaryIs>
                    <LinearRing>
                      <coordinates>7.477199999999999,46.97455,556.4314433597552 7.477199999999999,46.975300000000004,556.4314433597552 7.477600000000001,46.975300000000004,556.4314433597552 7.477600000000001,46.97455,556.4314433597552</coordinates>
                    </LinearRing>
                  </outerBoundaryIs>
                </Polygon>
                <Polygon>
                  <altitudeMode>absolute</altitudeMode>
                  <outerBoundaryIs>
                    <LinearRing>
                      <coordinates>7.477199999999999,46.97455,584.3214433597552 7.477199999999999,46.975300000000004,584.3214433597552 7.477600000000001,46.975300000000004,584.3214433597552 7.477600000000001,46.97455,584.3214433597552</coordinates>
                    </LinearRing>
                  </outerBoundaryIs>
                </Polygon>
                <Polygon>
                  <altitudeMode>absolute</altitudeMode>
                  <outerBoundaryIs>
                    <LinearRing>
                      <coordinates>7.477199999999999,46.97455,556.4314433597552 7.477199999999999,46.97455,584.3214433597552 7.477199999999999,46.975300000000004,584.3214433597552 7.477199999999999,46.975300000000004,556.4314433597552</coordinates>
                    </LinearRing>
                  </outerBoundaryIs>
                </Polygon>
                <Polygon>
                  <altitudeMode>absolute</altitudeMode>
                  <outerBoundaryIs>
                    <LinearRing>
                      <coordinates>7.477199999999999,46.975300000000004,556.4314433597552 7.477199999999999,46.975300000000004,584.3214433597552 7.477600000000001,46.975300000000004,584.3214433597552 7.477600000000001,46.975300000000004,556.4314433597552</coordinates>
                    </LinearRing>
                  </outerBoundaryIs>
                </Polygon>
                <Polygon>
                  <altitudeMode>absolute</altitudeMode>
                  <outerBoundaryIs>
                    <LinearRing>
                      <coordinates>7.477600000000001,46.975300000000004,556.4314433597552 7.477600000000001,46.975300000000004,584.3214433597552 7.477600000000001,46.97455,584.3214433597552 7.477600000000001,46.97455,556.4314433597552</coordinates>
                    </LinearRing>
                  </outerBoundaryIs>
                </Polygon>
                <Polygon>
                  <altitudeMode>absolute</altitudeMode>
                  <outerBoundaryIs>
                    <LinearRing>
                      <coordinates>7.477600000000001,46.97455,556.4314433597552 7.477600000000001,46.97455,584.3214433597552 7.477199999999999,46.97455,584.3214433597552 7.477199999999999,46.97455,556.4314433597552</coordinates>
                    </LinearRing>
                  </outerBoundaryIs>
                </Polygon>
              </MultiGeometry>
            </Placemark>
          </Folder>
          <Folder>
            <name>E26: uss1 astm.f3548.v21.dss.queryOperationalIntentReferences</name>
            <Placemark>
              <name>area_of_interest</name>
              <styleUrl>#QueryArea</styleUrl>
              <description><![CDATA[<ul><li>uss1's Activated a150ca91-365e-4c46-b3c4-bd860057aa93[2]</li></ul>]]></description>
              <TimeSpan>
                <begin>2025-10-10T19:36:06.031267+00:00</begin>
                <end>2025-10-10T20:21:07.031267+00:00</end>
              </TimeSpan>
              <MultiGeometry>
                <Polygon>
                  <altitudeMode>absolute</altitudeMode>
                  <outerBoundaryIs>
                    <LinearRing>
                      <coordinates>7.477199999999999,46.97455,556.4314433597552 7.477199999999999,46.975300000000004,556.4314433597552 7.477600000000001,46.975300000000004,556.4314433597552 7.477600000000001,46.97455,556.4314433597552</coordinates>
                    </LinearRing>
                  </outerBoundaryIs>
                </Polygon>
                <Polygon>
                  <altitudeMode>absolute</altitudeMode>
                  <outerBoundaryIs>
                    <LinearRing>
                      <coordinates>7.477199999999999,46.97455,584.3214433597552 7.477199999999999,46.975300000000004,584.3214433597552 7.477600000000001,46.975300000000004,584.3214433597552 7.477600000000001,46.97455,584.3214433597552</coordinates>
                    </LinearRing>
                  </outerBoundaryIs>
                </Polygon>
                <Polygon>
                  <altitudeMode>absolute</altitudeMode>
                  <outerBoundaryIs>
                    <LinearRing>
                      <coordinates>7.477199999999999,46.97455,556.4314433597552 7.477199999999999,46.97455,584.3214433597552 7.477199999999999,46.975300000000004,584.3214433597552 7.477199999999999,46.975300000000004,556.4314433597552</coordinates>
                    </LinearRing>
                  </outerBoundaryIs>
                </Polygon>
                <Polygon>
                  <altitudeMode>absolute</altitudeMode>
                  <outerBoundaryIs>
                    <LinearRing>
                      <coordinates>7.477199999999999,46.975300000000004,556.4314433597552 7.477199999999999,46.975300000000004,584.3214433597552 7.477600000000001,46.975300000000004,584.3214433597552 7.477600000000001,46.975300000000004,556.4314433597552</coordinates>
                    </LinearRing>
                  </outerBoundaryIs>
                </Polygon>
                <Polygon>
                  <altitudeMode>absolute</altitudeMode>
                  <outerBoundaryIs>
                    <LinearRing>
                      <coordinates>7.477600000000001,46.975300000000004,556.4314433597552 7.477600000000001,46.975300000000004,584.3214433597552 7.477600000000001,46.97455,584.3214433597552 7.477600000000001,46.97455,556.4314433597552</coordinates>
                    </LinearRing>
                  </outerBoundaryIs>
                </Polygon>
                <Polygon>
                  <altitudeMode>absolute</altitudeMode>
                  <outerBoundaryIs>
                    <LinearRing>
                      <coordinates>7.477600000000001,46.97455,556.4314433597552 7.477600000000001,46.97455,584.3214433597552 7.477199999999999,46.97455,584.3214433597552 7.477199999999999,46.97455,556.4314433597552</coordinates>
                    </LinearRing>
                  </outerBoundaryIs>
                </Polygon>
              </MultiGeometry>
            </Placemark>
          </Folder>
          <Folder>
            <name>E31: mock_uss astm.f3548.v21.uss.getOperationalIntentDetails</name>
            <Folder>
              <name>uss1's P0 Activated a150ca91-365e-4c46-b3c4-bd860057aa93[2] @ R3aIzF1z-Ld.iZhAJ1DUcitD38vZJzImThRJX5wTlu8_</name>
              <Placemark>
                <name>Nominal volume 0</name>
                <styleUrl>#F3548v21Activated</styleUrl>
                <TimeSpan>
                  <begin>2025-10-10T19:36:06.031267+00:00</begin>
                  <end>2025-10-10T20:21:07.031267+00:00</end>
                </TimeSpan>
                <MultiGeometry>
                  <Polygon>
                    <altitudeMode>absolute</altitudeMode>
                    <outerBoundaryIs>
                      <LinearRing>
                        <coordinates>7.4772,46.975,556.4314722710801 7.4774,46.97455,556.4314722710801 7.477600000000001,46.97495,556.4314722710801 7.4774,46.975300000000004,556.4314722710801</coordinates>
                      </LinearRing>
                    </outerBoundaryIs>
                  </Polygon>
                  <Polygon>
                    <altitudeMode>absolute</altitudeMode>
                    <outerBoundaryIs>
                      <LinearRing>
                        <coordinates>7.4772,46.975,584.3214722710801 7.4774,46.97455,584.3214722710801 7.477600000000001,46.97495,584.3214722710801 7.4774,46.975300000000004,584.3214722710801</coordinates>
                      </LinearRing>
                    </outerBoundaryIs>
                  </Polygon>
                  <Polygon>
                    <altitudeMode>absolute</altitudeMode>
                    <outerBoundaryIs>
                      <LinearRing>
                        <coordinates>7.4772,46.975,556.4314722710801 7.4772,46.975,584.3214722710801 7.4774,46.97455,584.3214722710801 7.4774,46.97455,556.4314722710801</coordinates>
                      </LinearRing>
                    </outerBoundaryIs>
                  </Polygon>
                  <Polygon>
                    <altitudeMode>absolute</altitudeMode>
                    <outerBoundaryIs>
                      <LinearRing>
                        <coordinates>7.4774,46.97455,556.4314722710801 7.4774,46.97455,584.3214722710801 7.477600000000001,46.97495,584.3214722710801 7.477600000000001,46.97495,556.4314722710801</coordinates>
                      </LinearRing>
                    </outerBoundaryIs>
                  </Polygon>
                  <Polygon>
                    <altitudeMode>absolute</altitudeMode>
                    <outerBoundaryIs>
                      <LinearRing>
                        <coordinates>7.477600000000001,46.97495,556.4314722710801 7.477600000000001,46.97495,584.3214722710801 7.4774,46.975300000000004,584.3214722710801 7.4774,46.975300000000004,556.4314722710801</coordinates>
                      </LinearRing>
                    </outerBoundaryIs>
                  </Polygon>
                  <Polygon>
                    <altitudeMode>absolute</altitudeMode>
                    <outerBoundaryIs>
                      <LinearRing>
                        <coordinates>7.4774,46.975300000000004,556.4314722710801 7.4774,46.975300000000004,584.3214722710801 7.4772,46.975,584.3214722710801 7.4772,46.975,556.4314722710801</coordinates>
                      </LinearRing>
                    </outerBoundaryIs>
                  </Polygon>
                </MultiGeometry>
              </Placemark>
            </Folder>
          </Folder>
        </Folder>
        <Folder>
          <name>Attempt to plan Flight 1</name>
          <Folder>
            <name>E37: uss1 astm.f3548.v21.dss.queryOperationalIntentReferences</name>
            <Placemark>
              <name>area_of_interest</name>
              <styleUrl>#QueryArea</styleUrl>
              <description><![CDATA[<ul><li>uss1's Activated a150ca91-365e-4c46-b3c4-bd860057aa93[2]</li></ul>]]></description>
              <TimeSpan>
                <begin>2025-10-10T19:36:06.132644+00:00</begin>
                <end>2025-10-10T20:21:07.132644+00:00</end>
              </TimeSpan>
              <MultiGeometry>
                <Polygon>
                  <altitudeMode>absolute</altitudeMode>
                  <outerBoundaryIs>
                    <LinearRing>
                      <coordinates>7.4772500000000015,46.97455,556.3313893166907 7.4772500000000015,46.974900000000005,556.3313893166907 7.477950000000001,46.974900000000005,556.3313893166907 7.477950000000001,46.97455,556.3313893166907</coordinates>
                    </LinearRing>
                  </outerBoundaryIs>
                </Polygon>
                <Polygon>
                  <altitudeMode>absolute</altitudeMode>
                  <outerBoundaryIs>
                    <LinearRing>
                      <coordinates>7.4772500000000015,46.97455,586.3213893166907 7.4772500000000015,46.974900000000005,586.3213893166907 7.477950000000001,46.974900000000005,586.3213893166907 7.477950000000001,46.97455,586.3213893166907</coordinates>
                    </LinearRing>
                  </outerBoundaryIs>
                </Polygon>
                <Polygon>
                  <altitudeMode>absolute</altitudeMode>
                  <outerBoundaryIs>
                    <LinearRing>
                      <coordinates>7.4772500000000015,46.97455,556.3313893166907 7.4772500000000015,46.97455,586.3213893166907 7.4772500000000015,46.974900000000005,586.3213893166907 7.4772500000000015,46.974900000000005,556.3313893166907</coordinates>
                    </LinearRing>
                  </outerBoundaryIs>
                </Polygon>
                <Polygon>
                  <altitudeMode>absolute</altitudeMode>
                  <outerBoundaryIs>
                    <LinearRing>
                      <coordinates>7.4772500000000015,46.974900000000005,556.3313893166907 7.4772500000000015,46.974900000000005,586.3213893166907 7.477950000000001,46.974900000000005,586.3213893166907 7.477950000000001,46.974900000000005,556.3313893166907</coordinates>
                    </LinearRing>
                  </outerBoundaryIs>
                </Polygon>
                <Polygon>
                  <altitudeMode>absolute</altitudeMode>
                  <outerBoundaryIs>
                    <LinearRing>
                      <coordinates>7.477950000000001,46.974900000000005,556.3313893166907 7.477950000000001,46.974900000000005,586.3213893166907 7.477950000000001,46.97455,586.3213893166907 7.477950000000001,46.97455,556.3313893166907</coordinates>
                    </LinearRing>
                  </outerBoundaryIs>
                </Polygon>
                <Polygon>
                  <altitudeMode>absolute</altitudeMode>
                  <outerBoundaryIs>
                    <LinearRing>
                      <coordinates>7.477950000000001,46.97455,556.3313893166907 7.477950000000001,46.97455,586.3213893166907 7.4772500000000015,46.97455,586.3213893166907 7.4772500000000015,46.97455,556.3313893166907</coordinates>
                    </LinearRing>
                  </outerBoundaryIs>
                </Polygon>
              </MultiGeometry>
            </Placemark>
          </Folder>
          <Folder>
            <name>E42: uss1 astm.f3548.v21.dss.queryOperationalIntentReferences</name>
            <Placemark>
              <name>area_of_interest</name>
              <styleUrl>#QueryArea</styleUrl>
              <description><![CDATA[<ul><li>uss1's Activated a150ca91-365e-4c46-b3c4-bd860057aa93[2]</li></ul>]]></description>
              <TimeSpan>
                <begin>2025-10-10T19:36:06.132644+00:00</begin>
                <end>2025-10-10T20:21:07.132644+00:00</end>
              </TimeSpan>
              <MultiGeometry>
                <Polygon>
                  <altitudeMode>absolute</altitudeMode>
                  <outerBoundaryIs>
                    <LinearRing>
                      <coordinates>7.4772500000000015,46.97455,556.3313893166907 7.4772500000000015,46.974900000000005,556.3313893166907 7.477950000000001,46.974900000000005,556.3313893166907 7.477950000000001,46.97455,556.3313893166907</coordinates>
                    </LinearRing>
                  </outerBoundaryIs>
                </Polygon>
                <Polygon>
                  <altitudeMode>absolute</altitudeMode>
                  <outerBoundaryIs>
                    <LinearRing>
                      <coordinates>7.4772500000000015,46.97455,586.3213893166907 7.4772500000000015,46.974900000000005,586.3213893166907 7.477950000000001,46.974900000000005,586.3213893166907 7.477950000000001,46.97455,586.3213893166907</coordinates>
                    </LinearRing>
                  </outerBoundaryIs>
                </Polygon>
                <Polygon>
                  <altitudeMode>absolute</altitudeMode>
                  <outerBoundaryIs>
                    <LinearRing>
                      <coordinates>7.4772500000000015,46.97455,556.3313893166907 7.4772500000000015,46.97455,586.3213893166907 7.4772500000000015,46.974900000000005,586.3213893166907 7.4772500000000015,46.974900000000005,556.3313893166907</coordinates>
                    </LinearRing>
                  </outerBoundaryIs>
                </Polygon>
                <Polygon>
                  <altitudeMode>absolute</altitudeMode>
                  <outerBoundaryIs>
                    <LinearRing>
                      <coordinates>7.4772500000000015,46.974900000000005,556.3313893166907 7.4772500000000015,46.974900000000005,586.3213893166907 7.477950000000001,46.974900000000005,586.3213893166907 7.477950000000001,46.974900000000005,556.3313893166907</coordinates>
                    </LinearRing>
                  </outerBoundaryIs>
                </Polygon>
                <Polygon>
                  <altitudeMode>absolute</altitudeMode>
                  <outerBoundaryIs>
                    <LinearRing>
                      <coordinates>7.477950000000001,46.974900000000005,556.3313893166907 7.477950000000001,46.974900000000005,586.3213893166907 7.477950000000001,46.97455,586.3213893166907 7.477950000000001,46.97455,556.3313893166907</coordinates>
                    </LinearRing>
                  </outerBoundaryIs>
                </Polygon>
                <Polygon>
                  <altitudeMode>absolute</altitudeMode>
                  <outerBoundaryIs>
                    <LinearRing>
                      <coordinates>7.477950000000001,46.97455,556.3313893166907 7.477950000000001,46.97455,586.3213893166907 7.4772500000000015,46.97455,586.3213893166907 7.4772500000000015,46.97455,556.3313893166907</coordinates>
                    </LinearRing>
                  </outerBoundaryIs>
                </Polygon>
              </MultiGeometry>
            </Placemark>
          </Folder>
        </Folder>
      </Folder>
      <Folder>
        <name>Attempt to activate flight into conflict</name>
        <Folder>
          <name>Attempt to directly activate conflicting Flight 1</name>
          <Folder>
            <name>E45: uss1 astm.f3548.v21.dss.queryOperationalIntentReferences</name>
            <Placemark>
              <name>area_of_interest</name>
              <styleUrl>#QueryArea</styleUrl>
              <description><![CDATA[<ul><li>uss1's Activated a150ca91-365e-4c46-b3c4-bd860057aa93[2]</li></ul>]]></description>
              <TimeSpan>
                <begin>2025-10-10T19:36:06.179318+00:00</begin>
                <end>2025-10-10T20:21:07.179318+00:00</end>
              </TimeSpan>
              <MultiGeometry>
                <Polygon>
                  <altitudeMode>absolute</altitudeMode>
                  <outerBoundaryIs>
                    <LinearRing>
                      <coordinates>7.4772500000000015,46.97455,556.3413893166907 7.4772500000000015,46.974900000000005,556.3413893166907 7.477950000000001,46.974900000000005,556.3413893166907 7.477950000000001,46.97455,556.3413893166907</coordinates>
                    </LinearRing>
                  </outerBoundaryIs>
                </Polygon>
                <Polygon>
                  <altitudeMode>absolute</altitudeMode>
                  <outerBoundaryIs>
                    <LinearRing>
                      <coordinates>7.4772500000000015,46.97455,586.3213893166907 7.4772500000000015,46.974900000000005,586.3213893166907 7.477950000000001,46.974900000000005,586.3213893166907 7.477950000000001,46.97455,586.3213893166907</coordinates>
                    </LinearRing>
                  </outerBoundaryIs>
                </Polygon>
                <Polygon>
                  <altitudeMode>absolute</altitudeMode>
                  <outerBoundaryIs>
                    <LinearRing>
                      <coordinates>7.4772500000000015,46.97455,556.3413893166907 7.4772500000000015,46.97455,586.3213893166907 7.4772500000000015,46.974900000000005,586.3213893166907 7.4772500000000015,46.974900000000005,556.3413893166907</coordinates>
                    </LinearRing>
                  </outerBoundaryIs>
                </Polygon>
                <Polygon>
                  <altitudeMode>absolute</altitudeMode>
                  <outerBoundaryIs>
                    <LinearRing>
                      <coordinates>7.4772500000000015,46.974900000000005,556.3413893166907 7.4772500000000015,46.974900000000005,586.3213893166907 7.477950000000001,46.974900000000005,586.3213893166907 7.477950000000001,46.974900000000005,556.3413893166907</coordinates>
                    </LinearRing>
                  </outerBoundaryIs>
                </Polygon>
                <Polygon>
                  <altitudeMode>absolute</altitudeMode>
                  <outerBoundaryIs>
                    <LinearRing>
                      <coordinates>7.477950000000001,46.974900000000005,556.3413893166907 7.477950000000001,46.974900000000005,586.3213893166907 7.477950000000001,46.97455,586.3213893166907 7.477950000000001,46.97455,556.3413893166907</coordinates>
                    </LinearRing>
                  </outerBoundaryIs>
                </Polygon>
                <Polygon>
                  <altitudeMode>absolute</altitudeMode>
                  <outerBoundaryIs>
                    <LinearRing>
                      <coordinates>7.477950000000001,46.97455,556.3413893166907 7.477950000000001,46.97455,586.3213893166907 7.4772500000000015,46.97455,586.3213893166907 7.4772500000000015,46.97455,556.3413893166907</coordinates>
                    </LinearRing>
                  </outerBoundaryIs>
                </Polygon>
              </MultiGeometry>
            </Placemark>
          </Folder>
          <Folder>
            <name>E50: uss1 astm.f3548.v21.dss.queryOperationalIntentReferences</name>
            <Placemark>
              <name>area_of_interest</name>
              <styleUrl>#QueryArea</styleUrl>
              <description><![CDATA[<ul><li>uss1's Activated a150ca91-365e-4c46-b3c4-bd860057aa93[2]</li></ul>]]></description>
              <TimeSpan>
                <begin>2025-10-10T19:36:06.179318+00:00</begin>
                <end>2025-10-10T20:21:07.179318+00:00</end>
              </TimeSpan>
              <MultiGeometry>
                <Polygon>
                  <altitudeMode>absolute</altitudeMode>
                  <outerBoundaryIs>
                    <LinearRing>
                      <coordinates>7.4772500000000015,46.97455,556.3413893166907 7.4772500000000015,46.974900000000005,556.3413893166907 7.477950000000001,46.974900000000005,556.3413893166907 7.477950000000001,46.97455,556.3413893166907</coordinates>
                    </LinearRing>
                  </outerBoundaryIs>
                </Polygon>
                <Polygon>
                  <altitudeMode>absolute</altitudeMode>
                  <outerBoundaryIs>
                    <LinearRing>
                      <coordinates>7.4772500000000015,46.97455,586.3213893166907 7.4772500000000015,46.974900000000005,586.3213893166907 7.477950000000001,46.974900000000005,586.3213893166907 7.477950000000001,46.97455,586.3213893166907</coordinates>
                    </LinearRing>
                  </outerBoundaryIs>
                </Polygon>
                <Polygon>
                  <altitudeMode>absolute</altitudeMode>
                  <outerBoundaryIs>
                    <LinearRing>
                      <coordinates>7.4772500000000015,46.97455,556.3413893166907 7.4772500000000015,46.97455,586.3213893166907 7.4772500000000015,46.974900000000005,586.3213893166907 7.4772500000000015,46.974900000000005,556.3413893166907</coordinates>
                    </LinearRing>
                  </outerBoundaryIs>
                </Polygon>
                <Polygon>
                  <altitudeMode>absolute</altitudeMode>
                  <outerBoundaryIs>
                    <LinearRing>
                      <coordinates>7.4772500000000015,46.974900000000005,556.3413893166907 7.4772500000000015,46.974900000000005,586.3213893166907 7.477950000000001,46.974900000000005,586.3213893166907 7.477950000000001,46.974900000000005,556.3413893166907</coordinates>
                    </LinearRing>
                  </outerBoundaryIs>
                </Polygon>
                <Polygon>
                  <altitudeMode>absolute</altitudeMode>
                  <outerBoundaryIs>
                    <LinearRing>
                      <coordinates>7.477950000000001,46.974900000000005,556.3413893166907 7.477950000000001,46.974900000000005,586.3213893166907 7.477950000000001,46.97455,586.3213893166907 7.477950000000001,46.97455,556.3413893166907</coordinates>
                    </LinearRing>
                  </outerBoundaryIs>
                </Polygon>
                <Polygon>
                  <altitudeMode>absolute</altitudeMode>
                  <outerBoundaryIs>
                    <LinearRing>
                      <coordinates>7.477950000000001,46.97455,556.3413893166907 7.477950000000001,46.97455,586.3213893166907 7.4772500000000015,46.97455,586.3213893166907 7.4772500000000015,46.97455,556.3413893166907</coordinates>
                    </LinearRing>
                  </outerBoundaryIs>
                </Polygon>
              </MultiGeometry>
            </Placemark>
          </Folder>
        </Folder>
      </Folder>
      <Folder>
        <name>Attempt to modify planned flight into conflict</name>
        <Folder>
          <name>Plan Flight 1c</name>
          <Folder>
            <name>E53: uss1 astm.f3548.v21.dss.queryOperationalIntentReferences</name>
            <Placemark>
              <name>area_of_interest</name>
              <styleUrl>#QueryArea</styleUrl>
              <description><![CDATA[<ul><li>uss1's Activated a150ca91-365e-4c46-b3c4-bd860057aa93[2]</li></ul>]]></description>
              <TimeSpan>
                <begin>2025-10-10T19:36:06.226157+00:00</begin>
                <end>2025-10-10T20:21:07.226157+00:00</end>
              </TimeSpan>
              <MultiGeometry>
                <Polygon>
                  <altitudeMode>absolute</altitudeMode>
                  <outerBoundaryIs>
                    <LinearRing>
                      <coordinates>7.477700000000001,46.97455,551.2815888045192 7.477700000000001,46.974900000000005,551.2815888045192 7.477950000000001,46.974900000000005,551.2815888045192 7.477950000000001,46.97455,551.2815888045192</coordinates>
                    </LinearRing>
                  </outerBoundaryIs>
                </Polygon>
                <Polygon>
                  <altitudeMode>absolute</altitudeMode>
                  <outerBoundaryIs>
                    <LinearRing>
                      <coordinates>7.477700000000001,46.97455,591.3215888045191 7.477700000000001,46.974900000000005,591.3215888045191 7.477950000000001,46.974900000000005,591.3215888045191 7.477950000000001,46.97455,591.3215888045191</coordinates>
                    </LinearRing>
                  </outerBoundaryIs>
                </Polygon>
                <Polygon>
                  <altitudeMode>absolute</altitudeMode>
                  <outerBoundaryIs>
                    <LinearRing>
                      <coordinates>7.477700000000001,46.97455,551.2815888045192 7.477700000000001,46.97455,591.3215888045191 7.477700000000001,46.974900000000005,591.3215888045191 7.477700000000001,46.974900000000005,551.2815888045192</coordinates>
                    </LinearRing>
                  </outerBoundaryIs>
                </Polygon>
                <Polygon>
                  <altitudeMode>absolute</altitudeMode>
                  <outerBoundaryIs>
                    <LinearRing>
                      <coordinates>7.477700000000001,46.974900000000005,551.2815888045192 7.477700000000001,46.974900000000005,591.3215888045191 7.477950000000001,46.974900000000005,591.3215888045191 7.477950000000001,46.974900000000005,551.2815888045192</coordinates>
                    </LinearRing>
                  </outerBoundaryIs>
                </Polygon>
                <Polygon>
                  <altitudeMode>absolute</altitudeMode>
                  <outerBoundaryIs>
                    <LinearRing>
                      <coordinates>7.477950000000001,46.974900000000005,551.2815888045192 7.477950000000001,46.974900000000005,591.3215888045191 7.477950000000001,46.97455,591.3215888045191 7.477950000000001,46.97455,551.2815888045192</coordinates>
                    </LinearRing>
                  </outerBoundaryIs>
                </Polygon>
                <Polygon>
                  <altitudeMode>absolute</altitudeMode>
                  <outerBoundaryIs>
                    <LinearRing>
                      <coordinates>7.477950000000001,46.97455,551.2815888045192 7.477950000000001,46.97455,591.3215888045191 7.477700000000001,46.97455,591.3215888045191 7.477700000000001,46.97455,551.2815888045192</coordinates>
                    </LinearRing>
                  </outerBoundaryIs>
                </Polygon>
              </MultiGeometry>
            </Placemark>
          </Folder>
          <Folder>
            <name>E59: uss1 astm.f3548.v21.dss.queryOperationalIntentReferences</name>
            <Placemark>
              <name>area_of_interest</name>
              <styleUrl>#QueryArea</styleUrl>
              <description><![CDATA[<ul><li>uss1's Activated a150ca91-365e-4c46-b3c4-bd860057aa93[2]</li><li>uss1's Accepted f22c5c72-eddb-4ecd-b458-cc9870a6c3bd[1]</li></ul>]]></description>
              <TimeSpan>
                <begin>2025-10-10T19:36:06.226157+00:00</begin>
                <end>2025-10-10T20:21:07.226157+00:00</end>
              </TimeSpan>
              <MultiGeometry>
                <Polygon>
                  <altitudeMode>absolute</altitudeMode>
                  <outerBoundaryIs>
                    <LinearRing>
                      <coordinates>7.477700000000001,46.97455,551.2815888045192 7.477700000000001,46.974900000000005,551.2815888045192 7.477950000000001,46.974900000000005,551.2815888045192 7.477950000000001,46.97455,551.2815888045192</coordinates>
                    </LinearRing>
                  </outerBoundaryIs>
                </Polygon>
                <Polygon>
                  <altitudeMode>absolute</altitudeMode>
                  <outerBoundaryIs>
                    <LinearRing>
                      <coordinates>7.477700000000001,46.97455,591.3215888045191 7.477700000000001,46.974900000000005,591.3215888045191 7.477950000000001,46.974900000000005,591.3215888045191 7.477950000000001,46.97455,591.3215888045191</coordinates>
                    </LinearRing>
                  </outerBoundaryIs>
                </Polygon>
                <Polygon>
                  <altitudeMode>absolute</altitudeMode>
                  <outerBoundaryIs>
                    <LinearRing>
                      <coordinates>7.477700000000001,46.97455,551.2815888045192 7.477700000000001,46.97455,591.3215888045191 7.477700000000001,46.974900000000005,591.3215888045191 7.477700000000001,46.974900000000005,551.2815888045192</coordinates>
                    </LinearRing>
                  </outerBoundaryIs>
                </Polygon>
                <Polygon>
                  <altitudeMode>absolute</altitudeMode>
                  <outerBoundaryIs>
                    <LinearRing>
                      <coordinates>7.477700000000001,46.974900000000005,551.2815888045192 7.477700000000001,46.974900000000005,591.3215888045191 7.477950000000001,46.974900000000005,591.3215888045191 7.477950000000001,46.974900000000005,551.2815888045192</coordinates>
                    </LinearRing>
                  </outerBoundaryIs>
                </Polygon>
                <Polygon>
                  <altitudeMode>absolute</altitudeMode>
                  <outerBoundaryIs>
                    <LinearRing>
                      <coordinates>7.477950000000001,46.974900000000005,551.2815888045192 7.477950000000001,46.974900000000005,591.3215888045191 7.477950000000001,46.97455,591.3215888045191 7.477950000000001,46.97455,551.2815888045192</coordinates>
                    </LinearRing>
                  </outerBoundaryIs>
                </Polygon>
                <Polygon>
                  <altitudeMode>absolute</altitudeMode>
                  <outerBoundaryIs>
                    <LinearRing>
                      <coordinates>7.477950000000001,46.97455,551.2815888045192 7.477950000000001,46.97455,591.3215888045191 7.477700000000001,46.97455,591.3215888045191 7.477700000000001,46.97455,551.2815888045192</coordinates>
                    </LinearRing>
                  </outerBoundaryIs>
                </Polygon>
              </MultiGeometry>
            </Placemark>
          </Folder>
          <Folder>
            <name>E63: uss1 astm.f3548.v21.uss.getOperationalIntentDetails</name>
            <Folder>
              <name>uss1's P0 Accepted f22c5c72-eddb-4ecd-b458-cc9870a6c3bd[1] @ tiDcR1Zkc2x.qsyBJBBRCtPr5U7qeGadr73oG9Sm0w8_</name>
              <Placemark>
                <name>Nominal volume 0</name>
                <styleUrl>#F3548v21Accepted</styleUrl>
                <TimeSpan>
                  <begin>2025-10-10T19:36:06.226157+00:00</begin>
                  <end>2025-10-10T20:21:07.226157+00:00</end>
                </TimeSpan>
                <MultiGeometry>
                  <Polygon>
                    <altitudeMode>absolute</altitudeMode>
                    <outerBoundaryIs>
                      <LinearRing>
                        <coordinates>7.4777000000000005,46.9746,551.2815922252929 7.4777000000000005,46.974900000000005,551.2815922252929 7.4779,46.974900000000005,551.2815922252929 7.47795,46.97455,551.2815922252929</coordinates>
                      </LinearRing>
                    </outerBoundaryIs>
                  </Polygon>
                  <Polygon>
                    <altitudeMode>absolute</altitudeMode>
                    <outerBoundaryIs>
                      <LinearRing>
                        <coordinates>7.4777000000000005,46.9746,591.3215922252929 7.4777000000000005,46.974900000000005,591.3215922252929 7.4779,46.974900000000005,591.3215922252929 7.47795,46.97455,591.3215922252929</coordinates>
                      </LinearRing>
                    </outerBoundaryIs>
                  </Polygon>
                  <Polygon>
                    <altitudeMode>absolute</altitudeMode>
                    <outerBoundaryIs>
                      <LinearRing>
                        <coordinates>7.4777000000000005,46.9746,551.2815922252929 7.4777000000000005,46.9746,591.3215922252929 7.4777000000000005,46.974900000000005,591.3215922252929 7.4777000000000005,46.974900000000005,551.2815922252929</coordinates>
                      </LinearRing>
                    </outerBoundaryIs>
                  </Polygon>
                  <Polygon>
                    <altitudeMode>absolute</altitudeMode>
                    <outerBoundaryIs>
                      <LinearRing>
                        <coordinates>7.4777000000000005,46.974900000000005,551.2815922252929 7.4777000000000005,46.974900000000005,591.3215922252929 7.4779,46.974900000000005,591.3215922252929 7.4779,46.974900000000005,551.2815922252929</coordinates>
                      </LinearRing>
                    </outerBoundaryIs>
                  </Polygon>
                  <Polygon>
                    <altitudeMode>absolute</altitudeMode>
                    <outerBoundaryIs>
                      <LinearRing>
                        <coordinates>7.4779,46.974900000000005,551.2815922252929 7.4779,46.974900000000005,591.3215922252929 7.47795,46.97455,591.3215922252929 7.47795,46.97455,551.2815922252929</coordinates>
                      </LinearRing>
                    </outerBoundaryIs>
                  </Polygon>
                  <Polygon>
                    <altitudeMode>absolute</altitudeMode>
                    <outerBoundaryIs>
                      <LinearRing>
                        <coordinates>7.47795,46.97455,551.2815922252929 7.47795,46.97455,591.3215922252929 7.4777000000000005,46.9746,591.3215922252929 7.4777000000000005,46.9746,551.2815922252929</coordinates>
                      </LinearRing>
                    </outerBoundaryIs>
                  </Polygon>
                </MultiGeometry>
              </Placemark>
            </Folder>
          </Folder>
        </Folder>
        <Folder>
          <name>Attempt to modify planned Flight 1c into conflict</name>
          <Folder>
            <name>E69: uss1 astm.f3548.v21.dss.queryOperationalIntentReferences</name>
            <Placemark>
              <name>area_of_interest</name>
              <styleUrl>#QueryArea</styleUrl>
              <description><![CDATA[<ul><li>uss1's Activated a150ca91-365e-4c46-b3c4-bd860057aa93[2]</li><li>uss1's Accepted f22c5c72-eddb-4ecd-b458-cc9870a6c3bd[1]</li></ul>]]></description>
              <TimeSpan>
                <begin>2025-10-10T19:36:06.226157+00:00</begin>
                <end>2025-10-10T20:21:07.327893+00:00</end>
              </TimeSpan>
              <MultiGeometry>
                <Polygon>
                  <altitudeMode>absolute</altitudeMode>
                  <outerBoundaryIs>
                    <LinearRing>
                      <coordinates>7.4772500000000015,46.97455,551.2813893166907 7.4772500000000015,46.974900000000005,551.2813893166907 7.477950000000001,46.974900000000005,551.2813893166907 7.477950000000001,46.97455,551.2813893166907</coordinates>
                    </LinearRing>
                  </outerBoundaryIs>
                </Polygon>
                <Polygon>
                  <altitudeMode>absolute</altitudeMode>
                  <outerBoundaryIs>
                    <LinearRing>
                      <coordinates>7.4772500000000015,46.97455,591.3213893166907 7.4772500000000015,46.974900000000005,591.3213893166907 7.477950000000001,46.974900000000005,591.3213893166907 7.477950000000001,46.97455,591.3213893166907</coordinates>
                    </LinearRing>
                  </outerBoundaryIs>
                </Polygon>
                <Polygon>
                  <altitudeMode>absolute</altitudeMode>
                  <outerBoundaryIs>
                    <LinearRing>
                      <coordinates>7.4772500000000015,46.97455,551.2813893166907 7.4772500000000015,46.97455,591.3213893166907 7.4772500000000015,46.974900000000005,591.3213893166907 7.4772500000000015,46.974900000000005,551.2813893166907</coordinates>
                    </LinearRing>
                  </outerBoundaryIs>
                </Polygon>
                <Polygon>
                  <altitudeMode>absolute</altitudeMode>
                  <outerBoundaryIs>
                    <LinearRing>
                      <coordinates>7.4772500000000015,46.974900000000005,551.2813893166907 7.4772500000000015,46.974900000000005,591.3213893166907 7.477950000000001,46.974900000000005,591.3213893166907 7.477950000000001,46.974900000000005,551.2813893166907</coordinates>
                    </LinearRing>
                  </outerBoundaryIs>
                </Polygon>
                <Polygon>
                  <altitudeMode>absolute</altitudeMode>
                  <outerBoundaryIs>
                    <LinearRing>
                      <coordinates>7.477950000000001,46.974900000000005,551.2813893166907 7.477950000000001,46.974900000000005,591.3213893166907 7.477950000000001,46.97455,591.3213893166907 7.477950000000001,46.97455,551.2813893166907</coordinates>
                    </LinearRing>
                  </outerBoundaryIs>
                </Polygon>
                <Polygon>
                  <altitudeMode>absolute</altitudeMode>
                  <outerBoundaryIs>
                    <LinearRing>
                      <coordinates>7.477950000000001,46.97455,551.2813893166907 7.477950000000001,46.97455,591.3213893166907 7.4772500000000015,46.97455,591.3213893166907 7.4772500000000015,46.97455,551.2813893166907</coordinates>
                    </LinearRing>
                  </outerBoundaryIs>
                </Polygon>
              </MultiGeometry>
            </Placemark>
          </Folder>
          <Folder>
            <name>E74: uss1 astm.f3548.v21.dss.queryOperationalIntentReferences</name>
            <Placemark>
              <name>area_of_interest</name>
              <styleUrl>#QueryArea</styleUrl>
              <description><![CDATA[<ul><li>uss1's Activated a150ca91-365e-4c46-b3c4-bd860057aa93[2]</li><li>uss1's Accepted f22c5c72-eddb-4ecd-b458-cc9870a6c3bd[1]</li></ul>]]></description>
              <TimeSpan>
                <begin>2025-10-10T19:36:06.226157+00:00</begin>
                <end>2025-10-10T20:21:07.327893+00:00</end>
              </TimeSpan>
              <MultiGeometry>
                <Polygon>
                  <altitudeMode>absolute</altitudeMode>
                  <outerBoundaryIs>
                    <LinearRing>
                      <coordinates>7.4772500000000015,46.97455,551.2813893166907 7.4772500000000015,46.974900000000005,551.2813893166907 7.477950000000001,46.974900000000005,551.2813893166907 7.477950000000001,46.97455,551.2813893166907</coordinates>
                    </LinearRing>
                  </outerBoundaryIs>
                </Polygon>
                <Polygon>
                  <altitudeMode>absolute</altitudeMode>
                  <outerBoundaryIs>
                    <LinearRing>
                      <coordinates>7.4772500000000015,46.97455,591.3213893166907 7.4772500000000015,46.974900000000005,591.3213893166907 7.477950000000001,46.974900000000005,591.3213893166907 7.477950000000001,46.97455,591.3213893166907</coordinates>
                    </LinearRing>
                  </outerBoundaryIs>
                </Polygon>
                <Polygon>
                  <altitudeMode>absolute</altitudeMode>
                  <outerBoundaryIs>
                    <LinearRing>
                      <coordinates>7.4772500000000015,46.97455,551.2813893166907 7.4772500000000015,46.97455,591.3213893166907 7.4772500000000015,46.974900000000005,591.3213893166907 7.4772500000000015,46.974900000000005,551.2813893166907</coordinates>
                    </LinearRing>
                  </outerBoundaryIs>
                </Polygon>
                <Polygon>
                  <altitudeMode>absolute</altitudeMode>
                  <outerBoundaryIs>
                    <LinearRing>
                      <coordinates>7.4772500000000015,46.974900000000005,551.2813893166907 7.4772500000000015,46.974900000000005,591.3213893166907 7.477950000000001,46.974900000000005,591.3213893166907 7.477950000000001,46.974900000000005,551.2813893166907</coordinates>
                    </LinearRing>
                  </outerBoundaryIs>
                </Polygon>
                <Polygon>
                  <altitudeMode>absolute</altitudeMode>
                  <outerBoundaryIs>
                    <LinearRing>
                      <coordinates>7.477950000000001,46.974900000000005,551.2813893166907 7.477950000000001,46.974900000000005,591.3213893166907 7.477950000000001,46.97455,591.3213893166907 7.477950000000001,46.97455,551.2813893166907</coordinates>
                    </LinearRing>
                  </outerBoundaryIs>
                </Polygon>
                <Polygon>
                  <altitudeMode>absolute</altitudeMode>
                  <outerBoundaryIs>
                    <LinearRing>
                      <coordinates>7.477950000000001,46.97455,551.2813893166907 7.477950000000001,46.97455,591.3213893166907 7.4772500000000015,46.97455,591.3213893166907 7.4772500000000015,46.97455,551.2813893166907</coordinates>
                    </LinearRing>
                  </outerBoundaryIs>
                </Polygon>
              </MultiGeometry>
            </Placemark>
          </Folder>
          <Folder>
            <name>E78: uss1 astm.f3548.v21.uss.getOperationalIntentDetails</name>
            <Folder>
              <name>uss1's P0 Accepted f22c5c72-eddb-4ecd-b458-cc9870a6c3bd[1] @ tiDcR1Zkc2x.qsyBJBBRCtPr5U7qeGadr73oG9Sm0w8_</name>
              <Placemark>
                <name>Nominal volume 0</name>
                <styleUrl>#F3548v21Accepted</styleUrl>
                <TimeSpan>
                  <begin>2025-10-10T19:36:06.226157+00:00</begin>
                  <end>2025-10-10T20:21:07.226157+00:00</end>
                </TimeSpan>
                <MultiGeometry>
                  <Polygon>
                    <altitudeMode>absolute</altitudeMode>
                    <outerBoundaryIs>
                      <LinearRing>
                        <coordinates>7.4777000000000005,46.9746,551.2815922252929 7.4777000000000005,46.974900000000005,551.2815922252929 7.4779,46.974900000000005,551.2815922252929 7.47795,46.97455,551.2815922252929</coordinates>
                      </LinearRing>
                    </outerBoundaryIs>
                  </Polygon>
                  <Polygon>
                    <altitudeMode>absolute</altitudeMode>
                    <outerBoundaryIs>
                      <LinearRing>
                        <coordinates>7.4777000000000005,46.9746,591.3215922252929 7.4777000000000005,46.974900000000005,591.3215922252929 7.4779,46.974900000000005,591.3215922252929 7.47795,46.97455,591.3215922252929</coordinates>
                      </LinearRing>
                    </outerBoundaryIs>
                  </Polygon>
                  <Polygon>
                    <altitudeMode>absolute</altitudeMode>
                    <outerBoundaryIs>
                      <LinearRing>
                        <coordinates>7.4777000000000005,46.9746,551.2815922252929 7.4777000000000005,46.9746,591.3215922252929 7.4777000000000005,46.974900000000005,591.3215922252929 7.4777000000000005,46.974900000000005,551.2815922252929</coordinates>
                      </LinearRing>
                    </outerBoundaryIs>
                  </Polygon>
                  <Polygon>
                    <altitudeMode>absolute</altitudeMode>
                    <outerBoundaryIs>
                      <LinearRing>
                        <coordinates>7.4777000000000005,46.974900000000005,551.2815922252929 7.4777000000000005,46.974900000000005,591.3215922252929 7.4779,46.974900000000005,591.3215922252929 7.4779,46.974900000000005,551.2815922252929</coordinates>
                      </LinearRing>
                    </outerBoundaryIs>
                  </Polygon>
                  <Polygon>
                    <altitudeMode>absolute</altitudeMode>
                    <outerBoundaryIs>
                      <LinearRing>
                        <coordinates>7.4779,46.974900000000005,551.2815922252929 7.4779,46.974900000000005,591.3215922252929 7.47795,46.97455,591.3215922252929 7.47795,46.97455,551.2815922252929</coordinates>
                      </LinearRing>
                    </outerBoundaryIs>
                  </Polygon>
                  <Polygon>
                    <altitudeMode>absolute</altitudeMode>
                    <outerBoundaryIs>
                      <LinearRing>
                        <coordinates>7.47795,46.97455,551.2815922252929 7.47795,46.97455,591.3215922252929 7.4777000000000005,46.9746,591.3215922252929 7.4777000000000005,46.9746,551.2815922252929</coordinates>
                      </LinearRing>
                    </outerBoundaryIs>
                  </Polygon>
                </MultiGeometry>
              </Placemark>
            </Folder>
          </Folder>
        </Folder>
      </Folder>
      <Folder>
        <name>Attempt to modify activated flight into conflict</name>
        <Folder>
          <name>Activate Flight 1c</name>
          <Folder>
            <name>E84: uss1 astm.f3548.v21.dss.queryOperationalIntentReferences</name>
            <Placemark>
              <name>area_of_interest</name>
              <styleUrl>#QueryArea</styleUrl>
              <description><![CDATA[<ul><li>uss1's Activated a150ca91-365e-4c46-b3c4-bd860057aa93[2]</li><li>uss1's Accepted f22c5c72-eddb-4ecd-b458-cc9870a6c3bd[1]</li></ul>]]></description>
              <TimeSpan>
                <begin>2025-10-10T19:36:06.407366+00:00</begin>
                <end>2025-10-10T20:21:07.407366+00:00</end>
              </TimeSpan>
              <MultiGeometry>
                <Polygon>
                  <altitudeMode>absolute</altitudeMode>
                  <outerBoundaryIs>
                    <LinearRing>
                      <coordinates>7.477700000000001,46.97455,556.3818206717945 7.477700000000001,46.975300000000004,556.3818206717945 7.477950000000001,46.975300000000004,556.3818206717945 7.477950000000001,46.97455,556.3818206717945</coordinates>
                    </LinearRing>
                  </outerBoundaryIs>
                </Polygon>
                <Polygon>
                  <altitudeMode>absolute</altitudeMode>
                  <outerBoundaryIs>
                    <LinearRing>
                      <coordinates>7.477700000000001,46.97455,591.3218206717945 7.477700000000001,46.975300000000004,591.3218206717945 7.477950000000001,46.975300000000004,591.3218206717945 7.477950000000001,46.97455,591.3218206717945</coordinates>
                    </LinearRing>
                  </outerBoundaryIs>
                </Polygon>
                <Polygon>
                  <altitudeMode>absolute</altitudeMode>
                  <outerBoundaryIs>
                    <LinearRing>
                      <coordinates>7.477700000000001,46.97455,556.3818206717945 7.477700000000001,46.97455,591.3218206717945 7.477700000000001,46.975300000000004,591.3218206717945 7.477700000000001,46.975300000000004,556.3818206717945</coordinates>
                    </LinearRing>
                  </outerBoundaryIs>
                </Polygon>
                <Polygon>
                  <altitudeMode>absolute</altitudeMode>
                  <outerBoundaryIs>
                    <LinearRing>
                      <coordinates>7.477700000000001,46.975300000000004,556.3818206717945 7.477700000000001,46.975300000000004,591.3218206717945 7.477950000000001,46.975300000000004,591.3218206717945 7.477950000000001,46.975300000000004,556.3818206717945</coordinates>
                    </LinearRing>
                  </outerBoundaryIs>
                </Polygon>
                <Polygon>
                  <altitudeMode>absolute</altitudeMode>
                  <outerBoundaryIs>
                    <LinearRing>
                      <coordinates>7.477950000000001,46.975300000000004,556.3818206717945 7.477950000000001,46.975300000000004,591.3218206717945 7.477950000000001,46.97455,591.3218206717945 7.477950000000001,46.97455,556.3818206717945</coordinates>
                    </LinearRing>
                  </outerBoundaryIs>
                </Polygon>
                <Polygon>
                  <altitudeMode>absolute</altitudeMode>
                  <outerBoundaryIs>
                    <LinearRing>
                      <coordinates>7.477950000000001,46.97455,556.3818206717945 7.477950000000001,46.97455,591.3218206717945 7.477700000000001,46.97455,591.3218206717945 7.477700000000001,46.97455,556.3818206717945</coordinates>
                    </LinearRing>
                  </outerBoundaryIs>
                </Polygon>
              </MultiGeometry>
            </Placemark>
          </Folder>
          <Folder>
            <name>E89: uss1 astm.f3548.v21.dss.queryOperationalIntentReferences</name>
            <Placemark>
              <name>area_of_interest</name>
              <styleUrl>#QueryArea</styleUrl>
              <description><![CDATA[<ul><li>uss1's Activated a150ca91-365e-4c46-b3c4-bd860057aa93[2]</li><li>uss1's Activated f22c5c72-eddb-4ecd-b458-cc9870a6c3bd[2]</li></ul>]]></description>
              <TimeSpan>
                <begin>2025-10-10T19:36:06.407366+00:00</begin>
                <end>2025-10-10T20:21:07.407366+00:00</end>
              </TimeSpan>
              <MultiGeometry>
                <Polygon>
                  <altitudeMode>absolute</altitudeMode>
                  <outerBoundaryIs>
                    <LinearRing>
                      <coordinates>7.477700000000001,46.97455,556.3818206717945 7.477700000000001,46.975300000000004,556.3818206717945 7.477950000000001,46.975300000000004,556.3818206717945 7.477950000000001,46.97455,556.3818206717945</coordinates>
                    </LinearRing>
                  </outerBoundaryIs>
                </Polygon>
                <Polygon>
                  <altitudeMode>absolute</altitudeMode>
                  <outerBoundaryIs>
                    <LinearRing>
                      <coordinates>7.477700000000001,46.97455,591.3218206717945 7.477700000000001,46.975300000000004,591.3218206717945 7.477950000000001,46.975300000000004,591.3218206717945 7.477950000000001,46.97455,591.3218206717945</coordinates>
                    </LinearRing>
                  </outerBoundaryIs>
                </Polygon>
                <Polygon>
                  <altitudeMode>absolute</altitudeMode>
                  <outerBoundaryIs>
                    <LinearRing>
                      <coordinates>7.477700000000001,46.97455,556.3818206717945 7.477700000000001,46.97455,591.3218206717945 7.477700000000001,46.975300000000004,591.3218206717945 7.477700000000001,46.975300000000004,556.3818206717945</coordinates>
                    </LinearRing>
                  </outerBoundaryIs>
                </Polygon>
                <Polygon>
                  <altitudeMode>absolute</altitudeMode>
                  <outerBoundaryIs>
                    <LinearRing>
                      <coordinates>7.477700000000001,46.975300000000004,556.3818206717945 7.477700000000001,46.975300000000004,591.3218206717945 7.477950000000001,46.975300000000004,591.3218206717945 7.477950000000001,46.975300000000004,556.3818206717945</coordinates>
                    </LinearRing>
                  </outerBoundaryIs>
                </Polygon>
                <Polygon>
                  <altitudeMode>absolute</altitudeMode>
                  <outerBoundaryIs>
                    <LinearRing>
                      <coordinates>7.477950000000001,46.975300000000004,556.3818206717945 7.477950000000001,46.975300000000004,591.3218206717945 7.477950000000001,46.97455,591.3218206717945 7.477950000000001,46.97455,556.3818206717945</coordinates>
                    </LinearRing>
                  </outerBoundaryIs>
                </Polygon>
                <Polygon>
                  <altitudeMode>absolute</altitudeMode>
                  <outerBoundaryIs>
                    <LinearRing>
                      <coordinates>7.477950000000001,46.97455,556.3818206717945 7.477950000000001,46.97455,591.3218206717945 7.477700000000001,46.97455,591.3218206717945 7.477700000000001,46.97455,556.3818206717945</coordinates>
                    </LinearRing>
                  </outerBoundaryIs>
                </Polygon>
              </MultiGeometry>
            </Placemark>
          </Folder>
          <Folder>
            <name>E94: uss1 astm.f3548.v21.uss.getOperationalIntentDetails</name>
            <Folder>
              <name>uss1's P0 Activated f22c5c72-eddb-4ecd-b458-cc9870a6c3bd[2] @ AGUwvunNQE0Gss2heNaSaNL-i35e6wpAvHDu5JcYM2U_</name>
              <Placemark>
                <name>Nominal volume 0</name>
                <styleUrl>#F3548v21Activated</styleUrl>
                <TimeSpan>
                  <begin>2025-10-10T19:36:06.407366+00:00</begin>
                  <end>2025-10-10T20:21:07.407366+00:00</end>
                </TimeSpan>
                <MultiGeometry>
                  <Polygon>
                    <altitudeMode>absolute</altitudeMode>
                    <outerBoundaryIs>
                      <LinearRing>
                        <coordinates>7.4777000000000005,46.9746,556.3817081826726 7.4777000000000005,46.975300000000004,556.3817081826726 7.4779,46.974900000000005,556.3817081826726 7.47795,46.97455,556.3817081826726</coordinates>
                      </LinearRing>
                    </outerBoundaryIs>
                  </Polygon>
                  <Polygon>
                    <altitudeMode>absolute</altitudeMode>
                    <outerBoundaryIs>
                      <LinearRing>
                        <coordinates>7.4777000000000005,46.9746,591.3217081826726 7.4777000000000005,46.975300000000004,591.3217081826726 7.4779,46.974900000000005,591.3217081826726 7.47795,46.97455,591.3217081826726</coordinates>
                      </LinearRing>
                    </outerBoundaryIs>
                  </Polygon>
                  <Polygon>
                    <altitudeMode>absolute</altitudeMode>
                    <outerBoundaryIs>
                      <LinearRing>
                        <coordinates>7.4777000000000005,46.9746,556.3817081826726 7.4777000000000005,46.9746,591.3217081826726 7.4777000000000005,46.975300000000004,591.3217081826726 7.4777000000000005,46.975300000000004,556.3817081826726</coordinates>
                      </LinearRing>
                    </outerBoundaryIs>
                  </Polygon>
                  <Polygon>
                    <altitudeMode>absolute</altitudeMode>
                    <outerBoundaryIs>
                      <LinearRing>
                        <coordinates>7.4777000000000005,46.975300000000004,556.3817081826726 7.4777000000000005,46.975300000000004,591.3217081826726 7.4779,46.974900000000005,591.3217081826726 7.4779,46.974900000000005,556.3817081826726</coordinates>
                      </LinearRing>
                    </outerBoundaryIs>
                  </Polygon>
                  <Polygon>
                    <altitudeMode>absolute</altitudeMode>
                    <outerBoundaryIs>
                      <LinearRing>
                        <coordinates>7.4779,46.974900000000005,556.3817081826726 7.4779,46.974900000000005,591.3217081826726 7.47795,46.97455,591.3217081826726 7.47795,46.97455,556.3817081826726</coordinates>
                      </LinearRing>
                    </outerBoundaryIs>
                  </Polygon>
                  <Polygon>
                    <altitudeMode>absolute</altitudeMode>
                    <outerBoundaryIs>
                      <LinearRing>
                        <coordinates>7.47795,46.97455,556.3817081826726 7.47795,46.97455,591.3217081826726 7.4777000000000005,46.9746,591.3217081826726 7.4777000000000005,46.9746,556.3817081826726</coordinates>
                      </LinearRing>
                    </outerBoundaryIs>
                  </Polygon>
                </MultiGeometry>
              </Placemark>
            </Folder>
          </Folder>
        </Folder>
        <Folder>
          <name>Attempt to modify activated Flight 1c into conflict</name>
          <Folder>
            <name>E100: uss1 astm.f3548.v21.dss.queryOperationalIntentReferences</name>
            <Placemark>
              <name>area_of_interest</name>
              <styleUrl>#QueryArea</styleUrl>
              <description><![CDATA[<ul><li>uss1's Activated a150ca91-365e-4c46-b3c4-bd860057aa93[2]</li><li>uss1's Activated f22c5c72-eddb-4ecd-b458-cc9870a6c3bd[2]</li></ul>]]></description>
              <TimeSpan>
                <begin>2025-10-10T19:36:06.407366+00:00</begin>
                <end>2025-10-10T20:21:07.523486+00:00</end>
              </TimeSpan>
              <MultiGeometry>
                <Polygon>
                  <altitudeMode>absolute</altitudeMode>
                  <outerBoundaryIs>
                    <LinearRing>
                      <coordinates>7.4772500000000015,46.97455,556.3416209726433 7.4772500000000015,46.975300000000004,556.3416209726433 7.477950000000001,46.975300000000004,556.3416209726433 7.477950000000001,46.97455,556.3416209726433</coordinates>
                    </LinearRing>
                  </outerBoundaryIs>
                </Polygon>
                <Polygon>
                  <altitudeMode>absolute</altitudeMode>
                  <outerBoundaryIs>
                    <LinearRing>
                      <coordinates>7.4772500000000015,46.97455,591.3216209726434 7.4772500000000015,46.975300000000004,591.3216209726434 7.477950000000001,46.975300000000004,591.3216209726434 7.477950000000001,46.97455,591.3216209726434</coordinates>
                    </LinearRing>
                  </outerBoundaryIs>
                </Polygon>
                <Polygon>
                  <altitudeMode>absolute</altitudeMode>
                  <outerBoundaryIs>
                    <LinearRing>
                      <coordinates>7.4772500000000015,46.97455,556.3416209726433 7.4772500000000015,46.97455,591.3216209726434 7.4772500000000015,46.975300000000004,591.3216209726434 7.4772500000000015,46.975300000000004,556.3416209726433</coordinates>
                    </LinearRing>
                  </outerBoundaryIs>
                </Polygon>
                <Polygon>
                  <altitudeMode>absolute</altitudeMode>
                  <outerBoundaryIs>
                    <LinearRing>
                      <coordinates>7.4772500000000015,46.975300000000004,556.3416209726433 7.4772500000000015,46.975300000000004,591.3216209726434 7.477950000000001,46.975300000000004,591.3216209726434 7.477950000000001,46.975300000000004,556.3416209726433</coordinates>
                    </LinearRing>
                  </outerBoundaryIs>
                </Polygon>
                <Polygon>
                  <altitudeMode>absolute</altitudeMode>
                  <outerBoundaryIs>
                    <LinearRing>
                      <coordinates>7.477950000000001,46.975300000000004,556.3416209726433 7.477950000000001,46.975300000000004,591.3216209726434 7.477950000000001,46.97455,591.3216209726434 7.477950000000001,46.97455,556.3416209726433</coordinates>
                    </LinearRing>
                  </outerBoundaryIs>
                </Polygon>
                <Polygon>
                  <altitudeMode>absolute</altitudeMode>
                  <outerBoundaryIs>
                    <LinearRing>
                      <coordinates>7.477950000000001,46.97455,556.3416209726433 7.477950000000001,46.97455,591.3216209726434 7.4772500000000015,46.97455,591.3216209726434 7.4772500000000015,46.97455,556.3416209726433</coordinates>
                    </LinearRing>
                  </outerBoundaryIs>
                </Polygon>
              </MultiGeometry>
            </Placemark>
          </Folder>
          <Folder>
            <name>E105: uss1 astm.f3548.v21.dss.queryOperationalIntentReferences</name>
            <Placemark>
              <name>area_of_interest</name>
              <styleUrl>#QueryArea</styleUrl>
              <description><![CDATA[<ul><li>uss1's Activated a150ca91-365e-4c46-b3c4-bd860057aa93[2]</li><li>uss1's Activated f22c5c72-eddb-4ecd-b458-cc9870a6c3bd[2]</li></ul>]]></description>
              <TimeSpan>
                <begin>2025-10-10T19:36:06.407366+00:00</begin>
                <end>2025-10-10T20:21:07.523486+00:00</end>
              </TimeSpan>
              <MultiGeometry>
                <Polygon>
                  <altitudeMode>absolute</altitudeMode>
                  <outerBoundaryIs>
                    <LinearRing>
                      <coordinates>7.4772500000000015,46.97455,556.3416209726433 7.4772500000000015,46.975300000000004,556.3416209726433 7.477950000000001,46.975300000000004,556.3416209726433 7.477950000000001,46.97455,556.3416209726433</coordinates>
                    </LinearRing>
                  </outerBoundaryIs>
                </Polygon>
                <Polygon>
                  <altitudeMode>absolute</altitudeMode>
                  <outerBoundaryIs>
                    <LinearRing>
                      <coordinates>7.4772500000000015,46.97455,591.3216209726434 7.4772500000000015,46.975300000000004,591.3216209726434 7.477950000000001,46.975300000000004,591.3216209726434 7.477950000000001,46.97455,591.3216209726434</coordinates>
                    </LinearRing>
                  </outerBoundaryIs>
                </Polygon>
                <Polygon>
                  <altitudeMode>absolute</altitudeMode>
                  <outerBoundaryIs>
                    <LinearRing>
                      <coordinates>7.4772500000000015,46.97455,556.3416209726433 7.4772500000000015,46.97455,591.3216209726434 7.4772500000000015,46.975300000000004,591.3216209726434 7.4772500000000015,46.975300000000004,556.3416209726433</coordinates>
                    </LinearRing>
                  </outerBoundaryIs>
                </Polygon>
                <Polygon>
                  <altitudeMode>absolute</altitudeMode>
                  <outerBoundaryIs>
                    <LinearRing>
                      <coordinates>7.4772500000000015,46.975300000000004,556.3416209726433 7.4772500000000015,46.975300000000004,591.3216209726434 7.477950000000001,46.975300000000004,591.3216209726434 7.477950000000001,46.975300000000004,556.3416209726433</coordinates>
                    </LinearRing>
                  </outerBoundaryIs>
                </Polygon>
                <Polygon>
                  <altitudeMode>absolute</altitudeMode>
                  <outerBoundaryIs>
                    <LinearRing>
                      <coordinates>7.477950000000001,46.975300000000004,556.3416209726433 7.477950000000001,46.975300000000004,591.3216209726434 7.477950000000001,46.97455,591.3216209726434 7.477950000000001,46.97455,556.3416209726433</coordinates>
                    </LinearRing>
                  </outerBoundaryIs>
                </Polygon>
                <Polygon>
                  <altitudeMode>absolute</altitudeMode>
                  <outerBoundaryIs>
                    <LinearRing>
                      <coordinates>7.477950000000001,46.97455,556.3416209726433 7.477950000000001,46.97455,591.3216209726434 7.4772500000000015,46.97455,591.3216209726434 7.4772500000000015,46.97455,556.3416209726433</coordinates>
                    </LinearRing>
                  </outerBoundaryIs>
                </Polygon>
              </MultiGeometry>
            </Placemark>
          </Folder>
          <Folder>
            <name>E110: uss1 astm.f3548.v21.uss.getOperationalIntentDetails</name>
            <Folder>
              <name>uss1's P0 Activated f22c5c72-eddb-4ecd-b458-cc9870a6c3bd[2] @ AGUwvunNQE0Gss2heNaSaNL-i35e6wpAvHDu5JcYM2U_</name>
              <Placemark>
                <name>Nominal volume 0</name>
                <styleUrl>#F3548v21Activated</styleUrl>
                <TimeSpan>
                  <begin>2025-10-10T19:36:06.407366+00:00</begin>
                  <end>2025-10-10T20:21:07.407366+00:00</end>
                </TimeSpan>
                <MultiGeometry>
                  <Polygon>
                    <altitudeMode>absolute</altitudeMode>
                    <outerBoundaryIs>
                      <LinearRing>
                        <coordinates>7.4777000000000005,46.9746,556.3817081826726 7.4777000000000005,46.975300000000004,556.3817081826726 7.4779,46.974900000000005,556.3817081826726 7.47795,46.97455,556.3817081826726</coordinates>
                      </LinearRing>
                    </outerBoundaryIs>
                  </Polygon>
                  <Polygon>
                    <altitudeMode>absolute</altitudeMode>
                    <outerBoundaryIs>
                      <LinearRing>
                        <coordinates>7.4777000000000005,46.9746,591.3217081826726 7.4777000000000005,46.975300000000004,591.3217081826726 7.4779,46.974900000000005,591.3217081826726 7.47795,46.97455,591.3217081826726</coordinates>
                      </LinearRing>
                    </outerBoundaryIs>
                  </Polygon>
                  <Polygon>
                    <altitudeMode>absolute</altitudeMode>
                    <outerBoundaryIs>
                      <LinearRing>
                        <coordinates>7.4777000000000005,46.9746,556.3817081826726 7.4777000000000005,46.9746,591.3217081826726 7.4777000000000005,46.975300000000004,591.3217081826726 7.4777000000000005,46.975300000000004,556.3817081826726</coordinates>
                      </LinearRing>
                    </outerBoundaryIs>
                  </Polygon>
                  <Polygon>
                    <altitudeMode>absolute</altitudeMode>
                    <outerBoundaryIs>
                      <LinearRing>
                        <coordinates>7.4777000000000005,46.975300000000004,556.3817081826726 7.4777000000000005,46.975300000000004,591.3217081826726 7.4779,46.974900000000005,591.3217081826726 7.4779,46.974900000000005,556.3817081826726</coordinates>
                      </LinearRing>
                    </outerBoundaryIs>
                  </Polygon>
                  <Polygon>
                    <altitudeMode>absolute</altitudeMode>
                    <outerBoundaryIs>
                      <LinearRing>
                        <coordinates>7.4779,46.974900000000005,556.3817081826726 7.4779,46.974900000000005,591.3217081826726 7.47795,46.97455,591.3217081826726 7.47795,46.97455,556.3817081826726</coordinates>
                      </LinearRing>
                    </outerBoundaryIs>
                  </Polygon>
                  <Polygon>
                    <altitudeMode>absolute</altitudeMode>
                    <outerBoundaryIs>
                      <LinearRing>
                        <coordinates>7.47795,46.97455,556.3817081826726 7.47795,46.97455,591.3217081826726 7.4777000000000005,46.9746,591.3217081826726 7.4777000000000005,46.9746,556.3817081826726</coordinates>
                      </LinearRing>
                    </outerBoundaryIs>
                  </Polygon>
                </MultiGeometry>
              </Placemark>
            </Folder>
          </Folder>
        </Folder>
        <Folder>
          <name>Delete Flight 2</name>
        </Folder>
      </Folder>
      <Folder>
        <name>Modify activated flight with pre-existing conflict</name>
        <Folder>
          <name>Activate Flight 1</name>
          <Folder>
            <name>E118: uss1 astm.f3548.v21.dss.queryOperationalIntentReferences</name>
            <Placemark>
              <name>area_of_interest</name>
              <styleUrl>#QueryArea</styleUrl>
              <description><![CDATA[<ul><li>uss1's Activated f22c5c72-eddb-4ecd-b458-cc9870a6c3bd[2]</li></ul>]]></description>
              <TimeSpan>
                <begin>2025-10-10T19:36:06.638151+00:00</begin>
                <end>2025-10-10T20:21:07.638151+00:00</end>
              </TimeSpan>
              <MultiGeometry>
                <Polygon>
                  <altitudeMode>absolute</altitudeMode>
                  <outerBoundaryIs>
                    <LinearRing>
                      <coordinates>7.4772500000000015,46.97455,556.3413893166907 7.4772500000000015,46.974900000000005,556.3413893166907 7.477950000000001,46.974900000000005,556.3413893166907 7.477950000000001,46.97455,556.3413893166907</coordinates>
                    </LinearRing>
                  </outerBoundaryIs>
                </Polygon>
                <Polygon>
                  <altitudeMode>absolute</altitudeMode>
                  <outerBoundaryIs>
                    <LinearRing>
                      <coordinates>7.4772500000000015,46.97455,586.3213893166907 7.4772500000000015,46.974900000000005,586.3213893166907 7.477950000000001,46.974900000000005,586.3213893166907 7.477950000000001,46.97455,586.3213893166907</coordinates>
                    </LinearRing>
                  </outerBoundaryIs>
                </Polygon>
                <Polygon>
                  <altitudeMode>absolute</altitudeMode>
                  <outerBoundaryIs>
                    <LinearRing>
                      <coordinates>7.4772500000000015,46.97455,556.3413893166907 7.4772500000000015,46.97455,586.3213893166907 7.4772500000000015,46.974900000000005,586.3213893166907 7.4772500000000015,46.974900000000005,556.3413893166907</coordinates>
                    </LinearRing>
                  </outerBoundaryIs>
                </Polygon>
                <Polygon>
                  <altitudeMode>absolute</altitudeMode>
                  <outerBoundaryIs>
                    <LinearRing>
                      <coordinates>7.4772500000000015,46.974900000000005,556.3413893166907 7.4772500000000015,46.974900000000005,586.3213893166907 7.477950000000001,46.974900000000005,586.3213893166907 7.477950000000001,46.974900000000005,556.3413893166907</coordinates>
                    </LinearRing>
                  </outerBoundaryIs>
                </Polygon>
                <Polygon>
                  <altitudeMode>absolute</altitudeMode>
                  <outerBoundaryIs>
                    <LinearRing>
                      <coordinates>7.477950000000001,46.974900000000005,556.3413893166907 7.477950000000001,46.974900000000005,586.3213893166907 7.477950000000001,46.97455,586.3213893166907 7.477950000000001,46.97455,556.3413893166907</coordinates>
                    </LinearRing>
                  </outerBoundaryIs>
                </Polygon>
                <Polygon>
                  <altitudeMode>absolute</altitudeMode>
                  <outerBoundaryIs>
                    <LinearRing>
                      <coordinates>7.477950000000001,46.97455,556.3413893166907 7.477950000000001,46.97455,586.3213893166907 7.4772500000000015,46.97455,586.3213893166907 7.4772500000000015,46.97455,556.3413893166907</coordinates>
                    </LinearRing>
                  </outerBoundaryIs>
                </Polygon>
              </MultiGeometry>
            </Placemark>
          </Folder>
          <Folder>
            <name>E123: uss1 astm.f3548.v21.dss.queryOperationalIntentReferences</name>
            <Placemark>
              <name>area_of_interest</name>
              <styleUrl>#QueryArea</styleUrl>
              <description><![CDATA[<ul><li>uss1's Activated f22c5c72-eddb-4ecd-b458-cc9870a6c3bd[3]</li></ul>]]></description>
              <TimeSpan>
                <begin>2025-10-10T19:36:06.638151+00:00</begin>
                <end>2025-10-10T20:21:07.638151+00:00</end>
              </TimeSpan>
              <MultiGeometry>
                <Polygon>
                  <altitudeMode>absolute</altitudeMode>
                  <outerBoundaryIs>
                    <LinearRing>
                      <coordinates>7.4772500000000015,46.97455,556.3413893166907 7.4772500000000015,46.974900000000005,556.3413893166907 7.477950000000001,46.974900000000005,556.3413893166907 7.477950000000001,46.97455,556.3413893166907</coordinates>
                    </LinearRing>
                  </outerBoundaryIs>
                </Polygon>
                <Polygon>
                  <altitudeMode>absolute</altitudeMode>
                  <outerBoundaryIs>
                    <LinearRing>
                      <coordinates>7.4772500000000015,46.97455,586.3213893166907 7.4772500000000015,46.974900000000005,586.3213893166907 7.477950000000001,46.974900000000005,586.3213893166907 7.477950000000001,46.97455,586.3213893166907</coordinates>
                    </LinearRing>
                  </outerBoundaryIs>
                </Polygon>
                <Polygon>
                  <altitudeMode>absolute</altitudeMode>
                  <outerBoundaryIs>
                    <LinearRing>
                      <coordinates>7.4772500000000015,46.97455,556.3413893166907 7.4772500000000015,46.97455,586.3213893166907 7.4772500000000015,46.974900000000005,586.3213893166907 7.4772500000000015,46.974900000000005,556.3413893166907</coordinates>
                    </LinearRing>
                  </outerBoundaryIs>
                </Polygon>
                <Polygon>
                  <altitudeMode>absolute</altitudeMode>
                  <outerBoundaryIs>
                    <LinearRing>
                      <coordinates>7.4772500000000015,46.974900000000005,556.3413893166907 7.4772500000000015,46.974900000000005,586.3213893166907 7.477950000000001,46.974900000000005,586.3213893166907 7.477950000000001,46.974900000000005,556.3413893166907</coordinates>
                    </LinearRing>
                  </outerBoundaryIs>
                </Polygon>
                <Polygon>
                  <altitudeMode>absolute</altitudeMode>
                  <outerBoundaryIs>
                    <LinearRing>
                      <coordinates>7.477950000000001,46.974900000000005,556.3413893166907 7.477950000000001,46.974900000000005,586.3213893166907 7.477950000000001,46.97455,586.3213893166907 7.477950000000001,46.97455,556.3413893166907</coordinates>
                    </LinearRing>
                  </outerBoundaryIs>
                </Polygon>
                <Polygon>
                  <altitudeMode>absolute</altitudeMode>
                  <outerBoundaryIs>
                    <LinearRing>
                      <coordinates>7.477950000000001,46.97455,556.3413893166907 7.477950000000001,46.97455,586.3213893166907 7.4772500000000015,46.97455,586.3213893166907 7.4772500000000015,46.97455,556.3413893166907</coordinates>
                    </LinearRing>
                  </outerBoundaryIs>
                </Polygon>
              </MultiGeometry>
            </Placemark>
          </Folder>
          <Folder>
            <name>E128: uss1 astm.f3548.v21.uss.getOperationalIntentDetails</name>
            <Folder>
              <name>uss1's P0 Activated f22c5c72-eddb-4ecd-b458-cc9870a6c3bd[3] @ y21vvSgaG.klNyTZrunAt.ZDu44-qj4-y8jCpAilwY8_</name>
              <Placemark>
                <name>Nominal volume 0</name>
                <styleUrl>#F3548v21Activated</styleUrl>
                <TimeSpan>
                  <begin>2025-10-10T19:36:06.638151+00:00</begin>
                  <end>2025-10-10T20:21:07.638151+00:00</end>
                </TimeSpan>
                <MultiGeometry>
                  <Polygon>
                    <altitudeMode>absolute</altitudeMode>
                    <outerBoundaryIs>
                      <LinearRing>
                        <coordinates>7.477250000000001,46.9746,556.3413927174643 7.477250000000001,46.974900000000005,556.3413927174643 7.4779,46.974900000000005,556.3413927174643 7.47795,46.97455,556.3413927174643</coordinates>
                      </LinearRing>
                    </outerBoundaryIs>
                  </Polygon>
                  <Polygon>
                    <altitudeMode>absolute</altitudeMode>
                    <outerBoundaryIs>
                      <LinearRing>
                        <coordinates>7.477250000000001,46.9746,586.3213927174643 7.477250000000001,46.974900000000005,586.3213927174643 7.4779,46.974900000000005,586.3213927174643 7.47795,46.97455,586.3213927174643</coordinates>
                      </LinearRing>
                    </outerBoundaryIs>
                  </Polygon>
                  <Polygon>
                    <altitudeMode>absolute</altitudeMode>
                    <outerBoundaryIs>
                      <LinearRing>
                        <coordinates>7.477250000000001,46.9746,556.3413927174643 7.477250000000001,46.9746,586.3213927174643 7.477250000000001,46.974900000000005,586.3213927174643 7.477250000000001,46.974900000000005,556.3413927174643</coordinates>
                      </LinearRing>
                    </outerBoundaryIs>
                  </Polygon>
                  <Polygon>
                    <altitudeMode>absolute</altitudeMode>
                    <outerBoundaryIs>
                      <LinearRing>
                        <coordinates>7.477250000000001,46.974900000000005,556.3413927174643 7.477250000000001,46.974900000000005,586.3213927174643 7.4779,46.974900000000005,586.3213927174643 7.4779,46.974900000000005,556.3413927174643</coordinates>
                      </LinearRing>
                    </outerBoundaryIs>
                  </Polygon>
                  <Polygon>
                    <altitudeMode>absolute</altitudeMode>
                    <outerBoundaryIs>
                      <LinearRing>
                        <coordinates>7.4779,46.974900000000005,556.3413927174643 7.4779,46.974900000000005,586.3213927174643 7.47795,46.97455,586.3213927174643 7.47795,46.97455,556.3413927174643</coordinates>
                      </LinearRing>
                    </outerBoundaryIs>
                  </Polygon>
                  <Polygon>
                    <altitudeMode>absolute</altitudeMode>
                    <outerBoundaryIs>
                      <LinearRing>
                        <coordinates>7.47795,46.97455,556.3413927174643 7.47795,46.97455,586.3213927174643 7.477250000000001,46.9746,586.3213927174643 7.477250000000001,46.9746,556.3413927174643</coordinates>
                      </LinearRing>
                    </outerBoundaryIs>
                  </Polygon>
                </MultiGeometry>
              </Placemark>
            </Folder>
          </Folder>
        </Folder>
        <Folder>
          <name>Plan Flight 2m</name>
          <Folder>
            <name>E134: uss1 astm.f3548.v21.dss.queryOperationalIntentReferences</name>
            <Placemark>
              <name>area_of_interest</name>
              <styleUrl>#QueryArea</styleUrl>
              <description><![CDATA[(no operational intent references found)]]></description>
              <TimeSpan>
                <begin>2025-10-10T19:36:06.739893+00:00</begin>
                <end>2025-10-10T20:21:07.739893+00:00</end>
              </TimeSpan>
              <MultiGeometry>
                <Polygon>
                  <altitudeMode>absolute</altitudeMode>
                  <outerBoundaryIs>
                    <LinearRing>
                      <coordinates>7.477199999999999,46.97495000000001,601.4517634245921 7.477199999999999,46.975300000000004,601.4517634245921 7.477800000000001,46.975300000000004,601.4517634245921 7.477800000000001,46.97495000000001,601.4517634245921</coordinates>
                    </LinearRing>
                  </outerBoundaryIs>
                </Polygon>
                <Polygon>
                  <altitudeMode>absolute</altitudeMode>
                  <outerBoundaryIs>
                    <LinearRing>
                      <coordinates>7.477199999999999,46.97495000000001,606.3217634245921 7.477199999999999,46.975300000000004,606.3217634245921 7.477800000000001,46.975300000000004,606.3217634245921 7.477800000000001,46.97495000000001,606.3217634245921</coordinates>
                    </LinearRing>
                  </outerBoundaryIs>
                </Polygon>
                <Polygon>
                  <altitudeMode>absolute</altitudeMode>
                  <outerBoundaryIs>
                    <LinearRing>
                      <coordinates>7.477199999999999,46.97495000000001,601.4517634245921 7.477199999999999,46.97495000000001,606.3217634245921 7.477199999999999,46.975300000000004,606.3217634245921 7.477199999999999,46.975300000000004,601.4517634245921</coordinates>
                    </LinearRing>
                  </outerBoundaryIs>
                </Polygon>
                <Polygon>
                  <altitudeMode>absolute</altitudeMode>
                  <outerBoundaryIs>
                    <LinearRing>
                      <coordinates>7.477199999999999,46.975300000000004,601.4517634245921 7.477199999999999,46.975300000000004,606.3217634245921 7.477800000000001,46.975300000000004,606.3217634245921 7.477800000000001,46.975300000000004,601.4517634245921</coordinates>
                    </LinearRing>
                  </outerBoundaryIs>
                </Polygon>
                <Polygon>
                  <altitudeMode>absolute</altitudeMode>
                  <outerBoundaryIs>
                    <LinearRing>
                      <coordinates>7.477800000000001,46.975300000000004,601.4517634245921 7.477800000000001,46.975300000000004,606.3217634245921 7.477800000000001,46.97495000000001,606.3217634245921 7.477800000000001,46.97495000000001,601.4517634245921</coordinates>
                    </LinearRing>
                  </outerBoundaryIs>
                </Polygon>
                <Polygon>
                  <altitudeMode>absolute</altitudeMode>
                  <outerBoundaryIs>
                    <LinearRing>
                      <coordinates>7.477800000000001,46.97495000000001,601.4517634245921 7.477800000000001,46.97495000000001,606.3217634245921 7.477199999999999,46.97495000000001,606.3217634245921 7.477199999999999,46.97495000000001,601.4517634245921</coordinates>
                    </LinearRing>
                  </outerBoundaryIs>
                </Polygon>
              </MultiGeometry>
            </Placemark>
          </Folder>
          <Folder>
            <name>E139: uss1 astm.f3548.v21.dss.queryOperationalIntentReferences</name>
            <Placemark>
              <name>area_of_interest</name>
              <styleUrl>#QueryArea</styleUrl>
              <description><![CDATA[<ul><li>uss1's Accepted 8820bd2a-0752-4bd0-b5b1-296c944dd6f8[1]</li></ul>]]></description>
              <TimeSpan>
                <begin>2025-10-10T19:36:06.739893+00:00</begin>
                <end>2025-10-10T20:21:07.739893+00:00</end>
              </TimeSpan>
              <MultiGeometry>
                <Polygon>
                  <altitudeMode>absolute</altitudeMode>
                  <outerBoundaryIs>
                    <LinearRing>
                      <coordinates>7.477199999999999,46.97495000000001,601.4517634245921 7.477199999999999,46.975300000000004,601.4517634245921 7.477800000000001,46.975300000000004,601.4517634245921 7.477800000000001,46.97495000000001,601.4517634245921</coordinates>
                    </LinearRing>
                  </outerBoundaryIs>
                </Polygon>
                <Polygon>
                  <altitudeMode>absolute</altitudeMode>
                  <outerBoundaryIs>
                    <LinearRing>
                      <coordinates>7.477199999999999,46.97495000000001,606.3217634245921 7.477199999999999,46.975300000000004,606.3217634245921 7.477800000000001,46.975300000000004,606.3217634245921 7.477800000000001,46.97495000000001,606.3217634245921</coordinates>
                    </LinearRing>
                  </outerBoundaryIs>
                </Polygon>
                <Polygon>
                  <altitudeMode>absolute</altitudeMode>
                  <outerBoundaryIs>
                    <LinearRing>
                      <coordinates>7.477199999999999,46.97495000000001,601.4517634245921 7.477199999999999,46.97495000000001,606.3217634245921 7.477199999999999,46.975300000000004,606.3217634245921 7.477199999999999,46.975300000000004,601.4517634245921</coordinates>
                    </LinearRing>
                  </outerBoundaryIs>
                </Polygon>
                <Polygon>
                  <altitudeMode>absolute</altitudeMode>
                  <outerBoundaryIs>
                    <LinearRing>
                      <coordinates>7.477199999999999,46.975300000000004,601.4517634245921 7.477199999999999,46.975300000000004,606.3217634245921 7.477800000000001,46.975300000000004,606.3217634245921 7.477800000000001,46.975300000000004,601.4517634245921</coordinates>
                    </LinearRing>
                  </outerBoundaryIs>
                </Polygon>
                <Polygon>
                  <altitudeMode>absolute</altitudeMode>
                  <outerBoundaryIs>
                    <LinearRing>
                      <coordinates>7.477800000000001,46.975300000000004,601.4517634245921 7.477800000000001,46.975300000000004,606.3217634245921 7.477800000000001,46.97495000000001,606.3217634245921 7.477800000000001,46.97495000000001,601.4517634245921</coordinates>
                    </LinearRing>
                  </outerBoundaryIs>
                </Polygon>
                <Polygon>
                  <altitudeMode>absolute</altitudeMode>
                  <outerBoundaryIs>
                    <LinearRing>
                      <coordinates>7.477800000000001,46.97495000000001,601.4517634245921 7.477800000000001,46.97495000000001,606.3217634245921 7.477199999999999,46.97495000000001,606.3217634245921 7.477199999999999,46.97495000000001,601.4517634245921</coordinates>
                    </LinearRing>
                  </outerBoundaryIs>
                </Polygon>
              </MultiGeometry>
            </Placemark>
          </Folder>
          <Folder>
            <name>E143: mock_uss astm.f3548.v21.uss.getOperationalIntentDetails</name>
            <Folder>
              <name>uss1's P0 Accepted 8820bd2a-0752-4bd0-b5b1-296c944dd6f8[1] @ yxD0vXfJa3Aoc0tbiLPubHOj85o.rHXOOUuTOqnZAew_</name>
              <Placemark>
                <name>Nominal volume 0</name>
                <styleUrl>#F3548v21Accepted</styleUrl>
                <TimeSpan>
                  <begin>2025-10-10T19:36:06.739893+00:00</begin>
                  <end>2025-10-10T20:21:07.739893+00:00</end>
                </TimeSpan>
                <MultiGeometry>
                  <Polygon>
                    <altitudeMode>absolute</altitudeMode>
                    <outerBoundaryIs>
                      <LinearRing>
                        <coordinates>7.4772,46.975,601.4516856460558 7.4778,46.97495,601.4516856460558 7.4774,46.975300000000004,601.4516856460558</coordinates>
                      </LinearRing>
                    </outerBoundaryIs>
                  </Polygon>
                  <Polygon>
                    <altitudeMode>absolute</altitudeMode>
                    <outerBoundaryIs>
                      <LinearRing>
                        <coordinates>7.4772,46.975,606.3216856460558 7.4778,46.97495,606.3216856460558 7.4774,46.975300000000004,606.3216856460558</coordinates>
                      </LinearRing>
                    </outerBoundaryIs>
                  </Polygon>
                  <Polygon>
                    <altitudeMode>absolute</altitudeMode>
                    <outerBoundaryIs>
                      <LinearRing>
                        <coordinates>7.4772,46.975,601.4516856460558 7.4772,46.975,606.3216856460558 7.4778,46.97495,606.3216856460558 7.4778,46.97495,601.4516856460558</coordinates>
                      </LinearRing>
                    </outerBoundaryIs>
                  </Polygon>
                  <Polygon>
                    <altitudeMode>absolute</altitudeMode>
                    <outerBoundaryIs>
                      <LinearRing>
                        <coordinates>7.4778,46.97495,601.4516856460558 7.4778,46.97495,606.3216856460558 7.4774,46.975300000000004,606.3216856460558 7.4774,46.975300000000004,601.4516856460558</coordinates>
                      </LinearRing>
                    </outerBoundaryIs>
                  </Polygon>
                  <Polygon>
                    <altitudeMode>absolute</altitudeMode>
                    <outerBoundaryIs>
                      <LinearRing>
                        <coordinates>7.4774,46.975300000000004,601.4516856460558 7.4774,46.975300000000004,606.3216856460558 7.4772,46.975,606.3216856460558 7.4772,46.975,601.4516856460558</coordinates>
                      </LinearRing>
                    </outerBoundaryIs>
                  </Polygon>
                </MultiGeometry>
              </Placemark>
            </Folder>
          </Folder>
        </Folder>
        <Folder>
          <name>Declare Flight 2 non-conforming</name>
          <Folder>
            <name>E149: uss1 astm.f3548.v21.dss.queryOperationalIntentReferences</name>
            <Placemark>
              <name>area_of_interest</name>
              <styleUrl>#QueryArea</styleUrl>
              <description><![CDATA[<ul><li>uss1's Accepted 8820bd2a-0752-4bd0-b5b1-296c944dd6f8[1]</li><li>uss1's Activated f22c5c72-eddb-4ecd-b458-cc9870a6c3bd[3]</li></ul>]]></description>
              <TimeSpan>
                <begin>2025-10-10T19:36:06.739893+00:00</begin>
                <end>2025-10-10T20:21:07.841278+00:00</end>
              </TimeSpan>
              <MultiGeometry>
                <Polygon>
                  <altitudeMode>absolute</altitudeMode>
                  <outerBoundaryIs>
                    <LinearRing>
                      <coordinates>7.477199999999999,46.97455,556.4415321782598 7.477199999999999,46.975300000000004,556.4415321782598 7.477800000000001,46.975300000000004,556.4415321782598 7.477800000000001,46.97455,556.4415321782598</coordinates>
                    </LinearRing>
                  </outerBoundaryIs>
                </Polygon>
                <Polygon>
                  <altitudeMode>absolute</altitudeMode>
                  <outerBoundaryIs>
                    <LinearRing>
                      <coordinates>7.477199999999999,46.97455,606.3215321782598 7.477199999999999,46.975300000000004,606.3215321782598 7.477800000000001,46.975300000000004,606.3215321782598 7.477800000000001,46.97455,606.3215321782598</coordinates>
                    </LinearRing>
                  </outerBoundaryIs>
                </Polygon>
                <Polygon>
                  <altitudeMode>absolute</altitudeMode>
                  <outerBoundaryIs>
                    <LinearRing>
                      <coordinates>7.477199999999999,46.97455,556.4415321782598 7.477199999999999,46.97455,606.3215321782598 7.477199999999999,46.975300000000004,606.3215321782598 7.477199999999999,46.975300000000004,556.4415321782598</coordinates>
                    </LinearRing>
                  </outerBoundaryIs>
                </Polygon>
                <Polygon>
                  <altitudeMode>absolute</altitudeMode>
                  <outerBoundaryIs>
                    <LinearRing>
                      <coordinates>7.477199999999999,46.975300000000004,556.4415321782598 7.477199999999999,46.975300000000004,606.3215321782598 7.477800000000001,46.975300000000004,606.3215321782598 7.477800000000001,46.975300000000004,556.4415321782598</coordinates>
                    </LinearRing>
                  </outerBoundaryIs>
                </Polygon>
                <Polygon>
                  <altitudeMode>absolute</altitudeMode>
                  <outerBoundaryIs>
                    <LinearRing>
                      <coordinates>7.477800000000001,46.975300000000004,556.4415321782598 7.477800000000001,46.975300000000004,606.3215321782598 7.477800000000001,46.97455,606.3215321782598 7.477800000000001,46.97455,556.4415321782598</coordinates>
                    </LinearRing>
                  </outerBoundaryIs>
                </Polygon>
                <Polygon>
                  <altitudeMode>absolute</altitudeMode>
                  <outerBoundaryIs>
                    <LinearRing>
                      <coordinates>7.477800000000001,46.97455,556.4415321782598 7.477800000000001,46.97455,606.3215321782598 7.477199999999999,46.97455,606.3215321782598 7.477199999999999,46.97455,556.4415321782598</coordinates>
                    </LinearRing>
                  </outerBoundaryIs>
                </Polygon>
              </MultiGeometry>
            </Placemark>
          </Folder>
          <Folder>
            <name>E154: uss1 astm.f3548.v21.dss.queryOperationalIntentReferences</name>
            <Placemark>
              <name>area_of_interest</name>
              <styleUrl>#QueryArea</styleUrl>
              <description><![CDATA[<ul><li>uss1's Nonconforming 8820bd2a-0752-4bd0-b5b1-296c944dd6f8[2]</li><li>uss1's Activated f22c5c72-eddb-4ecd-b458-cc9870a6c3bd[3]</li></ul>]]></description>
              <TimeSpan>
                <begin>2025-10-10T19:36:06.739893+00:00</begin>
                <end>2025-10-10T20:21:07.841278+00:00</end>
              </TimeSpan>
              <MultiGeometry>
                <Polygon>
                  <altitudeMode>absolute</altitudeMode>
                  <outerBoundaryIs>
                    <LinearRing>
                      <coordinates>7.477199999999999,46.97455,556.4415321782598 7.477199999999999,46.975300000000004,556.4415321782598 7.477800000000001,46.975300000000004,556.4415321782598 7.477800000000001,46.97455,556.4415321782598</coordinates>
                    </LinearRing>
                  </outerBoundaryIs>
                </Polygon>
                <Polygon>
                  <altitudeMode>absolute</altitudeMode>
                  <outerBoundaryIs>
                    <LinearRing>
                      <coordinates>7.477199999999999,46.97455,606.3215321782598 7.477199999999999,46.975300000000004,606.3215321782598 7.477800000000001,46.975300000000004,606.3215321782598 7.477800000000001,46.97455,606.3215321782598</coordinates>
                    </LinearRing>
                  </outerBoundaryIs>
                </Polygon>
                <Polygon>
                  <altitudeMode>absolute</altitudeMode>
                  <outerBoundaryIs>
                    <LinearRing>
                      <coordinates>7.477199999999999,46.97455,556.4415321782598 7.477199999999999,46.97455,606.3215321782598 7.477199999999999,46.975300000000004,606.3215321782598 7.477199999999999,46.975300000000004,556.4415321782598</coordinates>
                    </LinearRing>
                  </outerBoundaryIs>
                </Polygon>
                <Polygon>
                  <altitudeMode>absolute</altitudeMode>
                  <outerBoundaryIs>
                    <LinearRing>
                      <coordinates>7.477199999999999,46.975300000000004,556.4415321782598 7.477199999999999,46.975300000000004,606.3215321782598 7.477800000000001,46.975300000000004,606.3215321782598 7.477800000000001,46.975300000000004,556.4415321782598</coordinates>
                    </LinearRing>
                  </outerBoundaryIs>
                </Polygon>
                <Polygon>
                  <altitudeMode>absolute</altitudeMode>
                  <outerBoundaryIs>
                    <LinearRing>
                      <coordinates>7.477800000000001,46.975300000000004,556.4415321782598 7.477800000000001,46.975300000000004,606.3215321782598 7.477800000000001,46.97455,606.3215321782598 7.477800000000001,46.97455,556.4415321782598</coordinates>
                    </LinearRing>
                  </outerBoundaryIs>
                </Polygon>
                <Polygon>
                  <altitudeMode>absolute</altitudeMode>
                  <outerBoundaryIs>
                    <LinearRing>
                      <coordinates>7.477800000000001,46.97455,556.4415321782598 7.477800000000001,46.97455,606.3215321782598 7.477199999999999,46.97455,606.3215321782598 7.477199999999999,46.97455,556.4415321782598</coordinates>
                    </LinearRing>
                  </outerBoundaryIs>
                </Polygon>
              </MultiGeometry>
            </Placemark>
          </Folder>
          <Folder>
            <name>E158: mock_uss astm.f3548.v21.uss.getOperationalIntentDetails</name>
            <Folder>
              <name>uss1's P0 Nonconforming 8820bd2a-0752-4bd0-b5b1-296c944dd6f8[2] @ vONy10po9ie8qcawdfN4GTkrnPKWaBzrsZNmS22p.pg_</name>
              <Placemark>
                <name>Off-nominal volume 0</name>
                <styleUrl>#F3548v21Nonconforming</styleUrl>
                <TimeSpan>
                  <begin>2025-10-10T19:36:06.841278+00:00</begin>
                  <end>2025-10-10T20:21:07.841278+00:00</end>
                </TimeSpan>
                <MultiGeometry>
                  <Polygon>
                    <altitudeMode>absolute</altitudeMode>
                    <outerBoundaryIs>
                      <LinearRing>
                        <coordinates>7.4772,46.975,556.4414722710801 7.4774,46.97455,556.4414722710801 7.477600000000001,46.97495,556.4414722710801 7.4774,46.975300000000004,556.4414722710801</coordinates>
                      </LinearRing>
                    </outerBoundaryIs>
                  </Polygon>
                  <Polygon>
                    <altitudeMode>absolute</altitudeMode>
                    <outerBoundaryIs>
                      <LinearRing>
                        <coordinates>7.4772,46.975,584.3214722710801 7.4774,46.97455,584.3214722710801 7.477600000000001,46.97495,584.3214722710801 7.4774,46.975300000000004,584.3214722710801</coordinates>
                      </LinearRing>
                    </outerBoundaryIs>
                  </Polygon>
                  <Polygon>
                    <altitudeMode>absolute</altitudeMode>
                    <outerBoundaryIs>
                      <LinearRing>
                        <coordinates>7.4772,46.975,556.4414722710801 7.4772,46.975,584.3214722710801 7.4774,46.97455,584.3214722710801 7.4774,46.97455,556.4414722710801</coordinates>
                      </LinearRing>
                    </outerBoundaryIs>
                  </Polygon>
                  <Polygon>
                    <altitudeMode>absolute</altitudeMode>
                    <outerBoundaryIs>
                      <LinearRing>
                        <coordinates>7.4774,46.97455,556.4414722710801 7.4774,46.97455,584.3214722710801 7.477600000000001,46.97495,584.3214722710801 7.477600000000001,46.97495,556.4414722710801</coordinates>
                      </LinearRing>
                    </outerBoundaryIs>
                  </Polygon>
                  <Polygon>
                    <altitudeMode>absolute</altitudeMode>
                    <outerBoundaryIs>
                      <LinearRing>
                        <coordinates>7.477600000000001,46.97495,556.4414722710801 7.477600000000001,46.97495,584.3214722710801 7.4774,46.975300000000004,584.3214722710801 7.4774,46.975300000000004,556.4414722710801</coordinates>
                      </LinearRing>
                    </outerBoundaryIs>
                  </Polygon>
                  <Polygon>
                    <altitudeMode>absolute</altitudeMode>
                    <outerBoundaryIs>
                      <LinearRing>
                        <coordinates>7.4774,46.975300000000004,556.4414722710801 7.4774,46.975300000000004,584.3214722710801 7.4772,46.975,584.3214722710801 7.4772,46.975,556.4414722710801</coordinates>
                      </LinearRing>
                    </outerBoundaryIs>
                  </Polygon>
                </MultiGeometry>
              </Placemark>
            </Folder>
          </Folder>
        </Folder>
        <Folder>
          <name>Attempt to modify activated Flight 1 in conflict with nonconforming Flight 2</name>
          <Folder>
            <name>E166: uss1 astm.f3548.v21.dss.queryOperationalIntentReferences</name>
            <Placemark>
              <name>area_of_interest</name>
              <styleUrl>#QueryArea</styleUrl>
              <description><![CDATA[<ul><li>uss1's Nonconforming 8820bd2a-0752-4bd0-b5b1-296c944dd6f8[2]</li><li>uss1's Activated f22c5c72-eddb-4ecd-b458-cc9870a6c3bd[3]</li></ul>]]></description>
              <TimeSpan>
                <begin>2025-10-10T19:36:06.638151+00:00</begin>
                <end>2025-10-10T20:21:07.955022+00:00</end>
              </TimeSpan>
              <MultiGeometry>
                <Polygon>
                  <altitudeMode>absolute</altitudeMode>
                  <outerBoundaryIs>
                    <LinearRing>
                      <coordinates>7.4772500000000015,46.97455,526.2713893166907 7.4772500000000015,46.974900000000005,526.2713893166907 7.477950000000001,46.974900000000005,526.2713893166907 7.477950000000001,46.97455,526.2713893166907</coordinates>
                    </LinearRing>
                  </outerBoundaryIs>
                </Polygon>
                <Polygon>
                  <altitudeMode>absolute</altitudeMode>
                  <outerBoundaryIs>
                    <LinearRing>
                      <coordinates>7.4772500000000015,46.97455,586.3213893166907 7.4772500000000015,46.974900000000005,586.3213893166907 7.477950000000001,46.974900000000005,586.3213893166907 7.477950000000001,46.97455,586.3213893166907</coordinates>
                    </LinearRing>
                  </outerBoundaryIs>
                </Polygon>
                <Polygon>
                  <altitudeMode>absolute</altitudeMode>
                  <outerBoundaryIs>
                    <LinearRing>
                      <coordinates>7.4772500000000015,46.97455,526.2713893166907 7.4772500000000015,46.97455,586.3213893166907 7.4772500000000015,46.974900000000005,586.3213893166907 7.4772500000000015,46.974900000000005,526.2713893166907</coordinates>
                    </LinearRing>
                  </outerBoundaryIs>
                </Polygon>
                <Polygon>
                  <altitudeMode>absolute</altitudeMode>
                  <outerBoundaryIs>
                    <LinearRing>
                      <coordinates>7.4772500000000015,46.974900000000005,526.2713893166907 7.4772500000000015,46.974900000000005,586.3213893166907 7.477950000000001,46.974900000000005,586.3213893166907 7.477950000000001,46.974900000000005,526.2713893166907</coordinates>
                    </LinearRing>
                  </outerBoundaryIs>
                </Polygon>
                <Polygon>
                  <altitudeMode>absolute</altitudeMode>
                  <outerBoundaryIs>
                    <LinearRing>
                      <coordinates>7.477950000000001,46.974900000000005,526.2713893166907 7.477950000000001,46.974900000000005,586.3213893166907 7.477950000000001,46.97455,586.3213893166907 7.477950000000001,46.97455,526.2713893166907</coordinates>
                    </LinearRing>
                  </outerBoundaryIs>
                </Polygon>
                <Polygon>
                  <altitudeMode>absolute</altitudeMode>
                  <outerBoundaryIs>
                    <LinearRing>
                      <coordinates>7.477950000000001,46.97455,526.2713893166907 7.477950000000001,46.97455,586.3213893166907 7.4772500000000015,46.97455,586.3213893166907 7.4772500000000015,46.97455,526.2713893166907</coordinates>
                    </LinearRing>
                  </outerBoundaryIs>
                </Polygon>
              </MultiGeometry>
            </Placemark>
          </Folder>
          <Folder>
            <name>E171: uss1 astm.f3548.v21.dss.queryOperationalIntentReferences</name>
            <Placemark>
              <name>area_of_interest</name>
              <styleUrl>#QueryArea</styleUrl>
              <description><![CDATA[<ul><li>uss1's Nonconforming 8820bd2a-0752-4bd0-b5b1-296c944dd6f8[2]</li><li>uss1's Activated f22c5c72-eddb-4ecd-b458-cc9870a6c3bd[3]</li></ul>]]></description>
              <TimeSpan>
                <begin>2025-10-10T19:36:06.638151+00:00</begin>
                <end>2025-10-10T20:21:07.955022+00:00</end>
              </TimeSpan>
              <MultiGeometry>
                <Polygon>
                  <altitudeMode>absolute</altitudeMode>
                  <outerBoundaryIs>
                    <LinearRing>
                      <coordinates>7.4772500000000015,46.97455,526.2713893166907 7.4772500000000015,46.974900000000005,526.2713893166907 7.477950000000001,46.974900000000005,526.2713893166907 7.477950000000001,46.97455,526.2713893166907</coordinates>
                    </LinearRing>
                  </outerBoundaryIs>
                </Polygon>
                <Polygon>
                  <altitudeMode>absolute</altitudeMode>
                  <outerBoundaryIs>
                    <LinearRing>
                      <coordinates>7.4772500000000015,46.97455,586.3213893166907 7.4772500000000015,46.974900000000005,586.3213893166907 7.477950000000001,46.974900000000005,586.3213893166907 7.477950000000001,46.97455,586.3213893166907</coordinates>
                    </LinearRing>
                  </outerBoundaryIs>
                </Polygon>
                <Polygon>
                  <altitudeMode>absolute</altitudeMode>
                  <outerBoundaryIs>
                    <LinearRing>
                      <coordinates>7.4772500000000015,46.97455,526.2713893166907 7.4772500000000015,46.97455,586.3213893166907 7.4772500000000015,46.974900000000005,586.3213893166907 7.4772500000000015,46.974900000000005,526.2713893166907</coordinates>
                    </LinearRing>
                  </outerBoundaryIs>
                </Polygon>
                <Polygon>
                  <altitudeMode>absolute</altitudeMode>
                  <outerBoundaryIs>
                    <LinearRing>
                      <coordinates>7.4772500000000015,46.974900000000005,526.2713893166907 7.4772500000000015,46.974900000000005,586.3213893166907 7.477950000000001,46.974900000000005,586.3213893166907 7.477950000000001,46.974900000000005,526.2713893166907</coordinates>
                    </LinearRing>
                  </outerBoundaryIs>
                </Polygon>
                <Polygon>
                  <altitudeMode>absolute</altitudeMode>
                  <outerBoundaryIs>
                    <LinearRing>
                      <coordinates>7.477950000000001,46.974900000000005,526.2713893166907 7.477950000000001,46.974900000000005,586.3213893166907 7.477950000000001,46.97455,586.3213893166907 7.477950000000001,46.97455,526.2713893166907</coordinates>
                    </LinearRing>
                  </outerBoundaryIs>
                </Polygon>
                <Polygon>
                  <altitudeMode>absolute</altitudeMode>
                  <outerBoundaryIs>
                    <LinearRing>
                      <coordinates>7.477950000000001,46.97455,526.2713893166907 7.477950000000001,46.97455,586.3213893166907 7.4772500000000015,46.97455,586.3213893166907 7.4772500000000015,46.97455,526.2713893166907</coordinates>
                    </LinearRing>
                  </outerBoundaryIs>
                </Polygon>
              </MultiGeometry>
            </Placemark>
          </Folder>
          <Folder>
            <name>E176: uss1 astm.f3548.v21.uss.getOperationalIntentDetails</name>
            <Folder>
              <name>uss1's P0 Activated f22c5c72-eddb-4ecd-b458-cc9870a6c3bd[3] @ y21vvSgaG.klNyTZrunAt.ZDu44-qj4-y8jCpAilwY8_</name>
              <Placemark>
                <name>Nominal volume 0</name>
                <styleUrl>#F3548v21Activated</styleUrl>
                <TimeSpan>
                  <begin>2025-10-10T19:36:06.638151+00:00</begin>
                  <end>2025-10-10T20:21:07.638151+00:00</end>
                </TimeSpan>
                <MultiGeometry>
                  <Polygon>
                    <altitudeMode>absolute</altitudeMode>
                    <outerBoundaryIs>
                      <LinearRing>
                        <coordinates>7.477250000000001,46.9746,556.3413927174643 7.477250000000001,46.974900000000005,556.3413927174643 7.4779,46.974900000000005,556.3413927174643 7.47795,46.97455,556.3413927174643</coordinates>
                      </LinearRing>
                    </outerBoundaryIs>
                  </Polygon>
                  <Polygon>
                    <altitudeMode>absolute</altitudeMode>
                    <outerBoundaryIs>
                      <LinearRing>
                        <coordinates>7.477250000000001,46.9746,586.3213927174643 7.477250000000001,46.974900000000005,586.3213927174643 7.4779,46.974900000000005,586.3213927174643 7.47795,46.97455,586.3213927174643</coordinates>
                      </LinearRing>
                    </outerBoundaryIs>
                  </Polygon>
                  <Polygon>
                    <altitudeMode>absolute</altitudeMode>
                    <outerBoundaryIs>
                      <LinearRing>
                        <coordinates>7.477250000000001,46.9746,556.3413927174643 7.477250000000001,46.9746,586.3213927174643 7.477250000000001,46.974900000000005,586.3213927174643 7.477250000000001,46.974900000000005,556.3413927174643</coordinates>
                      </LinearRing>
                    </outerBoundaryIs>
                  </Polygon>
                  <Polygon>
                    <altitudeMode>absolute</altitudeMode>
                    <outerBoundaryIs>
                      <LinearRing>
                        <coordinates>7.477250000000001,46.974900000000005,556.3413927174643 7.477250000000001,46.974900000000005,586.3213927174643 7.4779,46.974900000000005,586.3213927174643 7.4779,46.974900000000005,556.3413927174643</coordinates>
                      </LinearRing>
                    </outerBoundaryIs>
                  </Polygon>
                  <Polygon>
                    <altitudeMode>absolute</altitudeMode>
                    <outerBoundaryIs>
                      <LinearRing>
                        <coordinates>7.4779,46.974900000000005,556.3413927174643 7.4779,46.974900000000005,586.3213927174643 7.47795,46.97455,586.3213927174643 7.47795,46.97455,556.3413927174643</coordinates>
                      </LinearRing>
                    </outerBoundaryIs>
                  </Polygon>
                  <Polygon>
                    <altitudeMode>absolute</altitudeMode>
                    <outerBoundaryIs>
                      <LinearRing>
                        <coordinates>7.47795,46.97455,556.3413927174643 7.47795,46.97455,586.3213927174643 7.477250000000001,46.9746,586.3213927174643 7.477250000000001,46.9746,556.3413927174643</coordinates>
                      </LinearRing>
                    </outerBoundaryIs>
                  </Polygon>
                </MultiGeometry>
              </Placemark>
            </Folder>
          </Folder>
        </Folder>
      </Folder>
      <Folder>
        <name/>
        <Folder>
          <name>Cleanup</name>
        </Folder>
      </Folder>
    </Folder>
  </Document>
</kml>
