<kml xmlns="http://www.opengis.net/kml/2.2" xmlns:atom="http://www.w3.org/2005/Atom" xmlns:gx="http://www.google.com/kml/ext/2.2">
  <Document>
    <Style id="QueryArea">
      <LineStyle>
        <color>ffc0c000</color>
        <width>3</width>
      </LineStyle>
      <PolyStyle>
        <color>80ffffaa</color>
      </PolyStyle>
    </Style>
    <Style id="F3548v21Accepted">
      <LineStyle>
        <color>ff00c000</color>
        <width>3</width>
      </LineStyle>
      <PolyStyle>
        <color>80c0c0c0</color>
      </PolyStyle>
    </Style>
    <Style id="F3548v21Activated">
      <LineStyle>
        <color>ff00c000</color>
        <width>3</width>
      </LineStyle>
      <PolyStyle>
        <color>8000ff00</color>
      </PolyStyle>
    </Style>
    <Style id="F3548v21Nonconforming">
      <LineStyle>
        <color>ff00ffff</color>
        <width>5</width>
      </LineStyle>
      <PolyStyle>
        <color>8000ffff</color>
      </PolyStyle>
    </Style>
    <Style id="F3548v21Contingent">
      <LineStyle>
        <color>ff0000ff</color>
        <width>5</width>
      </LineStyle>
      <PolyStyle>
        <color>80ff0000ff</color>
      </PolyStyle>
    </Style>
    <Style id="F3548v21AcceptedFuture">
      <LineStyle>
        <color>80c0c0c0</color>
        <width>1</width>
      </LineStyle>
      <PolyStyle>
        <color>00000000</color>
      </PolyStyle>
    </Style>
    <Style id="F3548v21ActivatedFuture">
      <LineStyle>
        <color>8040c040</color>
        <width>1</width>
      </LineStyle>
      <PolyStyle>
        <color>00000000</color>
      </PolyStyle>
    </Style>
    <Style id="F3548v21NonconformingFuture">
      <LineStyle>
        <color>8000ffff</color>
        <width>1</width>
      </LineStyle>
      <PolyStyle>
        <color>00000000</color>
      </PolyStyle>
    </Style>
    <Style id="F3548v21ContingentFuture">
      <LineStyle>
        <color>80ff0000ff</color>
        <width>1</width>
      </LineStyle>
      <PolyStyle>
        <color>00000000</color>
      </PolyStyle>
    </Style>
    <Style id="Planned_Nominal">
      <LineStyle>
        <color>ff00c000</color>
        <width>3</width>
      </LineStyle>
      <PolyStyle>
        <color>80808080</color>
      </PolyStyle>
    </Style>
    <Style id="InUse_Nominal">
      <LineStyle>
        <color>ff00c000</color>
        <width>3</width>
      </LineStyle>
      <PolyStyle>
        <color>8000ff00</color>
      </PolyStyle>
    </Style>
    <Style id="InUse_OffNominal">
      <LineStyle>
        <color>ff00ffff</color>
        <width>5</width>
      </LineStyle>
      <PolyStyle>
        <color>8000ff00</color>
      </PolyStyle>
    </Style>
    <Style id="InUse_Contingent">
      <LineStyle>
        <color>ff0000ff</color>
        <width>5</width>
      </LineStyle>
      <PolyStyle>
        <color>8000ff00</color>
      </PolyStyle>
    </Style>
    <Folder>
      <name>Nominal planning: conflict with higher priority</name>
      <Folder>
        <name>Attempt to plan flight in conflict</name>
        <Folder>
          <name>Plan Flight 2</name>
          <Folder>
            <name>E3: uss1_dss astm.f3548.v21.dss.queryOperationalIntentReferences</name>
            <Placemark>
              <name>area_of_interest</name>
              <styleUrl>#QueryArea</styleUrl>
              <description><![CDATA[(no operational intent references found)]]></description>
              <TimeSpan>
                <begin>2025-10-10T19:36:03.769111+00:00</begin>
                <end>2025-10-10T20:21:04.769111+00:00</end>
              </TimeSpan>
              <MultiGeometry>
                <Polygon>
                  <altitudeMode>absolute</altitudeMode>
                  <outerBoundaryIs>
                    <LinearRing>
                      <coordinates>-96.75890000000001,32.71785,119.24797214313818 -96.75890000000001,32.7186,119.24797214313818 -96.7585,32.7186,119.24797214313818 -96.7585,32.71785,119.24797214313818</coordinates>
                    </LinearRing>
                  </outerBoundaryIs>
                </Polygon>
                <Polygon>
                  <altitudeMode>absolute</altitudeMode>
                  <outerBoundaryIs>
                    <LinearRing>
                      <coordinates>-96.75890000000001,32.71785,148.31797214313818 -96.75890000000001,32.7186,148.31797214313818 -96.7585,32.7186,148.31797214313818 -96.7585,32.71785,148.31797214313818</coordinates>
                    </LinearRing>
                  </outerBoundaryIs>
                </Polygon>
                <Polygon>
                  <altitudeMode>absolute</altitudeMode>
                  <outerBoundaryIs>
                    <LinearRing>
                      <coordinates>-96.75890000000001,32.71785,119.24797214313818 -96.75890000000001,32.71785,148.31797214313818 -96.75890000000001,32.7186,148.31797214313818 -96.75890000000001,32.7186,119.24797214313818</coordinates>
                    </LinearRing>
                  </outerBoundaryIs>
                </Polygon>
                <Polygon>
                  <altitudeMode>absolute</altitudeMode>
                  <outerBoundaryIs>
                    <LinearRing>
                      <coordinates>-96.75890000000001,32.7186,119.24797214313818 -96.75890000000001,32.7186,148.31797214313818 -96.7585,32.7186,148.31797214313818 -96.7585,32.7186,119.24797214313818</coordinates>
                    </LinearRing>
                  </outerBoundaryIs>
                </Polygon>
                <Polygon>
                  <altitudeMode>absolute</altitudeMode>
                  <outerBoundaryIs>
                    <LinearRing>
                      <coordinates>-96.7585,32.7186,119.24797214313818 -96.7585,32.7186,148.31797214313818 -96.7585,32.71785,148.31797214313818 -96.7585,32.71785,119.24797214313818</coordinates>
                    </LinearRing>
                  </outerBoundaryIs>
                </Polygon>
                <Polygon>
                  <altitudeMode>absolute</altitudeMode>
                  <outerBoundaryIs>
                    <LinearRing>
                      <coordinates>-96.7585,32.71785,119.24797214313818 -96.7585,32.71785,148.31797214313818 -96.75890000000001,32.71785,148.31797214313818 -96.75890000000001,32.71785,119.24797214313818</coordinates>
                    </LinearRing>
                  </outerBoundaryIs>
                </Polygon>
              </MultiGeometry>
            </Placemark>
          </Folder>
          <Folder>
            <name>E5: uss1_core interuss.automated_testing.flight_planning.v1.UpsertFlightPlan</name>
            <Folder>
              <name>Activity Completed, flight Planned</name>
              <Placemark>
                <name>Volume 0</name>
                <styleUrl>#Planned_Nominal</styleUrl>
                <TimeSpan>
                  <begin>2025-10-10T19:36:03.769111+00:00</begin>
                  <end>2025-10-10T20:21:04.769111+00:00</end>
                </TimeSpan>
                <MultiGeometry>
                  <Polygon>
                    <altitudeMode>absolute</altitudeMode>
                    <outerBoundaryIs>
                      <LinearRing>
                        <coordinates>-96.75890000000001,32.7183,119.24795468550222 -96.7587,32.71785,119.24795468550222 -96.7585,32.71825,119.24795468550222 -96.7587,32.7186,119.24795468550222</coordinates>
                      </LinearRing>
                    </outerBoundaryIs>
                  </Polygon>
                  <Polygon>
                    <altitudeMode>absolute</altitudeMode>
                    <outerBoundaryIs>
                      <LinearRing>
                        <coordinates>-96.75890000000001,32.7183,148.31795468550223 -96.7587,32.71785,148.31795468550223 -96.7585,32.71825,148.31795468550223 -96.7587,32.7186,148.31795468550223</coordinates>
                      </LinearRing>
                    </outerBoundaryIs>
                  </Polygon>
                  <Polygon>
                    <altitudeMode>absolute</altitudeMode>
                    <outerBoundaryIs>
                      <LinearRing>
                        <coordinates>-96.75890000000001,32.7183,119.24795468550222 -96.75890000000001,32.7183,148.31795468550223 -96.7587,32.71785,148.31795468550223 -96.7587,32.71785,119.24795468550222</coordinates>
                      </LinearRing>
                    </outerBoundaryIs>
                  </Polygon>
                  <Polygon>
                    <altitudeMode>absolute</altitudeMode>
                    <outerBoundaryIs>
                      <LinearRing>
                        <coordinates>-96.7587,32.71785,119.24795468550222 -96.7587,32.71785,148.31795468550223 -96.7585,32.71825,148.31795468550223 -96.7585,32.71825,119.24795468550222</coordinates>
                      </LinearRing>
                    </outerBoundaryIs>
                  </Polygon>
                  <Polygon>
                    <altitudeMode>absolute</altitudeMode>
                    <outerBoundaryIs>
                      <LinearRing>
                        <coordinates>-96.7585,32.71825,119.24795468550222 -96.7585,32.71825,148.31795468550223 -96.7587,32.7186,148.31795468550223 -96.7587,32.7186,119.24795468550222</coordinates>
                      </LinearRing>
                    </outerBoundaryIs>
                  </Polygon>
                  <Polygon>
                    <altitudeMode>absolute</altitudeMode>
                    <outerBoundaryIs>
                      <LinearRing>
                        <coordinates>-96.7587,32.7186,119.24795468550222 -96.7587,32.7186,148.31795468550223 -96.75890000000001,32.7183,148.31795468550223 -96.75890000000001,32.7183,119.24795468550222</coordinates>
                      </LinearRing>
                    </outerBoundaryIs>
                  </Polygon>
                </MultiGeometry>
              </Placemark>
            </Folder>
          </Folder>
          <Folder>
            <name>E8: uss1_dss astm.f3548.v21.dss.queryOperationalIntentReferences</name>
            <Placemark>
              <name>area_of_interest</name>
              <styleUrl>#QueryArea</styleUrl>
              <description><![CDATA[<ul><li>uss1's Accepted 4390a2b7-b6cd-480f-bc45-84ed1ced631f[1]</li></ul>]]></description>
              <TimeSpan>
                <begin>2025-10-10T19:36:03.769111+00:00</begin>
                <end>2025-10-10T20:21:04.769111+00:00</end>
              </TimeSpan>
              <MultiGeometry>
                <Polygon>
                  <altitudeMode>absolute</altitudeMode>
                  <outerBoundaryIs>
                    <LinearRing>
                      <coordinates>-96.75890000000001,32.71785,119.24797214313818 -96.75890000000001,32.7186,119.24797214313818 -96.7585,32.7186,119.24797214313818 -96.7585,32.71785,119.24797214313818</coordinates>
                    </LinearRing>
                  </outerBoundaryIs>
                </Polygon>
                <Polygon>
                  <altitudeMode>absolute</altitudeMode>
                  <outerBoundaryIs>
                    <LinearRing>
                      <coordinates>-96.75890000000001,32.71785,148.31797214313818 -96.75890000000001,32.7186,148.31797214313818 -96.7585,32.7186,148.31797214313818 -96.7585,32.71785,148.31797214313818</coordinates>
                    </LinearRing>
                  </outerBoundaryIs>
                </Polygon>
                <Polygon>
                  <altitudeMode>absolute</altitudeMode>
                  <outerBoundaryIs>
                    <LinearRing>
                      <coordinates>-96.75890000000001,32.71785,119.24797214313818 -96.75890000000001,32.71785,148.31797214313818 -96.75890000000001,32.7186,148.31797214313818 -96.75890000000001,32.7186,119.24797214313818</coordinates>
                    </LinearRing>
                  </outerBoundaryIs>
                </Polygon>
                <Polygon>
                  <altitudeMode>absolute</altitudeMode>
                  <outerBoundaryIs>
                    <LinearRing>
                      <coordinates>-96.75890000000001,32.7186,119.24797214313818 -96.75890000000001,32.7186,148.31797214313818 -96.7585,32.7186,148.31797214313818 -96.7585,32.7186,119.24797214313818</coordinates>
                    </LinearRing>
                  </outerBoundaryIs>
                </Polygon>
                <Polygon>
                  <altitudeMode>absolute</altitudeMode>
                  <outerBoundaryIs>
                    <LinearRing>
                      <coordinates>-96.7585,32.7186,119.24797214313818 -96.7585,32.7186,148.31797214313818 -96.7585,32.71785,148.31797214313818 -96.7585,32.71785,119.24797214313818</coordinates>
                    </LinearRing>
                  </outerBoundaryIs>
                </Polygon>
                <Polygon>
                  <altitudeMode>absolute</altitudeMode>
                  <outerBoundaryIs>
                    <LinearRing>
                      <coordinates>-96.7585,32.71785,119.24797214313818 -96.7585,32.71785,148.31797214313818 -96.75890000000001,32.71785,148.31797214313818 -96.75890000000001,32.71785,119.24797214313818</coordinates>
                    </LinearRing>
                  </outerBoundaryIs>
                </Polygon>
              </MultiGeometry>
            </Placemark>
          </Folder>
          <Folder>
            <name>E12: uss1_core astm.f3548.v21.uss.getOperationalIntentDetails</name>
            <Folder>
              <name>uss1's P100 Accepted 4390a2b7-b6cd-480f-bc45-84ed1ced631f[1] @ 6pzlZSxD0ad9KhLmavSlAh6ZdcMNVHPA1TQcrTkvscw_</name>
              <Placemark>
                <name>Nominal volume 0</name>
                <styleUrl>#F3548v21Accepted</styleUrl>
                <TimeSpan>
                  <begin>2025-10-10T19:36:03.769111+00:00</begin>
                  <end>2025-10-10T20:21:04.769111+00:00</end>
                </TimeSpan>
                <MultiGeometry>
                  <Polygon>
                    <altitudeMode>absolute</altitudeMode>
                    <outerBoundaryIs>
                      <LinearRing>
                        <coordinates>-96.75890000000001,32.7183,119.24795468550222 -96.7587,32.71785,119.24795468550222 -96.7585,32.71825,119.24795468550222 -96.7587,32.7186,119.24795468550222</coordinates>
                      </LinearRing>
                    </outerBoundaryIs>
                  </Polygon>
                  <Polygon>
                    <altitudeMode>absolute</altitudeMode>
                    <outerBoundaryIs>
                      <LinearRing>
                        <coordinates>-96.75890000000001,32.7183,148.31795468550223 -96.7587,32.71785,148.31795468550223 -96.7585,32.71825,148.31795468550223 -96.7587,32.7186,148.31795468550223</coordinates>
                      </LinearRing>
                    </outerBoundaryIs>
                  </Polygon>
                  <Polygon>
                    <altitudeMode>absolute</altitudeMode>
                    <outerBoundaryIs>
                      <LinearRing>
                        <coordinates>-96.75890000000001,32.7183,119.24795468550222 -96.75890000000001,32.7183,148.31795468550223 -96.7587,32.71785,148.31795468550223 -96.7587,32.71785,119.24795468550222</coordinates>
                      </LinearRing>
                    </outerBoundaryIs>
                  </Polygon>
                  <Polygon>
                    <altitudeMode>absolute</altitudeMode>
                    <outerBoundaryIs>
                      <LinearRing>
                        <coordinates>-96.7587,32.71785,119.24795468550222 -96.7587,32.71785,148.31795468550223 -96.7585,32.71825,148.31795468550223 -96.7585,32.71825,119.24795468550222</coordinates>
                      </LinearRing>
                    </outerBoundaryIs>
                  </Polygon>
                  <Polygon>
                    <altitudeMode>absolute</altitudeMode>
                    <outerBoundaryIs>
                      <LinearRing>
                        <coordinates>-96.7585,32.71825,119.24795468550222 -96.7585,32.71825,148.31795468550223 -96.7587,32.7186,148.31795468550223 -96.7587,32.7186,119.24795468550222</coordinates>
                      </LinearRing>
                    </outerBoundaryIs>
                  </Polygon>
                  <Polygon>
                    <altitudeMode>absolute</altitudeMode>
                    <outerBoundaryIs>
                      <LinearRing>
                        <coordinates>-96.7587,32.7186,119.24795468550222 -96.7587,32.7186,148.31795468550223 -96.75890000000001,32.7183,148.31795468550223 -96.75890000000001,32.7183,119.24795468550222</coordinates>
                      </LinearRing>
                    </outerBoundaryIs>
                  </Polygon>
                </MultiGeometry>
              </Placemark>
            </Folder>
          </Folder>
        </Folder>
        <Folder>
          <name>Attempt to plan Flight 1</name>
          <Folder>
            <name>E18: uss1_dss astm.f3548.v21.dss.queryOperationalIntentReferences</name>
            <Placemark>
              <name>area_of_interest</name>
              <styleUrl>#QueryArea</styleUrl>
              <description><![CDATA[<ul><li>uss1's Accepted 4390a2b7-b6cd-480f-bc45-84ed1ced631f[1]</li></ul>]]></description>
              <TimeSpan>
                <begin>2025-10-10T19:36:03.839613+00:00</begin>
                <end>2025-10-10T20:21:04.839613+00:00</end>
              </TimeSpan>
              <MultiGeometry>
                <Polygon>
                  <altitudeMode>absolute</altitudeMode>
                  <outerBoundaryIs>
                    <LinearRing>
                      <coordinates>-96.75885000000001,32.71785,120.32754426941844 -96.75885000000001,32.7182,120.32754426941844 -96.75815,32.7182,120.32754426941844 -96.75815,32.71785,120.32754426941844</coordinates>
                    </LinearRing>
                  </outerBoundaryIs>
                </Polygon>
                <Polygon>
                  <altitudeMode>absolute</altitudeMode>
                  <outerBoundaryIs>
                    <LinearRing>
                      <coordinates>-96.75885000000001,32.71785,150.31754426941842 -96.75885000000001,32.7182,150.31754426941842 -96.75815,32.7182,150.31754426941842 -96.75815,32.71785,150.31754426941842</coordinates>
                    </LinearRing>
                  </outerBoundaryIs>
                </Polygon>
                <Polygon>
                  <altitudeMode>absolute</altitudeMode>
                  <outerBoundaryIs>
                    <LinearRing>
                      <coordinates>-96.75885000000001,32.71785,120.32754426941844 -96.75885000000001,32.71785,150.31754426941842 -96.75885000000001,32.7182,150.31754426941842 -96.75885000000001,32.7182,120.32754426941844</coordinates>
                    </LinearRing>
                  </outerBoundaryIs>
                </Polygon>
                <Polygon>
                  <altitudeMode>absolute</altitudeMode>
                  <outerBoundaryIs>
                    <LinearRing>
                      <coordinates>-96.75885000000001,32.7182,120.32754426941844 -96.75885000000001,32.7182,150.31754426941842 -96.75815,32.7182,150.31754426941842 -96.75815,32.7182,120.32754426941844</coordinates>
                    </LinearRing>
                  </outerBoundaryIs>
                </Polygon>
                <Polygon>
                  <altitudeMode>absolute</altitudeMode>
                  <outerBoundaryIs>
                    <LinearRing>
                      <coordinates>-96.75815,32.7182,120.32754426941844 -96.75815,32.7182,150.31754426941842 -96.75815,32.71785,150.31754426941842 -96.75815,32.71785,120.32754426941844</coordinates>
                    </LinearRing>
                  </outerBoundaryIs>
                </Polygon>
                <Polygon>
                  <altitudeMode>absolute</altitudeMode>
                  <outerBoundaryIs>
                    <LinearRing>
                      <coordinates>-96.75815,32.71785,120.32754426941844 -96.75815,32.71785,150.31754426941842 -96.75885000000001,32.71785,150.31754426941842 -96.75885000000001,32.71785,120.32754426941844</coordinates>
                    </LinearRing>
                  </outerBoundaryIs>
                </Polygon>
              </MultiGeometry>
            </Placemark>
          </Folder>
          <Folder>
            <name>E20: uss1_core interuss.automated_testing.flight_planning.v1.UpsertFlightPlan</name>
            <Folder>
              <name>Activity Rejected, flight NotPlanned</name>
              <Placemark>
                <name>Volume 0</name>
                <styleUrl>#Planned_Nominal</styleUrl>
                <TimeSpan>
                  <begin>2025-10-10T19:36:03.839613+00:00</begin>
                  <end>2025-10-10T20:21:04.839613+00:00</end>
                </TimeSpan>
                <MultiGeometry>
                  <Polygon>
                    <altitudeMode>absolute</altitudeMode>
                    <outerBoundaryIs>
                      <LinearRing>
                        <coordinates>-96.75885000000001,32.7179,120.3275710140941 -96.75885000000001,32.7182,120.3275710140941 -96.7582,32.7182,120.3275710140941 -96.75815,32.71785,120.3275710140941</coordinates>
                      </LinearRing>
                    </outerBoundaryIs>
                  </Polygon>
                  <Polygon>
                    <altitudeMode>absolute</altitudeMode>
                    <outerBoundaryIs>
                      <LinearRing>
                        <coordinates>-96.75885000000001,32.7179,150.31757101409409 -96.75885000000001,32.7182,150.31757101409409 -96.7582,32.7182,150.31757101409409 -96.75815,32.71785,150.31757101409409</coordinates>
                      </LinearRing>
                    </outerBoundaryIs>
                  </Polygon>
                  <Polygon>
                    <altitudeMode>absolute</altitudeMode>
                    <outerBoundaryIs>
                      <LinearRing>
                        <coordinates>-96.75885000000001,32.7179,120.3275710140941 -96.75885000000001,32.7179,150.31757101409409 -96.75885000000001,32.7182,150.31757101409409 -96.75885000000001,32.7182,120.3275710140941</coordinates>
                      </LinearRing>
                    </outerBoundaryIs>
                  </Polygon>
                  <Polygon>
                    <altitudeMode>absolute</altitudeMode>
                    <outerBoundaryIs>
                      <LinearRing>
                        <coordinates>-96.75885000000001,32.7182,120.3275710140941 -96.75885000000001,32.7182,150.31757101409409 -96.7582,32.7182,150.31757101409409 -96.7582,32.7182,120.3275710140941</coordinates>
                      </LinearRing>
                    </outerBoundaryIs>
                  </Polygon>
                  <Polygon>
                    <altitudeMode>absolute</altitudeMode>
                    <outerBoundaryIs>
                      <LinearRing>
                        <coordinates>-96.7582,32.7182,120.3275710140941 -96.7582,32.7182,150.31757101409409 -96.75815,32.71785,150.31757101409409 -96.75815,32.71785,120.3275710140941</coordinates>
                      </LinearRing>
                    </outerBoundaryIs>
                  </Polygon>
                  <Polygon>
                    <altitudeMode>absolute</altitudeMode>
                    <outerBoundaryIs>
                      <LinearRing>
                        <coordinates>-96.75815,32.71785,120.3275710140941 -96.75815,32.71785,150.31757101409409 -96.75885000000001,32.7179,150.31757101409409 -96.75885000000001,32.7179,120.3275710140941</coordinates>
                      </LinearRing>
                    </outerBoundaryIs>
                  </Polygon>
                </MultiGeometry>
              </Placemark>
            </Folder>
          </Folder>
          <Folder>
            <name>E23: uss1_dss astm.f3548.v21.dss.queryOperationalIntentReferences</name>
            <Placemark>
              <name>area_of_interest</name>
              <styleUrl>#QueryArea</styleUrl>
              <description><![CDATA[<ul><li>uss1's Accepted 4390a2b7-b6cd-480f-bc45-84ed1ced631f[1]</li></ul>]]></description>
              <TimeSpan>
                <begin>2025-10-10T19:36:03.839613+00:00</begin>
                <end>2025-10-10T20:21:04.839613+00:00</end>
              </TimeSpan>
              <MultiGeometry>
                <Polygon>
                  <altitudeMode>absolute</altitudeMode>
                  <outerBoundaryIs>
                    <LinearRing>
                      <coordinates>-96.75885000000001,32.71785,120.32754426941844 -96.75885000000001,32.7182,120.32754426941844 -96.75815,32.7182,120.32754426941844 -96.75815,32.71785,120.32754426941844</coordinates>
                    </LinearRing>
                  </outerBoundaryIs>
                </Polygon>
                <Polygon>
                  <altitudeMode>absolute</altitudeMode>
                  <outerBoundaryIs>
                    <LinearRing>
                      <coordinates>-96.75885000000001,32.71785,150.31754426941842 -96.75885000000001,32.7182,150.31754426941842 -96.75815,32.7182,150.31754426941842 -96.75815,32.71785,150.31754426941842</coordinates>
                    </LinearRing>
                  </outerBoundaryIs>
                </Polygon>
                <Polygon>
                  <altitudeMode>absolute</altitudeMode>
                  <outerBoundaryIs>
                    <LinearRing>
                      <coordinates>-96.75885000000001,32.71785,120.32754426941844 -96.75885000000001,32.71785,150.31754426941842 -96.75885000000001,32.7182,150.31754426941842 -96.75885000000001,32.7182,120.32754426941844</coordinates>
                    </LinearRing>
                  </outerBoundaryIs>
                </Polygon>
                <Polygon>
                  <altitudeMode>absolute</altitudeMode>
                  <outerBoundaryIs>
                    <LinearRing>
                      <coordinates>-96.75885000000001,32.7182,120.32754426941844 -96.75885000000001,32.7182,150.31754426941842 -96.75815,32.7182,150.31754426941842 -96.75815,32.7182,120.32754426941844</coordinates>
                    </LinearRing>
                  </outerBoundaryIs>
                </Polygon>
                <Polygon>
                  <altitudeMode>absolute</altitudeMode>
                  <outerBoundaryIs>
                    <LinearRing>
                      <coordinates>-96.75815,32.7182,120.32754426941844 -96.75815,32.7182,150.31754426941842 -96.75815,32.71785,150.31754426941842 -96.75815,32.71785,120.32754426941844</coordinates>
                    </LinearRing>
                  </outerBoundaryIs>
                </Polygon>
                <Polygon>
                  <altitudeMode>absolute</altitudeMode>
                  <outerBoundaryIs>
                    <LinearRing>
                      <coordinates>-96.75815,32.71785,120.32754426941844 -96.75815,32.71785,150.31754426941842 -96.75885000000001,32.71785,150.31754426941842 -96.75885000000001,32.71785,120.32754426941844</coordinates>
                    </LinearRing>
                  </outerBoundaryIs>
                </Polygon>
              </MultiGeometry>
            </Placemark>
          </Folder>
        </Folder>
        <Folder>
          <name>Delete Flight 2</name>
        </Folder>
      </Folder>
      <Folder>
        <name>Attempt to modify planned flight in conflict</name>
        <Folder>
          <name>Plan Flight 1</name>
          <Folder>
            <name>E28: uss1_dss astm.f3548.v21.dss.queryOperationalIntentReferences</name>
            <Placemark>
              <name>area_of_interest</name>
              <styleUrl>#QueryArea</styleUrl>
              <description><![CDATA[(no operational intent references found)]]></description>
              <TimeSpan>
                <begin>2025-10-10T19:36:03.906179+00:00</begin>
                <end>2025-10-10T20:21:04.906179+00:00</end>
              </TimeSpan>
              <MultiGeometry>
                <Polygon>
                  <altitudeMode>absolute</altitudeMode>
                  <outerBoundaryIs>
                    <LinearRing>
                      <coordinates>-96.75885000000001,32.71785,120.32754426941844 -96.75885000000001,32.7182,120.32754426941844 -96.75815,32.7182,120.32754426941844 -96.75815,32.71785,120.32754426941844</coordinates>
                    </LinearRing>
                  </outerBoundaryIs>
                </Polygon>
                <Polygon>
                  <altitudeMode>absolute</altitudeMode>
                  <outerBoundaryIs>
                    <LinearRing>
                      <coordinates>-96.75885000000001,32.71785,150.31754426941842 -96.75885000000001,32.7182,150.31754426941842 -96.75815,32.7182,150.31754426941842 -96.75815,32.71785,150.31754426941842</coordinates>
                    </LinearRing>
                  </outerBoundaryIs>
                </Polygon>
                <Polygon>
                  <altitudeMode>absolute</altitudeMode>
                  <outerBoundaryIs>
                    <LinearRing>
                      <coordinates>-96.75885000000001,32.71785,120.32754426941844 -96.75885000000001,32.71785,150.31754426941842 -96.75885000000001,32.7182,150.31754426941842 -96.75885000000001,32.7182,120.32754426941844</coordinates>
                    </LinearRing>
                  </outerBoundaryIs>
                </Polygon>
                <Polygon>
                  <altitudeMode>absolute</altitudeMode>
                  <outerBoundaryIs>
                    <LinearRing>
                      <coordinates>-96.75885000000001,32.7182,120.32754426941844 -96.75885000000001,32.7182,150.31754426941842 -96.75815,32.7182,150.31754426941842 -96.75815,32.7182,120.32754426941844</coordinates>
                    </LinearRing>
                  </outerBoundaryIs>
                </Polygon>
                <Polygon>
                  <altitudeMode>absolute</altitudeMode>
                  <outerBoundaryIs>
                    <LinearRing>
                      <coordinates>-96.75815,32.7182,120.32754426941844 -96.75815,32.7182,150.31754426941842 -96.75815,32.71785,150.31754426941842 -96.75815,32.71785,120.32754426941844</coordinates>
                    </LinearRing>
                  </outerBoundaryIs>
                </Polygon>
                <Polygon>
                  <altitudeMode>absolute</altitudeMode>
                  <outerBoundaryIs>
                    <LinearRing>
                      <coordinates>-96.75815,32.71785,120.32754426941844 -96.75815,32.71785,150.31754426941842 -96.75885000000001,32.71785,150.31754426941842 -96.75885000000001,32.71785,120.32754426941844</coordinates>
                    </LinearRing>
                  </outerBoundaryIs>
                </Polygon>
              </MultiGeometry>
            </Placemark>
          </Folder>
          <Folder>
            <name>E30: uss1_core interuss.automated_testing.flight_planning.v1.UpsertFlightPlan</name>
            <Folder>
              <name>Activity Completed, flight Planned</name>
              <Placemark>
                <name>Volume 0</name>
                <styleUrl>#Planned_Nominal</styleUrl>
                <TimeSpan>
                  <begin>2025-10-10T19:36:03.906179+00:00</begin>
                  <end>2025-10-10T20:21:04.906179+00:00</end>
                </TimeSpan>
                <MultiGeometry>
                  <Polygon>
                    <altitudeMode>absolute</altitudeMode>
                    <outerBoundaryIs>
                      <LinearRing>
                        <coordinates>-96.75885000000001,32.7179,120.3275710140941 -96.75885000000001,32.7182,120.3275710140941 -96.7582,32.7182,120.3275710140941 -96.75815,32.71785,120.3275710140941</coordinates>
                      </LinearRing>
                    </outerBoundaryIs>
                  </Polygon>
                  <Polygon>
                    <altitudeMode>absolute</altitudeMode>
                    <outerBoundaryIs>
                      <LinearRing>
                        <coordinates>-96.75885000000001,32.7179,150.31757101409409 -96.75885000000001,32.7182,150.31757101409409 -96.7582,32.7182,150.31757101409409 -96.75815,32.71785,150.31757101409409</coordinates>
                      </LinearRing>
                    </outerBoundaryIs>
                  </Polygon>
                  <Polygon>
                    <altitudeMode>absolute</altitudeMode>
                    <outerBoundaryIs>
                      <LinearRing>
                        <coordinates>-96.75885000000001,32.7179,120.3275710140941 -96.75885000000001,32.7179,150.31757101409409 -96.75885000000001,32.7182,150.31757101409409 -96.75885000000001,32.7182,120.3275710140941</coordinates>
                      </LinearRing>
                    </outerBoundaryIs>
                  </Polygon>
                  <Polygon>
                    <altitudeMode>absolute</altitudeMode>
                    <outerBoundaryIs>
                      <LinearRing>
                        <coordinates>-96.75885000000001,32.7182,120.3275710140941 -96.75885000000001,32.7182,150.31757101409409 -96.7582,32.7182,150.31757101409409 -96.7582,32.7182,120.3275710140941</coordinates>
                      </LinearRing>
                    </outerBoundaryIs>
                  </Polygon>
                  <Polygon>
                    <altitudeMode>absolute</altitudeMode>
                    <outerBoundaryIs>
                      <LinearRing>
                        <coordinates>-96.7582,32.7182,120.3275710140941 -96.7582,32.7182,150.31757101409409 -96.75815,32.71785,150.31757101409409 -96.75815,32.71785,120.3275710140941</coordinates>
                      </LinearRing>
                    </outerBoundaryIs>
                  </Polygon>
                  <Polygon>
                    <altitudeMode>absolute</altitudeMode>
                    <outerBoundaryIs>
                      <LinearRing>
                        <coordinates>-96.75815,32.71785,120.3275710140941 -96.75815,32.71785,150.31757101409409 -96.75885000000001,32.7179,150.31757101409409 -96.75885000000001,32.7179,120.3275710140941</coordinates>
                      </LinearRing>
                    </outerBoundaryIs>
                  </Polygon>
                </MultiGeometry>
              </Placemark>
            </Folder>
          </Folder>
          <Folder>
            <name>E33: uss1_dss astm.f3548.v21.dss.queryOperationalIntentReferences</name>
            <Placemark>
              <name>area_of_interest</name>
              <styleUrl>#QueryArea</styleUrl>
              <description><![CDATA[<ul><li>uss1's Accepted 907ceed0-ff64-42fb-95f9-22ee89a447b4[1]</li></ul>]]></description>
              <TimeSpan>
                <begin>2025-10-10T19:36:03.906179+00:00</begin>
                <end>2025-10-10T20:21:04.906179+00:00</end>
              </TimeSpan>
              <MultiGeometry>
                <Polygon>
                  <altitudeMode>absolute</altitudeMode>
                  <outerBoundaryIs>
                    <LinearRing>
                      <coordinates>-96.75885000000001,32.71785,120.32754426941844 -96.75885000000001,32.7182,120.32754426941844 -96.75815,32.7182,120.32754426941844 -96.75815,32.71785,120.32754426941844</coordinates>
                    </LinearRing>
                  </outerBoundaryIs>
                </Polygon>
                <Polygon>
                  <altitudeMode>absolute</altitudeMode>
                  <outerBoundaryIs>
                    <LinearRing>
                      <coordinates>-96.75885000000001,32.71785,150.31754426941842 -96.75885000000001,32.7182,150.31754426941842 -96.75815,32.7182,150.31754426941842 -96.75815,32.71785,150.31754426941842</coordinates>
                    </LinearRing>
                  </outerBoundaryIs>
                </Polygon>
                <Polygon>
                  <altitudeMode>absolute</altitudeMode>
                  <outerBoundaryIs>
                    <LinearRing>
                      <coordinates>-96.75885000000001,32.71785,120.32754426941844 -96.75885000000001,32.71785,150.31754426941842 -96.75885000000001,32.7182,150.31754426941842 -96.75885000000001,32.7182,120.32754426941844</coordinates>
                    </LinearRing>
                  </outerBoundaryIs>
                </Polygon>
                <Polygon>
                  <altitudeMode>absolute</altitudeMode>
                  <outerBoundaryIs>
                    <LinearRing>
                      <coordinates>-96.75885000000001,32.7182,120.32754426941844 -96.75885000000001,32.7182,150.31754426941842 -96.75815,32.7182,150.31754426941842 -96.75815,32.7182,120.32754426941844</coordinates>
                    </LinearRing>
                  </outerBoundaryIs>
                </Polygon>
                <Polygon>
                  <altitudeMode>absolute</altitudeMode>
                  <outerBoundaryIs>
                    <LinearRing>
                      <coordinates>-96.75815,32.7182,120.32754426941844 -96.75815,32.7182,150.31754426941842 -96.75815,32.71785,150.31754426941842 -96.75815,32.71785,120.32754426941844</coordinates>
                    </LinearRing>
                  </outerBoundaryIs>
                </Polygon>
                <Polygon>
                  <altitudeMode>absolute</altitudeMode>
                  <outerBoundaryIs>
                    <LinearRing>
                      <coordinates>-96.75815,32.71785,120.32754426941844 -96.75815,32.71785,150.31754426941842 -96.75885000000001,32.71785,150.31754426941842 -96.75885000000001,32.71785,120.32754426941844</coordinates>
                    </LinearRing>
                  </outerBoundaryIs>
                </Polygon>
              </MultiGeometry>
            </Placemark>
          </Folder>
          <Folder>
            <name>E37: uss1_core astm.f3548.v21.uss.getOperationalIntentDetails</name>
            <Folder>
              <name>uss1's P0 Accepted 907ceed0-ff64-42fb-95f9-22ee89a447b4[1] @ 1HB38xkJGZx-9l4OFmwAE5Zvo2IoCGJo9J0XzWQNxko_</name>
              <Placemark>
                <name>Nominal volume 0</name>
                <styleUrl>#F3548v21Accepted</styleUrl>
                <TimeSpan>
                  <begin>2025-10-10T19:36:03.906179+00:00</begin>
                  <end>2025-10-10T20:21:04.906179+00:00</end>
                </TimeSpan>
                <MultiGeometry>
                  <Polygon>
                    <altitudeMode>absolute</altitudeMode>
                    <outerBoundaryIs>
                      <LinearRing>
                        <coordinates>-96.75885000000001,32.7179,120.3275710140941 -96.75885000000001,32.7182,120.3275710140941 -96.7582,32.7182,120.3275710140941 -96.75815,32.71785,120.3275710140941</coordinates>
                      </LinearRing>
                    </outerBoundaryIs>
                  </Polygon>
                  <Polygon>
                    <altitudeMode>absolute</altitudeMode>
                    <outerBoundaryIs>
                      <LinearRing>
                        <coordinates>-96.75885000000001,32.7179,150.31757101409409 -96.75885000000001,32.7182,150.31757101409409 -96.7582,32.7182,150.31757101409409 -96.75815,32.71785,150.31757101409409</coordinates>
                      </LinearRing>
                    </outerBoundaryIs>
                  </Polygon>
                  <Polygon>
                    <altitudeMode>absolute</altitudeMode>
                    <outerBoundaryIs>
                      <LinearRing>
                        <coordinates>-96.75885000000001,32.7179,120.3275710140941 -96.75885000000001,32.7179,150.31757101409409 -96.75885000000001,32.7182,150.31757101409409 -96.75885000000001,32.7182,120.3275710140941</coordinates>
                      </LinearRing>
                    </outerBoundaryIs>
                  </Polygon>
                  <Polygon>
                    <altitudeMode>absolute</altitudeMode>
                    <outerBoundaryIs>
                      <LinearRing>
                        <coordinates>-96.75885000000001,32.7182,120.3275710140941 -96.75885000000001,32.7182,150.31757101409409 -96.7582,32.7182,150.31757101409409 -96.7582,32.7182,120.3275710140941</coordinates>
                      </LinearRing>
                    </outerBoundaryIs>
                  </Polygon>
                  <Polygon>
                    <altitudeMode>absolute</altitudeMode>
                    <outerBoundaryIs>
                      <LinearRing>
                        <coordinates>-96.7582,32.7182,120.3275710140941 -96.7582,32.7182,150.31757101409409 -96.75815,32.71785,150.31757101409409 -96.75815,32.71785,120.3275710140941</coordinates>
                      </LinearRing>
                    </outerBoundaryIs>
                  </Polygon>
                  <Polygon>
                    <altitudeMode>absolute</altitudeMode>
                    <outerBoundaryIs>
                      <LinearRing>
                        <coordinates>-96.75815,32.71785,120.3275710140941 -96.75815,32.71785,150.31757101409409 -96.75885000000001,32.7179,150.31757101409409 -96.75885000000001,32.7179,120.3275710140941</coordinates>
                      </LinearRing>
                    </outerBoundaryIs>
                  </Polygon>
                </MultiGeometry>
              </Placemark>
            </Folder>
          </Folder>
        </Folder>
        <Folder>
          <name>Plan Flight 2</name>
          <Folder>
            <name>E47: uss1_dss astm.f3548.v21.dss.queryOperationalIntentReferences</name>
            <Placemark>
              <name>area_of_interest</name>
              <styleUrl>#QueryArea</styleUrl>
              <description><![CDATA[<ul><li>uss1's Accepted 907ceed0-ff64-42fb-95f9-22ee89a447b4[1]</li></ul>]]></description>
              <TimeSpan>
                <begin>2025-10-10T19:36:03.994146+00:00</begin>
                <end>2025-10-10T20:21:04.994146+00:00</end>
              </TimeSpan>
              <MultiGeometry>
                <Polygon>
                  <altitudeMode>absolute</altitudeMode>
                  <outerBoundaryIs>
                    <LinearRing>
                      <coordinates>-96.75890000000001,32.71785,119.24797214313818 -96.75890000000001,32.7186,119.24797214313818 -96.7585,32.7186,119.24797214313818 -96.7585,32.71785,119.24797214313818</coordinates>
                    </LinearRing>
                  </outerBoundaryIs>
                </Polygon>
                <Polygon>
                  <altitudeMode>absolute</altitudeMode>
                  <outerBoundaryIs>
                    <LinearRing>
                      <coordinates>-96.75890000000001,32.71785,148.31797214313818 -96.75890000000001,32.7186,148.31797214313818 -96.7585,32.7186,148.31797214313818 -96.7585,32.71785,148.31797214313818</coordinates>
                    </LinearRing>
                  </outerBoundaryIs>
                </Polygon>
                <Polygon>
                  <altitudeMode>absolute</altitudeMode>
                  <outerBoundaryIs>
                    <LinearRing>
                      <coordinates>-96.75890000000001,32.71785,119.24797214313818 -96.75890000000001,32.71785,148.31797214313818 -96.75890000000001,32.7186,148.31797214313818 -96.75890000000001,32.7186,119.24797214313818</coordinates>
                    </LinearRing>
                  </outerBoundaryIs>
                </Polygon>
                <Polygon>
                  <altitudeMode>absolute</altitudeMode>
                  <outerBoundaryIs>
                    <LinearRing>
                      <coordinates>-96.75890000000001,32.7186,119.24797214313818 -96.75890000000001,32.7186,148.31797214313818 -96.7585,32.7186,148.31797214313818 -96.7585,32.7186,119.24797214313818</coordinates>
                    </LinearRing>
                  </outerBoundaryIs>
                </Polygon>
                <Polygon>
                  <altitudeMode>absolute</altitudeMode>
                  <outerBoundaryIs>
                    <LinearRing>
                      <coordinates>-96.7585,32.7186,119.24797214313818 -96.7585,32.7186,148.31797214313818 -96.7585,32.71785,148.31797214313818 -96.7585,32.71785,119.24797214313818</coordinates>
                    </LinearRing>
                  </outerBoundaryIs>
                </Polygon>
                <Polygon>
                  <altitudeMode>absolute</altitudeMode>
                  <outerBoundaryIs>
                    <LinearRing>
                      <coordinates>-96.7585,32.71785,119.24797214313818 -96.7585,32.71785,148.31797214313818 -96.75890000000001,32.71785,148.31797214313818 -96.75890000000001,32.71785,119.24797214313818</coordinates>
                    </LinearRing>
                  </outerBoundaryIs>
                </Polygon>
              </MultiGeometry>
            </Placemark>
          </Folder>
          <Folder>
            <name>E49: uss1_core interuss.automated_testing.flight_planning.v1.UpsertFlightPlan</name>
            <Folder>
              <name>Activity Completed, flight Planned</name>
              <Placemark>
                <name>Volume 0</name>
                <styleUrl>#Planned_Nominal</styleUrl>
                <TimeSpan>
                  <begin>2025-10-10T19:36:03.994146+00:00</begin>
                  <end>2025-10-10T20:21:04.994146+00:00</end>
                </TimeSpan>
                <MultiGeometry>
                  <Polygon>
                    <altitudeMode>absolute</altitudeMode>
                    <outerBoundaryIs>
                      <LinearRing>
                        <coordinates>-96.75890000000001,32.7183,119.24795468550222 -96.7587,32.71785,119.24795468550222 -96.7585,32.71825,119.24795468550222 -96.7587,32.7186,119.24795468550222</coordinates>
                      </LinearRing>
                    </outerBoundaryIs>
                  </Polygon>
                  <Polygon>
                    <altitudeMode>absolute</altitudeMode>
                    <outerBoundaryIs>
                      <LinearRing>
                        <coordinates>-96.75890000000001,32.7183,148.31795468550223 -96.7587,32.71785,148.31795468550223 -96.7585,32.71825,148.31795468550223 -96.7587,32.7186,148.31795468550223</coordinates>
                      </LinearRing>
                    </outerBoundaryIs>
                  </Polygon>
                  <Polygon>
                    <altitudeMode>absolute</altitudeMode>
                    <outerBoundaryIs>
                      <LinearRing>
                        <coordinates>-96.75890000000001,32.7183,119.24795468550222 -96.75890000000001,32.7183,148.31795468550223 -96.7587,32.71785,148.31795468550223 -96.7587,32.71785,119.24795468550222</coordinates>
                      </LinearRing>
                    </outerBoundaryIs>
                  </Polygon>
                  <Polygon>
                    <altitudeMode>absolute</altitudeMode>
                    <outerBoundaryIs>
                      <LinearRing>
                        <coordinates>-96.7587,32.71785,119.24795468550222 -96.7587,32.71785,148.31795468550223 -96.7585,32.71825,148.31795468550223 -96.7585,32.71825,119.24795468550222</coordinates>
                      </LinearRing>
                    </outerBoundaryIs>
                  </Polygon>
                  <Polygon>
                    <altitudeMode>absolute</altitudeMode>
                    <outerBoundaryIs>
                      <LinearRing>
                        <coordinates>-96.7585,32.71825,119.24795468550222 -96.7585,32.71825,148.31795468550223 -96.7587,32.7186,148.31795468550223 -96.7587,32.7186,119.24795468550222</coordinates>
                      </LinearRing>
                    </outerBoundaryIs>
                  </Polygon>
                  <Polygon>
                    <altitudeMode>absolute</altitudeMode>
                    <outerBoundaryIs>
                      <LinearRing>
                        <coordinates>-96.7587,32.7186,119.24795468550222 -96.7587,32.7186,148.31795468550223 -96.75890000000001,32.7183,148.31795468550223 -96.75890000000001,32.7183,119.24795468550222</coordinates>
                      </LinearRing>
                    </outerBoundaryIs>
                  </Polygon>
                </MultiGeometry>
              </Placemark>
            </Folder>
          </Folder>
          <Folder>
            <name>E52: uss1_dss astm.f3548.v21.dss.queryOperationalIntentReferences</name>
            <Placemark>
              <name>area_of_interest</name>
              <styleUrl>#QueryArea</styleUrl>
              <description><![CDATA[<ul><li>uss1's Accepted 907ceed0-ff64-42fb-95f9-22ee89a447b4[1]</li><li>uss1's Accepted ade475b0-2eda-49a2-8af9-f622e945cd54[1]</li></ul>]]></description>
              <TimeSpan>
                <begin>2025-10-10T19:36:03.994146+00:00</begin>
                <end>2025-10-10T20:21:04.994146+00:00</end>
              </TimeSpan>
              <MultiGeometry>
                <Polygon>
                  <altitudeMode>absolute</altitudeMode>
                  <outerBoundaryIs>
                    <LinearRing>
                      <coordinates>-96.75890000000001,32.71785,119.24797214313818 -96.75890000000001,32.7186,119.24797214313818 -96.7585,32.7186,119.24797214313818 -96.7585,32.71785,119.24797214313818</coordinates>
                    </LinearRing>
                  </outerBoundaryIs>
                </Polygon>
                <Polygon>
                  <altitudeMode>absolute</altitudeMode>
                  <outerBoundaryIs>
                    <LinearRing>
                      <coordinates>-96.75890000000001,32.71785,148.31797214313818 -96.75890000000001,32.7186,148.31797214313818 -96.7585,32.7186,148.31797214313818 -96.7585,32.71785,148.31797214313818</coordinates>
                    </LinearRing>
                  </outerBoundaryIs>
                </Polygon>
                <Polygon>
                  <altitudeMode>absolute</altitudeMode>
                  <outerBoundaryIs>
                    <LinearRing>
                      <coordinates>-96.75890000000001,32.71785,119.24797214313818 -96.75890000000001,32.71785,148.31797214313818 -96.75890000000001,32.7186,148.31797214313818 -96.75890000000001,32.7186,119.24797214313818</coordinates>
                    </LinearRing>
                  </outerBoundaryIs>
                </Polygon>
                <Polygon>
                  <altitudeMode>absolute</altitudeMode>
                  <outerBoundaryIs>
                    <LinearRing>
                      <coordinates>-96.75890000000001,32.7186,119.24797214313818 -96.75890000000001,32.7186,148.31797214313818 -96.7585,32.7186,148.31797214313818 -96.7585,32.7186,119.24797214313818</coordinates>
                    </LinearRing>
                  </outerBoundaryIs>
                </Polygon>
                <Polygon>
                  <altitudeMode>absolute</altitudeMode>
                  <outerBoundaryIs>
                    <LinearRing>
                      <coordinates>-96.7585,32.7186,119.24797214313818 -96.7585,32.7186,148.31797214313818 -96.7585,32.71785,148.31797214313818 -96.7585,32.71785,119.24797214313818</coordinates>
                    </LinearRing>
                  </outerBoundaryIs>
                </Polygon>
                <Polygon>
                  <altitudeMode>absolute</altitudeMode>
                  <outerBoundaryIs>
                    <LinearRing>
                      <coordinates>-96.7585,32.71785,119.24797214313818 -96.7585,32.71785,148.31797214313818 -96.75890000000001,32.71785,148.31797214313818 -96.75890000000001,32.71785,119.24797214313818</coordinates>
                    </LinearRing>
                  </outerBoundaryIs>
                </Polygon>
              </MultiGeometry>
            </Placemark>
          </Folder>
          <Folder>
            <name>E56: uss1_core astm.f3548.v21.uss.getOperationalIntentDetails</name>
            <Folder>
              <name>uss1's P100 Accepted ade475b0-2eda-49a2-8af9-f622e945cd54[1] @ CKsAStkZxS8zLISxnkUl1Gikllh9ZmbZ8A2OB6chyk4_</name>
              <Placemark>
                <name>Nominal volume 0</name>
                <styleUrl>#F3548v21Accepted</styleUrl>
                <TimeSpan>
                  <begin>2025-10-10T19:36:03.994146+00:00</begin>
                  <end>2025-10-10T20:21:04.994146+00:00</end>
                </TimeSpan>
                <MultiGeometry>
                  <Polygon>
                    <altitudeMode>absolute</altitudeMode>
                    <outerBoundaryIs>
                      <LinearRing>
                        <coordinates>-96.75890000000001,32.7183,119.24795468550222 -96.7587,32.71785,119.24795468550222 -96.7585,32.71825,119.24795468550222 -96.7587,32.7186,119.24795468550222</coordinates>
                      </LinearRing>
                    </outerBoundaryIs>
                  </Polygon>
                  <Polygon>
                    <altitudeMode>absolute</altitudeMode>
                    <outerBoundaryIs>
                      <LinearRing>
                        <coordinates>-96.75890000000001,32.7183,148.31795468550223 -96.7587,32.71785,148.31795468550223 -96.7585,32.71825,148.31795468550223 -96.7587,32.7186,148.31795468550223</coordinates>
                      </LinearRing>
                    </outerBoundaryIs>
                  </Polygon>
                  <Polygon>
                    <altitudeMode>absolute</altitudeMode>
                    <outerBoundaryIs>
                      <LinearRing>
                        <coordinates>-96.75890000000001,32.7183,119.24795468550222 -96.75890000000001,32.7183,148.31795468550223 -96.7587,32.71785,148.31795468550223 -96.7587,32.71785,119.24795468550222</coordinates>
                      </LinearRing>
                    </outerBoundaryIs>
                  </Polygon>
                  <Polygon>
                    <altitudeMode>absolute</altitudeMode>
                    <outerBoundaryIs>
                      <LinearRing>
                        <coordinates>-96.7587,32.71785,119.24795468550222 -96.7587,32.71785,148.31795468550223 -96.7585,32.71825,148.31795468550223 -96.7585,32.71825,119.24795468550222</coordinates>
                      </LinearRing>
                    </outerBoundaryIs>
                  </Polygon>
                  <Polygon>
                    <altitudeMode>absolute</altitudeMode>
                    <outerBoundaryIs>
                      <LinearRing>
                        <coordinates>-96.7585,32.71825,119.24795468550222 -96.7585,32.71825,148.31795468550223 -96.7587,32.7186,148.31795468550223 -96.7587,32.7186,119.24795468550222</coordinates>
                      </LinearRing>
                    </outerBoundaryIs>
                  </Polygon>
                  <Polygon>
                    <altitudeMode>absolute</altitudeMode>
                    <outerBoundaryIs>
                      <LinearRing>
                        <coordinates>-96.7587,32.7186,119.24795468550222 -96.7587,32.7186,148.31795468550223 -96.75890000000001,32.7183,148.31795468550223 -96.75890000000001,32.7183,119.24795468550222</coordinates>
                      </LinearRing>
                    </outerBoundaryIs>
                  </Polygon>
                </MultiGeometry>
              </Placemark>
            </Folder>
          </Folder>
        </Folder>
        <Folder>
          <name>Check for conflict notifications</name>
        </Folder>
        <Folder>
          <name>Attempt to modify planned Flight 1 in conflict</name>
          <Folder>
            <name>E68: uss1_dss astm.f3548.v21.dss.queryOperationalIntentReferences</name>
            <Placemark>
              <name>area_of_interest</name>
              <styleUrl>#QueryArea</styleUrl>
              <description><![CDATA[<ul><li>uss1's Accepted 907ceed0-ff64-42fb-95f9-22ee89a447b4[1]</li><li>uss1's Accepted ade475b0-2eda-49a2-8af9-f622e945cd54[1]</li></ul>]]></description>
              <TimeSpan>
                <begin>2025-10-10T19:36:03.906179+00:00</begin>
                <end>2025-10-10T20:21:05.099499+00:00</end>
              </TimeSpan>
              <MultiGeometry>
                <Polygon>
                  <altitudeMode>absolute</altitudeMode>
                  <outerBoundaryIs>
                    <LinearRing>
                      <coordinates>-96.75885000000001,32.71785,90.28754426941842 -96.75885000000001,32.7182,90.28754426941842 -96.75815,32.7182,90.28754426941842 -96.75815,32.71785,90.28754426941842</coordinates>
                    </LinearRing>
                  </outerBoundaryIs>
                </Polygon>
                <Polygon>
                  <altitudeMode>absolute</altitudeMode>
                  <outerBoundaryIs>
                    <LinearRing>
                      <coordinates>-96.75885000000001,32.71785,150.31754426941842 -96.75885000000001,32.7182,150.31754426941842 -96.75815,32.7182,150.31754426941842 -96.75815,32.71785,150.31754426941842</coordinates>
                    </LinearRing>
                  </outerBoundaryIs>
                </Polygon>
                <Polygon>
                  <altitudeMode>absolute</altitudeMode>
                  <outerBoundaryIs>
                    <LinearRing>
                      <coordinates>-96.75885000000001,32.71785,90.28754426941842 -96.75885000000001,32.71785,150.31754426941842 -96.75885000000001,32.7182,150.31754426941842 -96.75885000000001,32.7182,90.28754426941842</coordinates>
                    </LinearRing>
                  </outerBoundaryIs>
                </Polygon>
                <Polygon>
                  <altitudeMode>absolute</altitudeMode>
                  <outerBoundaryIs>
                    <LinearRing>
                      <coordinates>-96.75885000000001,32.7182,90.28754426941842 -96.75885000000001,32.7182,150.31754426941842 -96.75815,32.7182,150.31754426941842 -96.75815,32.7182,90.28754426941842</coordinates>
                    </LinearRing>
                  </outerBoundaryIs>
                </Polygon>
                <Polygon>
                  <altitudeMode>absolute</altitudeMode>
                  <outerBoundaryIs>
                    <LinearRing>
                      <coordinates>-96.75815,32.7182,90.28754426941842 -96.75815,32.7182,150.31754426941842 -96.75815,32.71785,150.31754426941842 -96.75815,32.71785,90.28754426941842</coordinates>
                    </LinearRing>
                  </outerBoundaryIs>
                </Polygon>
                <Polygon>
                  <altitudeMode>absolute</altitudeMode>
                  <outerBoundaryIs>
                    <LinearRing>
                      <coordinates>-96.75815,32.71785,90.28754426941842 -96.75815,32.71785,150.31754426941842 -96.75885000000001,32.71785,150.31754426941842 -96.75885000000001,32.71785,90.28754426941842</coordinates>
                    </LinearRing>
                  </outerBoundaryIs>
                </Polygon>
              </MultiGeometry>
            </Placemark>
          </Folder>
          <Folder>
            <name>E70: uss1_core interuss.automated_testing.flight_planning.v1.UpsertFlightPlan</name>
            <Folder>
              <name>Activity Rejected, flight Planned</name>
              <Placemark>
                <name>Volume 0</name>
                <styleUrl>#Planned_Nominal</styleUrl>
                <TimeSpan>
                  <begin>2025-10-10T19:36:04.099499+00:00</begin>
                  <end>2025-10-10T20:21:05.099499+00:00</end>
                </TimeSpan>
                <MultiGeometry>
                  <Polygon>
                    <altitudeMode>absolute</altitudeMode>
                    <outerBoundaryIs>
                      <LinearRing>
                        <coordinates>-96.7586,32.7179,90.2872163874855 -96.7586,32.7182,90.2872163874855 -96.7582,32.7182,90.2872163874855 -96.75815,32.71785,90.2872163874855</coordinates>
                      </LinearRing>
                    </outerBoundaryIs>
                  </Polygon>
                  <Polygon>
                    <altitudeMode>absolute</altitudeMode>
                    <outerBoundaryIs>
                      <LinearRing>
                        <coordinates>-96.7586,32.7179,150.3172163874855 -96.7586,32.7182,150.3172163874855 -96.7582,32.7182,150.3172163874855 -96.75815,32.71785,150.3172163874855</coordinates>
                      </LinearRing>
                    </outerBoundaryIs>
                  </Polygon>
                  <Polygon>
                    <altitudeMode>absolute</altitudeMode>
                    <outerBoundaryIs>
                      <LinearRing>
                        <coordinates>-96.7586,32.7179,90.2872163874855 -96.7586,32.7179,150.3172163874855 -96.7586,32.7182,150.3172163874855 -96.7586,32.7182,90.2872163874855</coordinates>
                      </LinearRing>
                    </outerBoundaryIs>
                  </Polygon>
                  <Polygon>
                    <altitudeMode>absolute</altitudeMode>
                    <outerBoundaryIs>
                      <LinearRing>
                        <coordinates>-96.7586,32.7182,90.2872163874855 -96.7586,32.7182,150.3172163874855 -96.7582,32.7182,150.3172163874855 -96.7582,32.7182,90.2872163874855</coordinates>
                      </LinearRing>
                    </outerBoundaryIs>
                  </Polygon>
                  <Polygon>
                    <altitudeMode>absolute</altitudeMode>
                    <outerBoundaryIs>
                      <LinearRing>
                        <coordinates>-96.7582,32.7182,90.2872163874855 -96.7582,32.7182,150.3172163874855 -96.75815,32.71785,150.3172163874855 -96.75815,32.71785,90.2872163874855</coordinates>
                      </LinearRing>
                    </outerBoundaryIs>
                  </Polygon>
                  <Polygon>
                    <altitudeMode>absolute</altitudeMode>
                    <outerBoundaryIs>
                      <LinearRing>
                        <coordinates>-96.75815,32.71785,90.2872163874855 -96.75815,32.71785,150.3172163874855 -96.7586,32.7179,150.3172163874855 -96.7586,32.7179,90.2872163874855</coordinates>
                      </LinearRing>
                    </outerBoundaryIs>
                  </Polygon>
                </MultiGeometry>
              </Placemark>
            </Folder>
          </Folder>
          <Folder>
            <name>E73: uss1_dss astm.f3548.v21.dss.queryOperationalIntentReferences</name>
            <Placemark>
              <name>area_of_interest</name>
              <styleUrl>#QueryArea</styleUrl>
              <description><![CDATA[<ul><li>uss1's Accepted 907ceed0-ff64-42fb-95f9-22ee89a447b4[1]</li><li>uss1's Accepted ade475b0-2eda-49a2-8af9-f622e945cd54[1]</li></ul>]]></description>
              <TimeSpan>
                <begin>2025-10-10T19:36:03.906179+00:00</begin>
                <end>2025-10-10T20:21:05.099499+00:00</end>
              </TimeSpan>
              <MultiGeometry>
                <Polygon>
                  <altitudeMode>absolute</altitudeMode>
                  <outerBoundaryIs>
                    <LinearRing>
                      <coordinates>-96.75885000000001,32.71785,90.28754426941842 -96.75885000000001,32.7182,90.28754426941842 -96.75815,32.7182,90.28754426941842 -96.75815,32.71785,90.28754426941842</coordinates>
                    </LinearRing>
                  </outerBoundaryIs>
                </Polygon>
                <Polygon>
                  <altitudeMode>absolute</altitudeMode>
                  <outerBoundaryIs>
                    <LinearRing>
                      <coordinates>-96.75885000000001,32.71785,150.31754426941842 -96.75885000000001,32.7182,150.31754426941842 -96.75815,32.7182,150.31754426941842 -96.75815,32.71785,150.31754426941842</coordinates>
                    </LinearRing>
                  </outerBoundaryIs>
                </Polygon>
                <Polygon>
                  <altitudeMode>absolute</altitudeMode>
                  <outerBoundaryIs>
                    <LinearRing>
                      <coordinates>-96.75885000000001,32.71785,90.28754426941842 -96.75885000000001,32.71785,150.31754426941842 -96.75885000000001,32.7182,150.31754426941842 -96.75885000000001,32.7182,90.28754426941842</coordinates>
                    </LinearRing>
                  </outerBoundaryIs>
                </Polygon>
                <Polygon>
                  <altitudeMode>absolute</altitudeMode>
                  <outerBoundaryIs>
                    <LinearRing>
                      <coordinates>-96.75885000000001,32.7182,90.28754426941842 -96.75885000000001,32.7182,150.31754426941842 -96.75815,32.7182,150.31754426941842 -96.75815,32.7182,90.28754426941842</coordinates>
                    </LinearRing>
                  </outerBoundaryIs>
                </Polygon>
                <Polygon>
                  <altitudeMode>absolute</altitudeMode>
                  <outerBoundaryIs>
                    <LinearRing>
                      <coordinates>-96.75815,32.7182,90.28754426941842 -96.75815,32.7182,150.31754426941842 -96.75815,32.71785,150.31754426941842 -96.75815,32.71785,90.28754426941842</coordinates>
                    </LinearRing>
                  </outerBoundaryIs>
                </Polygon>
                <Polygon>
                  <altitudeMode>absolute</altitudeMode>
                  <outerBoundaryIs>
                    <LinearRing>
                      <coordinates>-96.75815,32.71785,90.28754426941842 -96.75815,32.71785,150.31754426941842 -96.75885000000001,32.71785,150.31754426941842 -96.75885000000001,32.71785,90.28754426941842</coordinates>
                    </LinearRing>
                  </outerBoundaryIs>
                </Polygon>
              </MultiGeometry>
            </Placemark>
          </Folder>
          <Folder>
            <name>E77: uss1_core astm.f3548.v21.uss.getOperationalIntentDetails</name>
            <Folder>
              <name>uss1's P0 Accepted 907ceed0-ff64-42fb-95f9-22ee89a447b4[1] @ 1HB38xkJGZx-9l4OFmwAE5Zvo2IoCGJo9J0XzWQNxko_</name>
              <Placemark>
                <name>Nominal volume 0</name>
                <styleUrl>#F3548v21Accepted</styleUrl>
                <TimeSpan>
                  <begin>2025-10-10T19:36:03.906179+00:00</begin>
                  <end>2025-10-10T20:21:04.906179+00:00</end>
                </TimeSpan>
                <MultiGeometry>
                  <Polygon>
                    <altitudeMode>absolute</altitudeMode>
                    <outerBoundaryIs>
                      <LinearRing>
                        <coordinates>-96.75885000000001,32.7179,120.3275710140941 -96.75885000000001,32.7182,120.3275710140941 -96.7582,32.7182,120.3275710140941 -96.75815,32.71785,120.3275710140941</coordinates>
                      </LinearRing>
                    </outerBoundaryIs>
                  </Polygon>
                  <Polygon>
                    <altitudeMode>absolute</altitudeMode>
                    <outerBoundaryIs>
                      <LinearRing>
                        <coordinates>-96.75885000000001,32.7179,150.31757101409409 -96.75885000000001,32.7182,150.31757101409409 -96.7582,32.7182,150.31757101409409 -96.75815,32.71785,150.31757101409409</coordinates>
                      </LinearRing>
                    </outerBoundaryIs>
                  </Polygon>
                  <Polygon>
                    <altitudeMode>absolute</altitudeMode>
                    <outerBoundaryIs>
                      <LinearRing>
                        <coordinates>-96.75885000000001,32.7179,120.3275710140941 -96.75885000000001,32.7179,150.31757101409409 -96.75885000000001,32.7182,150.31757101409409 -96.75885000000001,32.7182,120.3275710140941</coordinates>
                      </LinearRing>
                    </outerBoundaryIs>
                  </Polygon>
                  <Polygon>
                    <altitudeMode>absolute</altitudeMode>
                    <outerBoundaryIs>
                      <LinearRing>
                        <coordinates>-96.75885000000001,32.7182,120.3275710140941 -96.75885000000001,32.7182,150.31757101409409 -96.7582,32.7182,150.31757101409409 -96.7582,32.7182,120.3275710140941</coordinates>
                      </LinearRing>
                    </outerBoundaryIs>
                  </Polygon>
                  <Polygon>
                    <altitudeMode>absolute</altitudeMode>
                    <outerBoundaryIs>
                      <LinearRing>
                        <coordinates>-96.7582,32.7182,120.3275710140941 -96.7582,32.7182,150.31757101409409 -96.75815,32.71785,150.31757101409409 -96.75815,32.71785,120.3275710140941</coordinates>
                      </LinearRing>
                    </outerBoundaryIs>
                  </Polygon>
                  <Polygon>
                    <altitudeMode>absolute</altitudeMode>
                    <outerBoundaryIs>
                      <LinearRing>
                        <coordinates>-96.75815,32.71785,120.3275710140941 -96.75815,32.71785,150.31757101409409 -96.75885000000001,32.7179,150.31757101409409 -96.75885000000001,32.7179,120.3275710140941</coordinates>
                      </LinearRing>
                    </outerBoundaryIs>
                  </Polygon>
                </MultiGeometry>
              </Placemark>
            </Folder>
          </Folder>
        </Folder>
      </Folder>
      <Folder>
        <name>Attempt to activate flight in conflict</name>
        <Folder>
          <name>Attempt to activate conflicting Flight 1</name>
          <Folder>
            <name>E83: uss1_dss astm.f3548.v21.dss.queryOperationalIntentReferences</name>
            <Placemark>
              <name>area_of_interest</name>
              <styleUrl>#QueryArea</styleUrl>
              <description><![CDATA[<ul><li>uss1's Accepted 907ceed0-ff64-42fb-95f9-22ee89a447b4[1]</li><li>uss1's Accepted ade475b0-2eda-49a2-8af9-f622e945cd54[1]</li></ul>]]></description>
              <TimeSpan>
                <begin>2025-10-10T19:36:03.906179+00:00</begin>
                <end>2025-10-10T20:21:05.172226+00:00</end>
              </TimeSpan>
              <MultiGeometry>
                <Polygon>
                  <altitudeMode>absolute</altitudeMode>
                  <outerBoundaryIs>
                    <LinearRing>
                      <coordinates>-96.75885000000001,32.71785,120.32754426941844 -96.75885000000001,32.7182,120.32754426941844 -96.75815,32.7182,120.32754426941844 -96.75815,32.71785,120.32754426941844</coordinates>
                    </LinearRing>
                  </outerBoundaryIs>
                </Polygon>
                <Polygon>
                  <altitudeMode>absolute</altitudeMode>
                  <outerBoundaryIs>
                    <LinearRing>
                      <coordinates>-96.75885000000001,32.71785,150.31754426941842 -96.75885000000001,32.7182,150.31754426941842 -96.75815,32.7182,150.31754426941842 -96.75815,32.71785,150.31754426941842</coordinates>
                    </LinearRing>
                  </outerBoundaryIs>
                </Polygon>
                <Polygon>
                  <altitudeMode>absolute</altitudeMode>
                  <outerBoundaryIs>
                    <LinearRing>
                      <coordinates>-96.75885000000001,32.71785,120.32754426941844 -96.75885000000001,32.71785,150.31754426941842 -96.75885000000001,32.7182,150.31754426941842 -96.75885000000001,32.7182,120.32754426941844</coordinates>
                    </LinearRing>
                  </outerBoundaryIs>
                </Polygon>
                <Polygon>
                  <altitudeMode>absolute</altitudeMode>
                  <outerBoundaryIs>
                    <LinearRing>
                      <coordinates>-96.75885000000001,32.7182,120.32754426941844 -96.75885000000001,32.7182,150.31754426941842 -96.75815,32.7182,150.31754426941842 -96.75815,32.7182,120.32754426941844</coordinates>
                    </LinearRing>
                  </outerBoundaryIs>
                </Polygon>
                <Polygon>
                  <altitudeMode>absolute</altitudeMode>
                  <outerBoundaryIs>
                    <LinearRing>
                      <coordinates>-96.75815,32.7182,120.32754426941844 -96.75815,32.7182,150.31754426941842 -96.75815,32.71785,150.31754426941842 -96.75815,32.71785,120.32754426941844</coordinates>
                    </LinearRing>
                  </outerBoundaryIs>
                </Polygon>
                <Polygon>
                  <altitudeMode>absolute</altitudeMode>
                  <outerBoundaryIs>
                    <LinearRing>
                      <coordinates>-96.75815,32.71785,120.32754426941844 -96.75815,32.71785,150.31754426941842 -96.75885000000001,32.71785,150.31754426941842 -96.75885000000001,32.71785,120.32754426941844</coordinates>
                    </LinearRing>
                  </outerBoundaryIs>
                </Polygon>
              </MultiGeometry>
            </Placemark>
          </Folder>
          <Folder>
            <name>E85: uss1_core interuss.automated_testing.flight_planning.v1.UpsertFlightPlan</name>
            <Folder>
              <name>Activity Rejected, flight Planned</name>
              <Placemark>
                <name>Volume 0</name>
                <styleUrl>#InUse_Nominal</styleUrl>
                <TimeSpan>
                  <begin>2025-10-10T19:36:04.172226+00:00</begin>
                  <end>2025-10-10T20:21:05.172226+00:00</end>
                </TimeSpan>
                <MultiGeometry>
                  <Polygon>
                    <altitudeMode>absolute</altitudeMode>
                    <outerBoundaryIs>
                      <LinearRing>
                        <coordinates>-96.75885000000001,32.7179,120.3375710140941 -96.75885000000001,32.7182,120.3375710140941 -96.7582,32.7182,120.3375710140941 -96.75815,32.71785,120.3375710140941</coordinates>
                      </LinearRing>
                    </outerBoundaryIs>
                  </Polygon>
                  <Polygon>
                    <altitudeMode>absolute</altitudeMode>
                    <outerBoundaryIs>
                      <LinearRing>
                        <coordinates>-96.75885000000001,32.7179,150.31757101409409 -96.75885000000001,32.7182,150.31757101409409 -96.7582,32.7182,150.31757101409409 -96.75815,32.71785,150.31757101409409</coordinates>
                      </LinearRing>
                    </outerBoundaryIs>
                  </Polygon>
                  <Polygon>
                    <altitudeMode>absolute</altitudeMode>
                    <outerBoundaryIs>
                      <LinearRing>
                        <coordinates>-96.75885000000001,32.7179,120.3375710140941 -96.75885000000001,32.7179,150.31757101409409 -96.75885000000001,32.7182,150.31757101409409 -96.75885000000001,32.7182,120.3375710140941</coordinates>
                      </LinearRing>
                    </outerBoundaryIs>
                  </Polygon>
                  <Polygon>
                    <altitudeMode>absolute</altitudeMode>
                    <outerBoundaryIs>
                      <LinearRing>
                        <coordinates>-96.75885000000001,32.7182,120.3375710140941 -96.75885000000001,32.7182,150.31757101409409 -96.7582,32.7182,150.31757101409409 -96.7582,32.7182,120.3375710140941</coordinates>
                      </LinearRing>
                    </outerBoundaryIs>
                  </Polygon>
                  <Polygon>
                    <altitudeMode>absolute</altitudeMode>
                    <outerBoundaryIs>
                      <LinearRing>
                        <coordinates>-96.7582,32.7182,120.3375710140941 -96.7582,32.7182,150.31757101409409 -96.75815,32.71785,150.31757101409409 -96.75815,32.71785,120.3375710140941</coordinates>
                      </LinearRing>
                    </outerBoundaryIs>
                  </Polygon>
                  <Polygon>
                    <altitudeMode>absolute</altitudeMode>
                    <outerBoundaryIs>
                      <LinearRing>
                        <coordinates>-96.75815,32.71785,120.3375710140941 -96.75815,32.71785,150.31757101409409 -96.75885000000001,32.7179,150.31757101409409 -96.75885000000001,32.7179,120.3375710140941</coordinates>
                      </LinearRing>
                    </outerBoundaryIs>
                  </Polygon>
                </MultiGeometry>
              </Placemark>
            </Folder>
          </Folder>
          <Folder>
            <name>E88: uss1_dss astm.f3548.v21.dss.queryOperationalIntentReferences</name>
            <Placemark>
              <name>area_of_interest</name>
              <styleUrl>#QueryArea</styleUrl>
              <description><![CDATA[<ul><li>uss1's Accepted 907ceed0-ff64-42fb-95f9-22ee89a447b4[1]</li><li>uss1's Accepted ade475b0-2eda-49a2-8af9-f622e945cd54[1]</li></ul>]]></description>
              <TimeSpan>
                <begin>2025-10-10T19:36:03.906179+00:00</begin>
                <end>2025-10-10T20:21:05.172226+00:00</end>
              </TimeSpan>
              <MultiGeometry>
                <Polygon>
                  <altitudeMode>absolute</altitudeMode>
                  <outerBoundaryIs>
                    <LinearRing>
                      <coordinates>-96.75885000000001,32.71785,120.32754426941844 -96.75885000000001,32.7182,120.32754426941844 -96.75815,32.7182,120.32754426941844 -96.75815,32.71785,120.32754426941844</coordinates>
                    </LinearRing>
                  </outerBoundaryIs>
                </Polygon>
                <Polygon>
                  <altitudeMode>absolute</altitudeMode>
                  <outerBoundaryIs>
                    <LinearRing>
                      <coordinates>-96.75885000000001,32.71785,150.31754426941842 -96.75885000000001,32.7182,150.31754426941842 -96.75815,32.7182,150.31754426941842 -96.75815,32.71785,150.31754426941842</coordinates>
                    </LinearRing>
                  </outerBoundaryIs>
                </Polygon>
                <Polygon>
                  <altitudeMode>absolute</altitudeMode>
                  <outerBoundaryIs>
                    <LinearRing>
                      <coordinates>-96.75885000000001,32.71785,120.32754426941844 -96.75885000000001,32.71785,150.31754426941842 -96.75885000000001,32.7182,150.31754426941842 -96.75885000000001,32.7182,120.32754426941844</coordinates>
                    </LinearRing>
                  </outerBoundaryIs>
                </Polygon>
                <Polygon>
                  <altitudeMode>absolute</altitudeMode>
                  <outerBoundaryIs>
                    <LinearRing>
                      <coordinates>-96.75885000000001,32.7182,120.32754426941844 -96.75885000000001,32.7182,150.31754426941842 -96.75815,32.7182,150.31754426941842 -96.75815,32.7182,120.32754426941844</coordinates>
                    </LinearRing>
                  </outerBoundaryIs>
                </Polygon>
                <Polygon>
                  <altitudeMode>absolute</altitudeMode>
                  <outerBoundaryIs>
                    <LinearRing>
                      <coordinates>-96.75815,32.7182,120.32754426941844 -96.75815,32.7182,150.31754426941842 -96.75815,32.71785,150.31754426941842 -96.75815,32.71785,120.32754426941844</coordinates>
                    </LinearRing>
                  </outerBoundaryIs>
                </Polygon>
                <Polygon>
                  <altitudeMode>absolute</altitudeMode>
                  <outerBoundaryIs>
                    <LinearRing>
                      <coordinates>-96.75815,32.71785,120.32754426941844 -96.75815,32.71785,150.31754426941842 -96.75885000000001,32.71785,150.31754426941842 -96.75885000000001,32.71785,120.32754426941844</coordinates>
                    </LinearRing>
                  </outerBoundaryIs>
                </Polygon>
              </MultiGeometry>
            </Placemark>
          </Folder>
          <Folder>
            <name>E92: uss1_core astm.f3548.v21.uss.getOperationalIntentDetails</name>
            <Folder>
              <name>uss1's P0 Accepted 907ceed0-ff64-42fb-95f9-22ee89a447b4[1] @ 1HB38xkJGZx-9l4OFmwAE5Zvo2IoCGJo9J0XzWQNxko_</name>
              <Placemark>
                <name>Nominal volume 0</name>
                <styleUrl>#F3548v21Accepted</styleUrl>
                <TimeSpan>
                  <begin>2025-10-10T19:36:03.906179+00:00</begin>
                  <end>2025-10-10T20:21:04.906179+00:00</end>
                </TimeSpan>
                <MultiGeometry>
                  <Polygon>
                    <altitudeMode>absolute</altitudeMode>
                    <outerBoundaryIs>
                      <LinearRing>
                        <coordinates>-96.75885000000001,32.7179,120.3275710140941 -96.75885000000001,32.7182,120.3275710140941 -96.7582,32.7182,120.3275710140941 -96.75815,32.71785,120.3275710140941</coordinates>
                      </LinearRing>
                    </outerBoundaryIs>
                  </Polygon>
                  <Polygon>
                    <altitudeMode>absolute</altitudeMode>
                    <outerBoundaryIs>
                      <LinearRing>
                        <coordinates>-96.75885000000001,32.7179,150.31757101409409 -96.75885000000001,32.7182,150.31757101409409 -96.7582,32.7182,150.31757101409409 -96.75815,32.71785,150.31757101409409</coordinates>
                      </LinearRing>
                    </outerBoundaryIs>
                  </Polygon>
                  <Polygon>
                    <altitudeMode>absolute</altitudeMode>
                    <outerBoundaryIs>
                      <LinearRing>
                        <coordinates>-96.75885000000001,32.7179,120.3275710140941 -96.75885000000001,32.7179,150.31757101409409 -96.75885000000001,32.7182,150.31757101409409 -96.75885000000001,32.7182,120.3275710140941</coordinates>
                      </LinearRing>
                    </outerBoundaryIs>
                  </Polygon>
                  <Polygon>
                    <altitudeMode>absolute</altitudeMode>
                    <outerBoundaryIs>
                      <LinearRing>
                        <coordinates>-96.75885000000001,32.7182,120.3275710140941 -96.75885000000001,32.7182,150.31757101409409 -96.7582,32.7182,150.31757101409409 -96.7582,32.7182,120.3275710140941</coordinates>
                      </LinearRing>
                    </outerBoundaryIs>
                  </Polygon>
                  <Polygon>
                    <altitudeMode>absolute</altitudeMode>
                    <outerBoundaryIs>
                      <LinearRing>
                        <coordinates>-96.7582,32.7182,120.3275710140941 -96.7582,32.7182,150.31757101409409 -96.75815,32.71785,150.31757101409409 -96.75815,32.71785,120.3275710140941</coordinates>
                      </LinearRing>
                    </outerBoundaryIs>
                  </Polygon>
                  <Polygon>
                    <altitudeMode>absolute</altitudeMode>
                    <outerBoundaryIs>
                      <LinearRing>
                        <coordinates>-96.75815,32.71785,120.3275710140941 -96.75815,32.71785,150.31757101409409 -96.75885000000001,32.7179,150.31757101409409 -96.75885000000001,32.7179,120.3275710140941</coordinates>
                      </LinearRing>
                    </outerBoundaryIs>
                  </Polygon>
                </MultiGeometry>
              </Placemark>
            </Folder>
          </Folder>
        </Folder>
      </Folder>
      <Folder>
        <name>Modify activated flight with pre-existing conflict</name>
        <Folder>
          <name>Delete Flight 2</name>
        </Folder>
        <Folder>
          <name>Activate Flight 1</name>
          <Folder>
            <name>E100: uss1_dss astm.f3548.v21.dss.queryOperationalIntentReferences</name>
            <Placemark>
              <name>area_of_interest</name>
              <styleUrl>#QueryArea</styleUrl>
              <description><![CDATA[<ul><li>uss1's Accepted 907ceed0-ff64-42fb-95f9-22ee89a447b4[1]</li></ul>]]></description>
              <TimeSpan>
                <begin>2025-10-10T19:36:04.288765+00:00</begin>
                <end>2025-10-10T20:21:05.288765+00:00</end>
              </TimeSpan>
              <MultiGeometry>
                <Polygon>
                  <altitudeMode>absolute</altitudeMode>
                  <outerBoundaryIs>
                    <LinearRing>
                      <coordinates>-96.75885000000001,32.71785,120.33754426941843 -96.75885000000001,32.7182,120.33754426941843 -96.75815,32.7182,120.33754426941843 -96.75815,32.71785,120.33754426941843</coordinates>
                    </LinearRing>
                  </outerBoundaryIs>
                </Polygon>
                <Polygon>
                  <altitudeMode>absolute</altitudeMode>
                  <outerBoundaryIs>
                    <LinearRing>
                      <coordinates>-96.75885000000001,32.71785,150.31754426941842 -96.75885000000001,32.7182,150.31754426941842 -96.75815,32.7182,150.31754426941842 -96.75815,32.71785,150.31754426941842</coordinates>
                    </LinearRing>
                  </outerBoundaryIs>
                </Polygon>
                <Polygon>
                  <altitudeMode>absolute</altitudeMode>
                  <outerBoundaryIs>
                    <LinearRing>
                      <coordinates>-96.75885000000001,32.71785,120.33754426941843 -96.75885000000001,32.71785,150.31754426941842 -96.75885000000001,32.7182,150.31754426941842 -96.75885000000001,32.7182,120.33754426941843</coordinates>
                    </LinearRing>
                  </outerBoundaryIs>
                </Polygon>
                <Polygon>
                  <altitudeMode>absolute</altitudeMode>
                  <outerBoundaryIs>
                    <LinearRing>
                      <coordinates>-96.75885000000001,32.7182,120.33754426941843 -96.75885000000001,32.7182,150.31754426941842 -96.75815,32.7182,150.31754426941842 -96.75815,32.7182,120.33754426941843</coordinates>
                    </LinearRing>
                  </outerBoundaryIs>
                </Polygon>
                <Polygon>
                  <altitudeMode>absolute</altitudeMode>
                  <outerBoundaryIs>
                    <LinearRing>
                      <coordinates>-96.75815,32.7182,120.33754426941843 -96.75815,32.7182,150.31754426941842 -96.75815,32.71785,150.31754426941842 -96.75815,32.71785,120.33754426941843</coordinates>
                    </LinearRing>
                  </outerBoundaryIs>
                </Polygon>
                <Polygon>
                  <altitudeMode>absolute</altitudeMode>
                  <outerBoundaryIs>
                    <LinearRing>
                      <coordinates>-96.75815,32.71785,120.33754426941843 -96.75815,32.71785,150.31754426941842 -96.75885000000001,32.71785,150.31754426941842 -96.75885000000001,32.71785,120.33754426941843</coordinates>
                    </LinearRing>
                  </outerBoundaryIs>
                </Polygon>
              </MultiGeometry>
            </Placemark>
          </Folder>
          <Folder>
            <name>E102: uss1_core interuss.automated_testing.flight_planning.v1.UpsertFlightPlan</name>
            <Folder>
              <name>Activity Completed, flight OkToFly</name>
              <Placemark>
                <name>Volume 0</name>
                <styleUrl>#InUse_Nominal</styleUrl>
                <TimeSpan>
                  <begin>2025-10-10T19:36:04.288765+00:00</begin>
                  <end>2025-10-10T20:21:05.288765+00:00</end>
                </TimeSpan>
                <MultiGeometry>
                  <Polygon>
                    <altitudeMode>absolute</altitudeMode>
                    <outerBoundaryIs>
                      <LinearRing>
                        <coordinates>-96.75885000000001,32.7179,120.3375710140941 -96.75885000000001,32.7182,120.3375710140941 -96.7582,32.7182,120.3375710140941 -96.75815,32.71785,120.3375710140941</coordinates>
                      </LinearRing>
                    </outerBoundaryIs>
                  </Polygon>
                  <Polygon>
                    <altitudeMode>absolute</altitudeMode>
                    <outerBoundaryIs>
                      <LinearRing>
                        <coordinates>-96.75885000000001,32.7179,150.31757101409409 -96.75885000000001,32.7182,150.31757101409409 -96.7582,32.7182,150.31757101409409 -96.75815,32.71785,150.31757101409409</coordinates>
                      </LinearRing>
                    </outerBoundaryIs>
                  </Polygon>
                  <Polygon>
                    <altitudeMode>absolute</altitudeMode>
                    <outerBoundaryIs>
                      <LinearRing>
                        <coordinates>-96.75885000000001,32.7179,120.3375710140941 -96.75885000000001,32.7179,150.31757101409409 -96.75885000000001,32.7182,150.31757101409409 -96.75885000000001,32.7182,120.3375710140941</coordinates>
                      </LinearRing>
                    </outerBoundaryIs>
                  </Polygon>
                  <Polygon>
                    <altitudeMode>absolute</altitudeMode>
                    <outerBoundaryIs>
                      <LinearRing>
                        <coordinates>-96.75885000000001,32.7182,120.3375710140941 -96.75885000000001,32.7182,150.31757101409409 -96.7582,32.7182,150.31757101409409 -96.7582,32.7182,120.3375710140941</coordinates>
                      </LinearRing>
                    </outerBoundaryIs>
                  </Polygon>
                  <Polygon>
                    <altitudeMode>absolute</altitudeMode>
                    <outerBoundaryIs>
                      <LinearRing>
                        <coordinates>-96.7582,32.7182,120.3375710140941 -96.7582,32.7182,150.31757101409409 -96.75815,32.71785,150.31757101409409 -96.75815,32.71785,120.3375710140941</coordinates>
                      </LinearRing>
                    </outerBoundaryIs>
                  </Polygon>
                  <Polygon>
                    <altitudeMode>absolute</altitudeMode>
                    <outerBoundaryIs>
                      <LinearRing>
                        <coordinates>-96.75815,32.71785,120.3375710140941 -96.75815,32.71785,150.31757101409409 -96.75885000000001,32.7179,150.31757101409409 -96.75885000000001,32.7179,120.3375710140941</coordinates>
                      </LinearRing>
                    </outerBoundaryIs>
                  </Polygon>
                </MultiGeometry>
              </Placemark>
            </Folder>
          </Folder>
          <Folder>
            <name>E105: uss1_dss astm.f3548.v21.dss.queryOperationalIntentReferences</name>
            <Placemark>
              <name>area_of_interest</name>
              <styleUrl>#QueryArea</styleUrl>
              <description><![CDATA[<ul><li>uss1's Activated 907ceed0-ff64-42fb-95f9-22ee89a447b4[2]</li></ul>]]></description>
              <TimeSpan>
                <begin>2025-10-10T19:36:04.288765+00:00</begin>
                <end>2025-10-10T20:21:05.288765+00:00</end>
              </TimeSpan>
              <MultiGeometry>
                <Polygon>
                  <altitudeMode>absolute</altitudeMode>
                  <outerBoundaryIs>
                    <LinearRing>
                      <coordinates>-96.75885000000001,32.71785,120.33754426941843 -96.75885000000001,32.7182,120.33754426941843 -96.75815,32.7182,120.33754426941843 -96.75815,32.71785,120.33754426941843</coordinates>
                    </LinearRing>
                  </outerBoundaryIs>
                </Polygon>
                <Polygon>
                  <altitudeMode>absolute</altitudeMode>
                  <outerBoundaryIs>
                    <LinearRing>
                      <coordinates>-96.75885000000001,32.71785,150.31754426941842 -96.75885000000001,32.7182,150.31754426941842 -96.75815,32.7182,150.31754426941842 -96.75815,32.71785,150.31754426941842</coordinates>
                    </LinearRing>
                  </outerBoundaryIs>
                </Polygon>
                <Polygon>
                  <altitudeMode>absolute</altitudeMode>
                  <outerBoundaryIs>
                    <LinearRing>
                      <coordinates>-96.75885000000001,32.71785,120.33754426941843 -96.75885000000001,32.71785,150.31754426941842 -96.75885000000001,32.7182,150.31754426941842 -96.75885000000001,32.7182,120.33754426941843</coordinates>
                    </LinearRing>
                  </outerBoundaryIs>
                </Polygon>
                <Polygon>
                  <altitudeMode>absolute</altitudeMode>
                  <outerBoundaryIs>
                    <LinearRing>
                      <coordinates>-96.75885000000001,32.7182,120.33754426941843 -96.75885000000001,32.7182,150.31754426941842 -96.75815,32.7182,150.31754426941842 -96.75815,32.7182,120.33754426941843</coordinates>
                    </LinearRing>
                  </outerBoundaryIs>
                </Polygon>
                <Polygon>
                  <altitudeMode>absolute</altitudeMode>
                  <outerBoundaryIs>
                    <LinearRing>
                      <coordinates>-96.75815,32.7182,120.33754426941843 -96.75815,32.7182,150.31754426941842 -96.75815,32.71785,150.31754426941842 -96.75815,32.71785,120.33754426941843</coordinates>
                    </LinearRing>
                  </outerBoundaryIs>
                </Polygon>
                <Polygon>
                  <altitudeMode>absolute</altitudeMode>
                  <outerBoundaryIs>
                    <LinearRing>
                      <coordinates>-96.75815,32.71785,120.33754426941843 -96.75815,32.71785,150.31754426941842 -96.75885000000001,32.71785,150.31754426941842 -96.75885000000001,32.71785,120.33754426941843</coordinates>
                    </LinearRing>
                  </outerBoundaryIs>
                </Polygon>
              </MultiGeometry>
            </Placemark>
          </Folder>
          <Folder>
            <name>E110: uss1_core astm.f3548.v21.uss.getOperationalIntentDetails</name>
            <Folder>
              <name>uss1's P0 Activated 907ceed0-ff64-42fb-95f9-22ee89a447b4[2] @ iRCB.Tda5OTthinkTfOVYZGzn7NPtsJcwLkvUTgXmJw_</name>
              <Placemark>
                <name>Nominal volume 0</name>
                <styleUrl>#F3548v21Activated</styleUrl>
                <TimeSpan>
                  <begin>2025-10-10T19:36:04.288765+00:00</begin>
                  <end>2025-10-10T20:21:05.288765+00:00</end>
                </TimeSpan>
                <MultiGeometry>
                  <Polygon>
                    <altitudeMode>absolute</altitudeMode>
                    <outerBoundaryIs>
                      <LinearRing>
                        <coordinates>-96.75885000000001,32.7179,120.3375710140941 -96.75885000000001,32.7182,120.3375710140941 -96.7582,32.7182,120.3375710140941 -96.75815,32.71785,120.3375710140941</coordinates>
                      </LinearRing>
                    </outerBoundaryIs>
                  </Polygon>
                  <Polygon>
                    <altitudeMode>absolute</altitudeMode>
                    <outerBoundaryIs>
                      <LinearRing>
                        <coordinates>-96.75885000000001,32.7179,150.31757101409409 -96.75885000000001,32.7182,150.31757101409409 -96.7582,32.7182,150.31757101409409 -96.75815,32.71785,150.31757101409409</coordinates>
                      </LinearRing>
                    </outerBoundaryIs>
                  </Polygon>
                  <Polygon>
                    <altitudeMode>absolute</altitudeMode>
                    <outerBoundaryIs>
                      <LinearRing>
                        <coordinates>-96.75885000000001,32.7179,120.3375710140941 -96.75885000000001,32.7179,150.31757101409409 -96.75885000000001,32.7182,150.31757101409409 -96.75885000000001,32.7182,120.3375710140941</coordinates>
                      </LinearRing>
                    </outerBoundaryIs>
                  </Polygon>
                  <Polygon>
                    <altitudeMode>absolute</altitudeMode>
                    <outerBoundaryIs>
                      <LinearRing>
                        <coordinates>-96.75885000000001,32.7182,120.3375710140941 -96.75885000000001,32.7182,150.31757101409409 -96.7582,32.7182,150.31757101409409 -96.7582,32.7182,120.3375710140941</coordinates>
                      </LinearRing>
                    </outerBoundaryIs>
                  </Polygon>
                  <Polygon>
                    <altitudeMode>absolute</altitudeMode>
                    <outerBoundaryIs>
                      <LinearRing>
                        <coordinates>-96.7582,32.7182,120.3375710140941 -96.7582,32.7182,150.31757101409409 -96.75815,32.71785,150.31757101409409 -96.75815,32.71785,120.3375710140941</coordinates>
                      </LinearRing>
                    </outerBoundaryIs>
                  </Polygon>
                  <Polygon>
                    <altitudeMode>absolute</altitudeMode>
                    <outerBoundaryIs>
                      <LinearRing>
                        <coordinates>-96.75815,32.71785,120.3375710140941 -96.75815,32.71785,150.31757101409409 -96.75885000000001,32.7179,150.31757101409409 -96.75885000000001,32.7179,120.3375710140941</coordinates>
                      </LinearRing>
                    </outerBoundaryIs>
                  </Polygon>
                </MultiGeometry>
              </Placemark>
            </Folder>
          </Folder>
        </Folder>
        <Folder>
          <name>Plan Flight 2</name>
          <Folder>
            <name>E116: uss1_dss astm.f3548.v21.dss.queryOperationalIntentReferences</name>
            <Placemark>
              <name>area_of_interest</name>
              <styleUrl>#QueryArea</styleUrl>
              <description><![CDATA[<ul><li>uss1's Activated 907ceed0-ff64-42fb-95f9-22ee89a447b4[2]</li></ul>]]></description>
              <TimeSpan>
                <begin>2025-10-10T19:36:04.384563+00:00</begin>
                <end>2025-10-10T20:21:05.384563+00:00</end>
              </TimeSpan>
              <MultiGeometry>
                <Polygon>
                  <altitudeMode>absolute</altitudeMode>
                  <outerBoundaryIs>
                    <LinearRing>
                      <coordinates>-96.75890000000001,32.71785,119.24797214313818 -96.75890000000001,32.7186,119.24797214313818 -96.7585,32.7186,119.24797214313818 -96.7585,32.71785,119.24797214313818</coordinates>
                    </LinearRing>
                  </outerBoundaryIs>
                </Polygon>
                <Polygon>
                  <altitudeMode>absolute</altitudeMode>
                  <outerBoundaryIs>
                    <LinearRing>
                      <coordinates>-96.75890000000001,32.71785,148.31797214313818 -96.75890000000001,32.7186,148.31797214313818 -96.7585,32.7186,148.31797214313818 -96.7585,32.71785,148.31797214313818</coordinates>
                    </LinearRing>
                  </outerBoundaryIs>
                </Polygon>
                <Polygon>
                  <altitudeMode>absolute</altitudeMode>
                  <outerBoundaryIs>
                    <LinearRing>
                      <coordinates>-96.75890000000001,32.71785,119.24797214313818 -96.75890000000001,32.71785,148.31797214313818 -96.75890000000001,32.7186,148.31797214313818 -96.75890000000001,32.7186,119.24797214313818</coordinates>
                    </LinearRing>
                  </outerBoundaryIs>
                </Polygon>
                <Polygon>
                  <altitudeMode>absolute</altitudeMode>
                  <outerBoundaryIs>
                    <LinearRing>
                      <coordinates>-96.75890000000001,32.7186,119.24797214313818 -96.75890000000001,32.7186,148.31797214313818 -96.7585,32.7186,148.31797214313818 -96.7585,32.7186,119.24797214313818</coordinates>
                    </LinearRing>
                  </outerBoundaryIs>
                </Polygon>
                <Polygon>
                  <altitudeMode>absolute</altitudeMode>
                  <outerBoundaryIs>
                    <LinearRing>
                      <coordinates>-96.7585,32.7186,119.24797214313818 -96.7585,32.7186,148.31797214313818 -96.7585,32.71785,148.31797214313818 -96.7585,32.71785,119.24797214313818</coordinates>
                    </LinearRing>
                  </outerBoundaryIs>
                </Polygon>
                <Polygon>
                  <altitudeMode>absolute</altitudeMode>
                  <outerBoundaryIs>
                    <LinearRing>
                      <coordinates>-96.7585,32.71785,119.24797214313818 -96.7585,32.71785,148.31797214313818 -96.75890000000001,32.71785,148.31797214313818 -96.75890000000001,32.71785,119.24797214313818</coordinates>
                    </LinearRing>
                  </outerBoundaryIs>
                </Polygon>
              </MultiGeometry>
            </Placemark>
          </Folder>
          <Folder>
            <name>E118: uss1_core interuss.automated_testing.flight_planning.v1.UpsertFlightPlan</name>
            <Folder>
              <name>Activity Completed, flight Planned</name>
              <Placemark>
                <name>Volume 0</name>
                <styleUrl>#Planned_Nominal</styleUrl>
                <TimeSpan>
                  <begin>2025-10-10T19:36:04.384563+00:00</begin>
                  <end>2025-10-10T20:21:05.384563+00:00</end>
                </TimeSpan>
                <MultiGeometry>
                  <Polygon>
                    <altitudeMode>absolute</altitudeMode>
                    <outerBoundaryIs>
                      <LinearRing>
                        <coordinates>-96.75890000000001,32.7183,119.24795468550222 -96.7587,32.71785,119.24795468550222 -96.7585,32.71825,119.24795468550222 -96.7587,32.7186,119.24795468550222</coordinates>
                      </LinearRing>
                    </outerBoundaryIs>
                  </Polygon>
                  <Polygon>
                    <altitudeMode>absolute</altitudeMode>
                    <outerBoundaryIs>
                      <LinearRing>
                        <coordinates>-96.75890000000001,32.7183,148.31795468550223 -96.7587,32.71785,148.31795468550223 -96.7585,32.71825,148.31795468550223 -96.7587,32.7186,148.31795468550223</coordinates>
                      </LinearRing>
                    </outerBoundaryIs>
                  </Polygon>
                  <Polygon>
                    <altitudeMode>absolute</altitudeMode>
                    <outerBoundaryIs>
                      <LinearRing>
                        <coordinates>-96.75890000000001,32.7183,119.24795468550222 -96.75890000000001,32.7183,148.31795468550223 -96.7587,32.71785,148.31795468550223 -96.7587,32.71785,119.24795468550222</coordinates>
                      </LinearRing>
                    </outerBoundaryIs>
                  </Polygon>
                  <Polygon>
                    <altitudeMode>absolute</altitudeMode>
                    <outerBoundaryIs>
                      <LinearRing>
                        <coordinates>-96.7587,32.71785,119.24795468550222 -96.7587,32.71785,148.31795468550223 -96.7585,32.71825,148.31795468550223 -96.7585,32.71825,119.24795468550222</coordinates>
                      </LinearRing>
                    </outerBoundaryIs>
                  </Polygon>
                  <Polygon>
                    <altitudeMode>absolute</altitudeMode>
                    <outerBoundaryIs>
                      <LinearRing>
                        <coordinates>-96.7585,32.71825,119.24795468550222 -96.7585,32.71825,148.31795468550223 -96.7587,32.7186,148.31795468550223 -96.7587,32.7186,119.24795468550222</coordinates>
                      </LinearRing>
                    </outerBoundaryIs>
                  </Polygon>
                  <Polygon>
                    <altitudeMode>absolute</altitudeMode>
                    <outerBoundaryIs>
                      <LinearRing>
                        <coordinates>-96.7587,32.7186,119.24795468550222 -96.7587,32.7186,148.31795468550223 -96.75890000000001,32.7183,148.31795468550223 -96.75890000000001,32.7183,119.24795468550222</coordinates>
                      </LinearRing>
                    </outerBoundaryIs>
                  </Polygon>
                </MultiGeometry>
              </Placemark>
            </Folder>
          </Folder>
          <Folder>
            <name>E121: uss1_dss astm.f3548.v21.dss.queryOperationalIntentReferences</name>
            <Placemark>
              <name>area_of_interest</name>
              <styleUrl>#QueryArea</styleUrl>
              <description><![CDATA[<ul><li>uss1's Activated 907ceed0-ff64-42fb-95f9-22ee89a447b4[2]</li><li>uss1's Accepted 9c2c15bb-82a7-40cd-b677-bab1af13fbba[1]</li></ul>]]></description>
              <TimeSpan>
                <begin>2025-10-10T19:36:04.384563+00:00</begin>
                <end>2025-10-10T20:21:05.384563+00:00</end>
              </TimeSpan>
              <MultiGeometry>
                <Polygon>
                  <altitudeMode>absolute</altitudeMode>
                  <outerBoundaryIs>
                    <LinearRing>
                      <coordinates>-96.75890000000001,32.71785,119.24797214313818 -96.75890000000001,32.7186,119.24797214313818 -96.7585,32.7186,119.24797214313818 -96.7585,32.71785,119.24797214313818</coordinates>
                    </LinearRing>
                  </outerBoundaryIs>
                </Polygon>
                <Polygon>
                  <altitudeMode>absolute</altitudeMode>
                  <outerBoundaryIs>
                    <LinearRing>
                      <coordinates>-96.75890000000001,32.71785,148.31797214313818 -96.75890000000001,32.7186,148.31797214313818 -96.7585,32.7186,148.31797214313818 -96.7585,32.71785,148.31797214313818</coordinates>
                    </LinearRing>
                  </outerBoundaryIs>
                </Polygon>
                <Polygon>
                  <altitudeMode>absolute</altitudeMode>
                  <outerBoundaryIs>
                    <LinearRing>
                      <coordinates>-96.75890000000001,32.71785,119.24797214313818 -96.75890000000001,32.71785,148.31797214313818 -96.75890000000001,32.7186,148.31797214313818 -96.75890000000001,32.7186,119.24797214313818</coordinates>
                    </LinearRing>
                  </outerBoundaryIs>
                </Polygon>
                <Polygon>
                  <altitudeMode>absolute</altitudeMode>
                  <outerBoundaryIs>
                    <LinearRing>
                      <coordinates>-96.75890000000001,32.7186,119.24797214313818 -96.75890000000001,32.7186,148.31797214313818 -96.7585,32.7186,148.31797214313818 -96.7585,32.7186,119.24797214313818</coordinates>
                    </LinearRing>
                  </outerBoundaryIs>
                </Polygon>
                <Polygon>
                  <altitudeMode>absolute</altitudeMode>
                  <outerBoundaryIs>
                    <LinearRing>
                      <coordinates>-96.7585,32.7186,119.24797214313818 -96.7585,32.7186,148.31797214313818 -96.7585,32.71785,148.31797214313818 -96.7585,32.71785,119.24797214313818</coordinates>
                    </LinearRing>
                  </outerBoundaryIs>
                </Polygon>
                <Polygon>
                  <altitudeMode>absolute</altitudeMode>
                  <outerBoundaryIs>
                    <LinearRing>
                      <coordinates>-96.7585,32.71785,119.24797214313818 -96.7585,32.71785,148.31797214313818 -96.75890000000001,32.71785,148.31797214313818 -96.75890000000001,32.71785,119.24797214313818</coordinates>
                    </LinearRing>
                  </outerBoundaryIs>
                </Polygon>
              </MultiGeometry>
            </Placemark>
          </Folder>
          <Folder>
            <name>E125: uss1_core astm.f3548.v21.uss.getOperationalIntentDetails</name>
            <Folder>
              <name>uss1's P100 Accepted 9c2c15bb-82a7-40cd-b677-bab1af13fbba[1] @ NsPniOiAb2L0gEV.w73kSno4.LiMLQ9ETt.-c2.5DUY_</name>
              <Placemark>
                <name>Nominal volume 0</name>
                <styleUrl>#F3548v21Accepted</styleUrl>
                <TimeSpan>
                  <begin>2025-10-10T19:36:04.384563+00:00</begin>
                  <end>2025-10-10T20:21:05.384563+00:00</end>
                </TimeSpan>
                <MultiGeometry>
                  <Polygon>
                    <altitudeMode>absolute</altitudeMode>
                    <outerBoundaryIs>
                      <LinearRing>
                        <coordinates>-96.75890000000001,32.7183,119.24795468550222 -96.7587,32.71785,119.24795468550222 -96.7585,32.71825,119.24795468550222 -96.7587,32.7186,119.24795468550222</coordinates>
                      </LinearRing>
                    </outerBoundaryIs>
                  </Polygon>
                  <Polygon>
                    <altitudeMode>absolute</altitudeMode>
                    <outerBoundaryIs>
                      <LinearRing>
                        <coordinates>-96.75890000000001,32.7183,148.31795468550223 -96.7587,32.71785,148.31795468550223 -96.7585,32.71825,148.31795468550223 -96.7587,32.7186,148.31795468550223</coordinates>
                      </LinearRing>
                    </outerBoundaryIs>
                  </Polygon>
                  <Polygon>
                    <altitudeMode>absolute</altitudeMode>
                    <outerBoundaryIs>
                      <LinearRing>
                        <coordinates>-96.75890000000001,32.7183,119.24795468550222 -96.75890000000001,32.7183,148.31795468550223 -96.7587,32.71785,148.31795468550223 -96.7587,32.71785,119.24795468550222</coordinates>
                      </LinearRing>
                    </outerBoundaryIs>
                  </Polygon>
                  <Polygon>
                    <altitudeMode>absolute</altitudeMode>
                    <outerBoundaryIs>
                      <LinearRing>
                        <coordinates>-96.7587,32.71785,119.24795468550222 -96.7587,32.71785,148.31795468550223 -96.7585,32.71825,148.31795468550223 -96.7585,32.71825,119.24795468550222</coordinates>
                      </LinearRing>
                    </outerBoundaryIs>
                  </Polygon>
                  <Polygon>
                    <altitudeMode>absolute</altitudeMode>
                    <outerBoundaryIs>
                      <LinearRing>
                        <coordinates>-96.7585,32.71825,119.24795468550222 -96.7585,32.71825,148.31795468550223 -96.7587,32.7186,148.31795468550223 -96.7587,32.7186,119.24795468550222</coordinates>
                      </LinearRing>
                    </outerBoundaryIs>
                  </Polygon>
                  <Polygon>
                    <altitudeMode>absolute</altitudeMode>
                    <outerBoundaryIs>
                      <LinearRing>
                        <coordinates>-96.7587,32.7186,119.24795468550222 -96.7587,32.7186,148.31795468550223 -96.75890000000001,32.7183,148.31795468550223 -96.75890000000001,32.7183,119.24795468550222</coordinates>
                      </LinearRing>
                    </outerBoundaryIs>
                  </Polygon>
                </MultiGeometry>
              </Placemark>
            </Folder>
          </Folder>
        </Folder>
        <Folder>
          <name>Activate Flight 2</name>
          <Folder>
            <name>E135: uss1_dss astm.f3548.v21.dss.queryOperationalIntentReferences</name>
            <Placemark>
              <name>area_of_interest</name>
              <styleUrl>#QueryArea</styleUrl>
              <description><![CDATA[<ul><li>uss1's Activated 907ceed0-ff64-42fb-95f9-22ee89a447b4[2]</li><li>uss1's Accepted 9c2c15bb-82a7-40cd-b677-bab1af13fbba[1]</li></ul>]]></description>
              <TimeSpan>
                <begin>2025-10-10T19:36:04.526286+00:00</begin>
                <end>2025-10-10T20:21:05.526286+00:00</end>
              </TimeSpan>
              <MultiGeometry>
                <Polygon>
                  <altitudeMode>absolute</altitudeMode>
                  <outerBoundaryIs>
                    <LinearRing>
                      <coordinates>-96.75890000000001,32.71785,120.39797214313818 -96.75890000000001,32.7186,120.39797214313818 -96.7585,32.7186,120.39797214313818 -96.7585,32.71785,120.39797214313818</coordinates>
                    </LinearRing>
                  </outerBoundaryIs>
                </Polygon>
                <Polygon>
                  <altitudeMode>absolute</altitudeMode>
                  <outerBoundaryIs>
                    <LinearRing>
                      <coordinates>-96.75890000000001,32.71785,148.31797214313818 -96.75890000000001,32.7186,148.31797214313818 -96.7585,32.7186,148.31797214313818 -96.7585,32.71785,148.31797214313818</coordinates>
                    </LinearRing>
                  </outerBoundaryIs>
                </Polygon>
                <Polygon>
                  <altitudeMode>absolute</altitudeMode>
                  <outerBoundaryIs>
                    <LinearRing>
                      <coordinates>-96.75890000000001,32.71785,120.39797214313818 -96.75890000000001,32.71785,148.31797214313818 -96.75890000000001,32.7186,148.31797214313818 -96.75890000000001,32.7186,120.39797214313818</coordinates>
                    </LinearRing>
                  </outerBoundaryIs>
                </Polygon>
                <Polygon>
                  <altitudeMode>absolute</altitudeMode>
                  <outerBoundaryIs>
                    <LinearRing>
                      <coordinates>-96.75890000000001,32.7186,120.39797214313818 -96.75890000000001,32.7186,148.31797214313818 -96.7585,32.7186,148.31797214313818 -96.7585,32.7186,120.39797214313818</coordinates>
                    </LinearRing>
                  </outerBoundaryIs>
                </Polygon>
                <Polygon>
                  <altitudeMode>absolute</altitudeMode>
                  <outerBoundaryIs>
                    <LinearRing>
                      <coordinates>-96.7585,32.7186,120.39797214313818 -96.7585,32.7186,148.31797214313818 -96.7585,32.71785,148.31797214313818 -96.7585,32.71785,120.39797214313818</coordinates>
                    </LinearRing>
                  </outerBoundaryIs>
                </Polygon>
                <Polygon>
                  <altitudeMode>absolute</altitudeMode>
                  <outerBoundaryIs>
                    <LinearRing>
                      <coordinates>-96.7585,32.71785,120.39797214313818 -96.7585,32.71785,148.31797214313818 -96.75890000000001,32.71785,148.31797214313818 -96.75890000000001,32.71785,120.39797214313818</coordinates>
                    </LinearRing>
                  </outerBoundaryIs>
                </Polygon>
              </MultiGeometry>
            </Placemark>
          </Folder>
          <Folder>
            <name>E137: uss1_core interuss.automated_testing.flight_planning.v1.UpsertFlightPlan</name>
            <Folder>
              <name>Activity Completed, flight OkToFly</name>
              <Placemark>
                <name>Volume 0</name>
                <styleUrl>#InUse_Nominal</styleUrl>
                <TimeSpan>
                  <begin>2025-10-10T19:36:04.526286+00:00</begin>
                  <end>2025-10-10T20:21:05.526286+00:00</end>
                </TimeSpan>
                <MultiGeometry>
                  <Polygon>
                    <altitudeMode>absolute</altitudeMode>
                    <outerBoundaryIs>
                      <LinearRing>
                        <coordinates>-96.75890000000001,32.7183,120.39795468550221 -96.7587,32.71785,120.39795468550221 -96.7585,32.71825,120.39795468550221 -96.7587,32.7186,120.39795468550221</coordinates>
                      </LinearRing>
                    </outerBoundaryIs>
                  </Polygon>
                  <Polygon>
                    <altitudeMode>absolute</altitudeMode>
                    <outerBoundaryIs>
                      <LinearRing>
                        <coordinates>-96.75890000000001,32.7183,148.31795468550223 -96.7587,32.71785,148.31795468550223 -96.7585,32.71825,148.31795468550223 -96.7587,32.7186,148.31795468550223</coordinates>
                      </LinearRing>
                    </outerBoundaryIs>
                  </Polygon>
                  <Polygon>
                    <altitudeMode>absolute</altitudeMode>
                    <outerBoundaryIs>
                      <LinearRing>
                        <coordinates>-96.75890000000001,32.7183,120.39795468550221 -96.75890000000001,32.7183,148.31795468550223 -96.7587,32.71785,148.31795468550223 -96.7587,32.71785,120.39795468550221</coordinates>
                      </LinearRing>
                    </outerBoundaryIs>
                  </Polygon>
                  <Polygon>
                    <altitudeMode>absolute</altitudeMode>
                    <outerBoundaryIs>
                      <LinearRing>
                        <coordinates>-96.7587,32.71785,120.39795468550221 -96.7587,32.71785,148.31795468550223 -96.7585,32.71825,148.31795468550223 -96.7585,32.71825,120.39795468550221</coordinates>
                      </LinearRing>
                    </outerBoundaryIs>
                  </Polygon>
                  <Polygon>
                    <altitudeMode>absolute</altitudeMode>
                    <outerBoundaryIs>
                      <LinearRing>
                        <coordinates>-96.7585,32.71825,120.39795468550221 -96.7585,32.71825,148.31795468550223 -96.7587,32.7186,148.31795468550223 -96.7587,32.7186,120.39795468550221</coordinates>
                      </LinearRing>
                    </outerBoundaryIs>
                  </Polygon>
                  <Polygon>
                    <altitudeMode>absolute</altitudeMode>
                    <outerBoundaryIs>
                      <LinearRing>
                        <coordinates>-96.7587,32.7186,120.39795468550221 -96.7587,32.7186,148.31795468550223 -96.75890000000001,32.7183,148.31795468550223 -96.75890000000001,32.7183,120.39795468550221</coordinates>
                      </LinearRing>
                    </outerBoundaryIs>
                  </Polygon>
                </MultiGeometry>
              </Placemark>
            </Folder>
          </Folder>
          <Folder>
            <name>E140: uss1_dss astm.f3548.v21.dss.queryOperationalIntentReferences</name>
            <Placemark>
              <name>area_of_interest</name>
              <styleUrl>#QueryArea</styleUrl>
              <description><![CDATA[<ul><li>uss1's Activated 907ceed0-ff64-42fb-95f9-22ee89a447b4[2]</li><li>uss1's Activated 9c2c15bb-82a7-40cd-b677-bab1af13fbba[2]</li></ul>]]></description>
              <TimeSpan>
                <begin>2025-10-10T19:36:04.526286+00:00</begin>
                <end>2025-10-10T20:21:05.526286+00:00</end>
              </TimeSpan>
              <MultiGeometry>
                <Polygon>
                  <altitudeMode>absolute</altitudeMode>
                  <outerBoundaryIs>
                    <LinearRing>
                      <coordinates>-96.75890000000001,32.71785,120.39797214313818 -96.75890000000001,32.7186,120.39797214313818 -96.7585,32.7186,120.39797214313818 -96.7585,32.71785,120.39797214313818</coordinates>
                    </LinearRing>
                  </outerBoundaryIs>
                </Polygon>
                <Polygon>
                  <altitudeMode>absolute</altitudeMode>
                  <outerBoundaryIs>
                    <LinearRing>
                      <coordinates>-96.75890000000001,32.71785,148.31797214313818 -96.75890000000001,32.7186,148.31797214313818 -96.7585,32.7186,148.31797214313818 -96.7585,32.71785,148.31797214313818</coordinates>
                    </LinearRing>
                  </outerBoundaryIs>
                </Polygon>
                <Polygon>
                  <altitudeMode>absolute</altitudeMode>
                  <outerBoundaryIs>
                    <LinearRing>
                      <coordinates>-96.75890000000001,32.71785,120.39797214313818 -96.75890000000001,32.71785,148.31797214313818 -96.75890000000001,32.7186,148.31797214313818 -96.75890000000001,32.7186,120.39797214313818</coordinates>
                    </LinearRing>
                  </outerBoundaryIs>
                </Polygon>
                <Polygon>
                  <altitudeMode>absolute</altitudeMode>
                  <outerBoundaryIs>
                    <LinearRing>
                      <coordinates>-96.75890000000001,32.7186,120.39797214313818 -96.75890000000001,32.7186,148.31797214313818 -96.7585,32.7186,148.31797214313818 -96.7585,32.7186,120.39797214313818</coordinates>
                    </LinearRing>
                  </outerBoundaryIs>
                </Polygon>
                <Polygon>
                  <altitudeMode>absolute</altitudeMode>
                  <outerBoundaryIs>
                    <LinearRing>
                      <coordinates>-96.7585,32.7186,120.39797214313818 -96.7585,32.7186,148.31797214313818 -96.7585,32.71785,148.31797214313818 -96.7585,32.71785,120.39797214313818</coordinates>
                    </LinearRing>
                  </outerBoundaryIs>
                </Polygon>
                <Polygon>
                  <altitudeMode>absolute</altitudeMode>
                  <outerBoundaryIs>
                    <LinearRing>
                      <coordinates>-96.7585,32.71785,120.39797214313818 -96.7585,32.71785,148.31797214313818 -96.75890000000001,32.71785,148.31797214313818 -96.75890000000001,32.71785,120.39797214313818</coordinates>
                    </LinearRing>
                  </outerBoundaryIs>
                </Polygon>
              </MultiGeometry>
            </Placemark>
          </Folder>
          <Folder>
            <name>E145: uss1_core astm.f3548.v21.uss.getOperationalIntentDetails</name>
            <Folder>
              <name>uss1's P100 Activated 9c2c15bb-82a7-40cd-b677-bab1af13fbba[2] @ gFbE.KeDNmDrcm0UGQV7ksfFo-IlbmY8n7fzs3K7Yvw_</name>
              <Placemark>
                <name>Nominal volume 0</name>
                <styleUrl>#F3548v21Activated</styleUrl>
                <TimeSpan>
                  <begin>2025-10-10T19:36:04.526286+00:00</begin>
                  <end>2025-10-10T20:21:05.526286+00:00</end>
                </TimeSpan>
                <MultiGeometry>
                  <Polygon>
                    <altitudeMode>absolute</altitudeMode>
                    <outerBoundaryIs>
                      <LinearRing>
                        <coordinates>-96.75890000000001,32.7183,120.39795468550221 -96.7587,32.71785,120.39795468550221 -96.7585,32.71825,120.39795468550221 -96.7587,32.7186,120.39795468550221</coordinates>
                      </LinearRing>
                    </outerBoundaryIs>
                  </Polygon>
                  <Polygon>
                    <altitudeMode>absolute</altitudeMode>
                    <outerBoundaryIs>
                      <LinearRing>
                        <coordinates>-96.75890000000001,32.7183,148.31795468550223 -96.7587,32.71785,148.31795468550223 -96.7585,32.71825,148.31795468550223 -96.7587,32.7186,148.31795468550223</coordinates>
                      </LinearRing>
                    </outerBoundaryIs>
                  </Polygon>
                  <Polygon>
                    <altitudeMode>absolute</altitudeMode>
                    <outerBoundaryIs>
                      <LinearRing>
                        <coordinates>-96.75890000000001,32.7183,120.39795468550221 -96.75890000000001,32.7183,148.31795468550223 -96.7587,32.71785,148.31795468550223 -96.7587,32.71785,120.39795468550221</coordinates>
                      </LinearRing>
                    </outerBoundaryIs>
                  </Polygon>
                  <Polygon>
                    <altitudeMode>absolute</altitudeMode>
                    <outerBoundaryIs>
                      <LinearRing>
                        <coordinates>-96.7587,32.71785,120.39795468550221 -96.7587,32.71785,148.31795468550223 -96.7585,32.71825,148.31795468550223 -96.7585,32.71825,120.39795468550221</coordinates>
                      </LinearRing>
                    </outerBoundaryIs>
                  </Polygon>
                  <Polygon>
                    <altitudeMode>absolute</altitudeMode>
                    <outerBoundaryIs>
                      <LinearRing>
                        <coordinates>-96.7585,32.71825,120.39795468550221 -96.7585,32.71825,148.31795468550223 -96.7587,32.7186,148.31795468550223 -96.7587,32.7186,120.39795468550221</coordinates>
                      </LinearRing>
                    </outerBoundaryIs>
                  </Polygon>
                  <Polygon>
                    <altitudeMode>absolute</altitudeMode>
                    <outerBoundaryIs>
                      <LinearRing>
                        <coordinates>-96.7587,32.7186,120.39795468550221 -96.7587,32.7186,148.31795468550223 -96.75890000000001,32.7183,148.31795468550223 -96.75890000000001,32.7183,120.39795468550221</coordinates>
                      </LinearRing>
                    </outerBoundaryIs>
                  </Polygon>
                </MultiGeometry>
              </Placemark>
            </Folder>
          </Folder>
        </Folder>
        <Folder>
          <name>Check for conflict notifications</name>
        </Folder>
        <Folder>
          <name>Modify activated Flight 1 in conflict with activated Flight 2</name>
          <Folder>
            <name>E157: uss1_dss astm.f3548.v21.dss.queryOperationalIntentReferences</name>
            <Placemark>
              <name>area_of_interest</name>
              <styleUrl>#QueryArea</styleUrl>
              <description><![CDATA[<ul><li>uss1's Activated 907ceed0-ff64-42fb-95f9-22ee89a447b4[2]</li><li>uss1's Activated 9c2c15bb-82a7-40cd-b677-bab1af13fbba[2]</li></ul>]]></description>
              <TimeSpan>
                <begin>2025-10-10T19:36:04.288765+00:00</begin>
                <end>2025-10-10T20:21:05.729621+00:00</end>
              </TimeSpan>
              <MultiGeometry>
                <Polygon>
                  <altitudeMode>absolute</altitudeMode>
                  <outerBoundaryIs>
                    <LinearRing>
                      <coordinates>-96.75885000000001,32.71785,90.26754426941844 -96.75885000000001,32.7182,90.26754426941844 -96.75815,32.7182,90.26754426941844 -96.75815,32.71785,90.26754426941844</coordinates>
                    </LinearRing>
                  </outerBoundaryIs>
                </Polygon>
                <Polygon>
                  <altitudeMode>absolute</altitudeMode>
                  <outerBoundaryIs>
                    <LinearRing>
                      <coordinates>-96.75885000000001,32.71785,150.31754426941842 -96.75885000000001,32.7182,150.31754426941842 -96.75815,32.7182,150.31754426941842 -96.75815,32.71785,150.31754426941842</coordinates>
                    </LinearRing>
                  </outerBoundaryIs>
                </Polygon>
                <Polygon>
                  <altitudeMode>absolute</altitudeMode>
                  <outerBoundaryIs>
                    <LinearRing>
                      <coordinates>-96.75885000000001,32.71785,90.26754426941844 -96.75885000000001,32.71785,150.31754426941842 -96.75885000000001,32.7182,150.31754426941842 -96.75885000000001,32.7182,90.26754426941844</coordinates>
                    </LinearRing>
                  </outerBoundaryIs>
                </Polygon>
                <Polygon>
                  <altitudeMode>absolute</altitudeMode>
                  <outerBoundaryIs>
                    <LinearRing>
                      <coordinates>-96.75885000000001,32.7182,90.26754426941844 -96.75885000000001,32.7182,150.31754426941842 -96.75815,32.7182,150.31754426941842 -96.75815,32.7182,90.26754426941844</coordinates>
                    </LinearRing>
                  </outerBoundaryIs>
                </Polygon>
                <Polygon>
                  <altitudeMode>absolute</altitudeMode>
                  <outerBoundaryIs>
                    <LinearRing>
                      <coordinates>-96.75815,32.7182,90.26754426941844 -96.75815,32.7182,150.31754426941842 -96.75815,32.71785,150.31754426941842 -96.75815,32.71785,90.26754426941844</coordinates>
                    </LinearRing>
                  </outerBoundaryIs>
                </Polygon>
                <Polygon>
                  <altitudeMode>absolute</altitudeMode>
                  <outerBoundaryIs>
                    <LinearRing>
                      <coordinates>-96.75815,32.71785,90.26754426941844 -96.75815,32.71785,150.31754426941842 -96.75885000000001,32.71785,150.31754426941842 -96.75885000000001,32.71785,90.26754426941844</coordinates>
                    </LinearRing>
                  </outerBoundaryIs>
                </Polygon>
              </MultiGeometry>
            </Placemark>
          </Folder>
          <Folder>
            <name>E159: uss1_core interuss.automated_testing.flight_planning.v1.UpsertFlightPlan</name>
            <Folder>
              <name>Activity Completed, flight OkToFly</name>
              <Placemark>
                <name>Volume 0</name>
                <styleUrl>#InUse_Nominal</styleUrl>
                <TimeSpan>
                  <begin>2025-10-10T19:36:04.729621+00:00</begin>
                  <end>2025-10-10T20:21:05.729621+00:00</end>
                </TimeSpan>
                <MultiGeometry>
                  <Polygon>
                    <altitudeMode>absolute</altitudeMode>
                    <outerBoundaryIs>
                      <LinearRing>
                        <coordinates>-96.7586,32.7179,90.2672163874855 -96.7586,32.7182,90.2672163874855 -96.7582,32.7182,90.2672163874855 -96.75815,32.71785,90.2672163874855</coordinates>
                      </LinearRing>
                    </outerBoundaryIs>
                  </Polygon>
                  <Polygon>
                    <altitudeMode>absolute</altitudeMode>
                    <outerBoundaryIs>
                      <LinearRing>
                        <coordinates>-96.7586,32.7179,150.3172163874855 -96.7586,32.7182,150.3172163874855 -96.7582,32.7182,150.3172163874855 -96.75815,32.71785,150.3172163874855</coordinates>
                      </LinearRing>
                    </outerBoundaryIs>
                  </Polygon>
                  <Polygon>
                    <altitudeMode>absolute</altitudeMode>
                    <outerBoundaryIs>
                      <LinearRing>
                        <coordinates>-96.7586,32.7179,90.2672163874855 -96.7586,32.7179,150.3172163874855 -96.7586,32.7182,150.3172163874855 -96.7586,32.7182,90.2672163874855</coordinates>
                      </LinearRing>
                    </outerBoundaryIs>
                  </Polygon>
                  <Polygon>
                    <altitudeMode>absolute</altitudeMode>
                    <outerBoundaryIs>
                      <LinearRing>
                        <coordinates>-96.7586,32.7182,90.2672163874855 -96.7586,32.7182,150.3172163874855 -96.7582,32.7182,150.3172163874855 -96.7582,32.7182,90.2672163874855</coordinates>
                      </LinearRing>
                    </outerBoundaryIs>
                  </Polygon>
                  <Polygon>
                    <altitudeMode>absolute</altitudeMode>
                    <outerBoundaryIs>
                      <LinearRing>
                        <coordinates>-96.7582,32.7182,90.2672163874855 -96.7582,32.7182,150.3172163874855 -96.75815,32.71785,150.3172163874855 -96.75815,32.71785,90.2672163874855</coordinates>
                      </LinearRing>
                    </outerBoundaryIs>
                  </Polygon>
                  <Polygon>
                    <altitudeMode>absolute</altitudeMode>
                    <outerBoundaryIs>
                      <LinearRing>
                        <coordinates>-96.75815,32.71785,90.2672163874855 -96.75815,32.71785,150.3172163874855 -96.7586,32.7179,150.3172163874855 -96.7586,32.7179,90.2672163874855</coordinates>
                      </LinearRing>
                    </outerBoundaryIs>
                  </Polygon>
                </MultiGeometry>
              </Placemark>
            </Folder>
          </Folder>
          <Folder>
            <name>E163: uss1_dss astm.f3548.v21.dss.queryOperationalIntentReferences</name>
            <Placemark>
              <name>area_of_interest</name>
              <styleUrl>#QueryArea</styleUrl>
              <description><![CDATA[<ul><li>uss1's Activated 907ceed0-ff64-42fb-95f9-22ee89a447b4[3]</li><li>uss1's Activated 9c2c15bb-82a7-40cd-b677-bab1af13fbba[2]</li></ul>]]></description>
              <TimeSpan>
                <begin>2025-10-10T19:36:04.288765+00:00</begin>
                <end>2025-10-10T20:21:05.729621+00:00</end>
              </TimeSpan>
              <MultiGeometry>
                <Polygon>
                  <altitudeMode>absolute</altitudeMode>
                  <outerBoundaryIs>
                    <LinearRing>
                      <coordinates>-96.75885000000001,32.71785,90.26754426941844 -96.75885000000001,32.7182,90.26754426941844 -96.75815,32.7182,90.26754426941844 -96.75815,32.71785,90.26754426941844</coordinates>
                    </LinearRing>
                  </outerBoundaryIs>
                </Polygon>
                <Polygon>
                  <altitudeMode>absolute</altitudeMode>
                  <outerBoundaryIs>
                    <LinearRing>
                      <coordinates>-96.75885000000001,32.71785,150.31754426941842 -96.75885000000001,32.7182,150.31754426941842 -96.75815,32.7182,150.31754426941842 -96.75815,32.71785,150.31754426941842</coordinates>
                    </LinearRing>
                  </outerBoundaryIs>
                </Polygon>
                <Polygon>
                  <altitudeMode>absolute</altitudeMode>
                  <outerBoundaryIs>
                    <LinearRing>
                      <coordinates>-96.75885000000001,32.71785,90.26754426941844 -96.75885000000001,32.71785,150.31754426941842 -96.75885000000001,32.7182,150.31754426941842 -96.75885000000001,32.7182,90.26754426941844</coordinates>
                    </LinearRing>
                  </outerBoundaryIs>
                </Polygon>
                <Polygon>
                  <altitudeMode>absolute</altitudeMode>
                  <outerBoundaryIs>
                    <LinearRing>
                      <coordinates>-96.75885000000001,32.7182,90.26754426941844 -96.75885000000001,32.7182,150.31754426941842 -96.75815,32.7182,150.31754426941842 -96.75815,32.7182,90.26754426941844</coordinates>
                    </LinearRing>
                  </outerBoundaryIs>
                </Polygon>
                <Polygon>
                  <altitudeMode>absolute</altitudeMode>
                  <outerBoundaryIs>
                    <LinearRing>
                      <coordinates>-96.75815,32.7182,90.26754426941844 -96.75815,32.7182,150.31754426941842 -96.75815,32.71785,150.31754426941842 -96.75815,32.71785,90.26754426941844</coordinates>
                    </LinearRing>
                  </outerBoundaryIs>
                </Polygon>
                <Polygon>
                  <altitudeMode>absolute</altitudeMode>
                  <outerBoundaryIs>
                    <LinearRing>
                      <coordinates>-96.75815,32.71785,90.26754426941844 -96.75815,32.71785,150.31754426941842 -96.75885000000001,32.71785,150.31754426941842 -96.75885000000001,32.71785,90.26754426941844</coordinates>
                    </LinearRing>
                  </outerBoundaryIs>
                </Polygon>
              </MultiGeometry>
            </Placemark>
          </Folder>
          <Folder>
            <name>E168: uss1_core astm.f3548.v21.uss.getOperationalIntentDetails</name>
            <Folder>
              <name>uss1's P0 Activated 907ceed0-ff64-42fb-95f9-22ee89a447b4[3] @ Z7O8Sne7iSWR8lhpAzQCx8mrezFGx7sdMRrmRhitVd8_</name>
              <Placemark>
                <name>Nominal volume 0</name>
                <styleUrl>#F3548v21Activated</styleUrl>
                <TimeSpan>
                  <begin>2025-10-10T19:36:04.729621+00:00</begin>
                  <end>2025-10-10T20:21:05.729621+00:00</end>
                </TimeSpan>
                <MultiGeometry>
                  <Polygon>
                    <altitudeMode>absolute</altitudeMode>
                    <outerBoundaryIs>
                      <LinearRing>
                        <coordinates>-96.7586,32.7179,90.2672163874855 -96.7586,32.7182,90.2672163874855 -96.7582,32.7182,90.2672163874855 -96.75815,32.71785,90.2672163874855</coordinates>
                      </LinearRing>
                    </outerBoundaryIs>
                  </Polygon>
                  <Polygon>
                    <altitudeMode>absolute</altitudeMode>
                    <outerBoundaryIs>
                      <LinearRing>
                        <coordinates>-96.7586,32.7179,150.3172163874855 -96.7586,32.7182,150.3172163874855 -96.7582,32.7182,150.3172163874855 -96.75815,32.71785,150.3172163874855</coordinates>
                      </LinearRing>
                    </outerBoundaryIs>
                  </Polygon>
                  <Polygon>
                    <altitudeMode>absolute</altitudeMode>
                    <outerBoundaryIs>
                      <LinearRing>
                        <coordinates>-96.7586,32.7179,90.2672163874855 -96.7586,32.7179,150.3172163874855 -96.7586,32.7182,150.3172163874855 -96.7586,32.7182,90.2672163874855</coordinates>
                      </LinearRing>
                    </outerBoundaryIs>
                  </Polygon>
                  <Polygon>
                    <altitudeMode>absolute</altitudeMode>
                    <outerBoundaryIs>
                      <LinearRing>
                        <coordinates>-96.7586,32.7182,90.2672163874855 -96.7586,32.7182,150.3172163874855 -96.7582,32.7182,150.3172163874855 -96.7582,32.7182,90.2672163874855</coordinates>
                      </LinearRing>
                    </outerBoundaryIs>
                  </Polygon>
                  <Polygon>
                    <altitudeMode>absolute</altitudeMode>
                    <outerBoundaryIs>
                      <LinearRing>
                        <coordinates>-96.7582,32.7182,90.2672163874855 -96.7582,32.7182,150.3172163874855 -96.75815,32.71785,150.3172163874855 -96.75815,32.71785,90.2672163874855</coordinates>
                      </LinearRing>
                    </outerBoundaryIs>
                  </Polygon>
                  <Polygon>
                    <altitudeMode>absolute</altitudeMode>
                    <outerBoundaryIs>
                      <LinearRing>
                        <coordinates>-96.75815,32.71785,90.2672163874855 -96.75815,32.71785,150.3172163874855 -96.7586,32.7179,150.3172163874855 -96.7586,32.7179,90.2672163874855</coordinates>
                      </LinearRing>
                    </outerBoundaryIs>
                  </Polygon>
                </MultiGeometry>
              </Placemark>
            </Folder>
          </Folder>
        </Folder>
      </Folder>
      <Folder>
        <name>Attempt to modify activated flight in conflict</name>
        <Folder>
          <name>Modify activated Flight 2 to not conflict with activated Flight 1</name>
          <Folder>
            <name>E174: uss1_dss astm.f3548.v21.dss.queryOperationalIntentReferences</name>
            <Placemark>
              <name>area_of_interest</name>
              <styleUrl>#QueryArea</styleUrl>
              <description><![CDATA[<ul><li>uss1's Activated 907ceed0-ff64-42fb-95f9-22ee89a447b4[3]</li><li>uss1's Activated 9c2c15bb-82a7-40cd-b677-bab1af13fbba[2]</li></ul>]]></description>
              <TimeSpan>
                <begin>2025-10-10T19:36:04.841399+00:00</begin>
                <end>2025-10-10T20:21:05.841399+00:00</end>
              </TimeSpan>
              <MultiGeometry>
                <Polygon>
                  <altitudeMode>absolute</altitudeMode>
                  <outerBoundaryIs>
                    <LinearRing>
                      <coordinates>-96.75890000000001,32.71825,117.22754871590543 -96.75890000000001,32.7186,117.22754871590543 -96.7583,32.7186,117.22754871590543 -96.7583,32.71825,117.22754871590543</coordinates>
                    </LinearRing>
                  </outerBoundaryIs>
                </Polygon>
                <Polygon>
                  <altitudeMode>absolute</altitudeMode>
                  <outerBoundaryIs>
                    <LinearRing>
                      <coordinates>-96.75890000000001,32.71825,170.31754871590545 -96.75890000000001,32.7186,170.31754871590545 -96.7583,32.7186,170.31754871590545 -96.7583,32.71825,170.31754871590545</coordinates>
                    </LinearRing>
                  </outerBoundaryIs>
                </Polygon>
                <Polygon>
                  <altitudeMode>absolute</altitudeMode>
                  <outerBoundaryIs>
                    <LinearRing>
                      <coordinates>-96.75890000000001,32.71825,117.22754871590543 -96.75890000000001,32.71825,170.31754871590545 -96.75890000000001,32.7186,170.31754871590545 -96.75890000000001,32.7186,117.22754871590543</coordinates>
                    </LinearRing>
                  </outerBoundaryIs>
                </Polygon>
                <Polygon>
                  <altitudeMode>absolute</altitudeMode>
                  <outerBoundaryIs>
                    <LinearRing>
                      <coordinates>-96.75890000000001,32.7186,117.22754871590543 -96.75890000000001,32.7186,170.31754871590545 -96.7583,32.7186,170.31754871590545 -96.7583,32.7186,117.22754871590543</coordinates>
                    </LinearRing>
                  </outerBoundaryIs>
                </Polygon>
                <Polygon>
                  <altitudeMode>absolute</altitudeMode>
                  <outerBoundaryIs>
                    <LinearRing>
                      <coordinates>-96.7583,32.7186,117.22754871590543 -96.7583,32.7186,170.31754871590545 -96.7583,32.71825,170.31754871590545 -96.7583,32.71825,117.22754871590543</coordinates>
                    </LinearRing>
                  </outerBoundaryIs>
                </Polygon>
                <Polygon>
                  <altitudeMode>absolute</altitudeMode>
                  <outerBoundaryIs>
                    <LinearRing>
                      <coordinates>-96.7583,32.71825,117.22754871590543 -96.7583,32.71825,170.31754871590545 -96.75890000000001,32.71825,170.31754871590545 -96.75890000000001,32.71825,117.22754871590543</coordinates>
                    </LinearRing>
                  </outerBoundaryIs>
                </Polygon>
              </MultiGeometry>
            </Placemark>
          </Folder>
          <Folder>
            <name>E176: uss1_core interuss.automated_testing.flight_planning.v1.UpsertFlightPlan</name>
            <Folder>
              <name>Activity Completed, flight OkToFly</name>
              <Placemark>
                <name>Volume 0</name>
                <styleUrl>#InUse_Nominal</styleUrl>
                <TimeSpan>
                  <begin>2025-10-10T19:36:04.841399+00:00</begin>
                  <end>2025-10-10T20:21:05.841399+00:00</end>
                </TimeSpan>
                <MultiGeometry>
                  <Polygon>
                    <altitudeMode>absolute</altitudeMode>
                    <outerBoundaryIs>
                      <LinearRing>
                        <coordinates>-96.75890000000001,32.7183,117.22767239934487 -96.7583,32.71825,117.22767239934487 -96.7587,32.7186,117.22767239934487</coordinates>
                      </LinearRing>
                    </outerBoundaryIs>
                  </Polygon>
                  <Polygon>
                    <altitudeMode>absolute</altitudeMode>
                    <outerBoundaryIs>
                      <LinearRing>
                        <coordinates>-96.75890000000001,32.7183,170.31767239934487 -96.7583,32.71825,170.31767239934487 -96.7587,32.7186,170.31767239934487</coordinates>
                      </LinearRing>
                    </outerBoundaryIs>
                  </Polygon>
                  <Polygon>
                    <altitudeMode>absolute</altitudeMode>
                    <outerBoundaryIs>
                      <LinearRing>
                        <coordinates>-96.75890000000001,32.7183,117.22767239934487 -96.75890000000001,32.7183,170.31767239934487 -96.7583,32.71825,170.31767239934487 -96.7583,32.71825,117.22767239934487</coordinates>
                      </LinearRing>
                    </outerBoundaryIs>
                  </Polygon>
                  <Polygon>
                    <altitudeMode>absolute</altitudeMode>
                    <outerBoundaryIs>
                      <LinearRing>
                        <coordinates>-96.7583,32.71825,117.22767239934487 -96.7583,32.71825,170.31767239934487 -96.7587,32.7186,170.31767239934487 -96.7587,32.7186,117.22767239934487</coordinates>
                      </LinearRing>
                    </outerBoundaryIs>
                  </Polygon>
                  <Polygon>
                    <altitudeMode>absolute</altitudeMode>
                    <outerBoundaryIs>
                      <LinearRing>
                        <coordinates>-96.7587,32.7186,117.22767239934487 -96.7587,32.7186,170.31767239934487 -96.75890000000001,32.7183,170.31767239934487 -96.75890000000001,32.7183,117.22767239934487</coordinates>
                      </LinearRing>
                    </outerBoundaryIs>
                  </Polygon>
                </MultiGeometry>
              </Placemark>
            </Folder>
          </Folder>
          <Folder>
            <name>E179: uss1_dss astm.f3548.v21.dss.queryOperationalIntentReferences</name>
            <Placemark>
              <name>area_of_interest</name>
              <styleUrl>#QueryArea</styleUrl>
              <description><![CDATA[<ul><li>uss1's Activated 907ceed0-ff64-42fb-95f9-22ee89a447b4[3]</li><li>uss1's Activated 9c2c15bb-82a7-40cd-b677-bab1af13fbba[3]</li></ul>]]></description>
              <TimeSpan>
                <begin>2025-10-10T19:36:04.841399+00:00</begin>
                <end>2025-10-10T20:21:05.841399+00:00</end>
              </TimeSpan>
              <MultiGeometry>
                <Polygon>
                  <altitudeMode>absolute</altitudeMode>
                  <outerBoundaryIs>
                    <LinearRing>
                      <coordinates>-96.75890000000001,32.71825,117.22754871590543 -96.75890000000001,32.7186,117.22754871590543 -96.7583,32.7186,117.22754871590543 -96.7583,32.71825,117.22754871590543</coordinates>
                    </LinearRing>
                  </outerBoundaryIs>
                </Polygon>
                <Polygon>
                  <altitudeMode>absolute</altitudeMode>
                  <outerBoundaryIs>
                    <LinearRing>
                      <coordinates>-96.75890000000001,32.71825,170.31754871590545 -96.75890000000001,32.7186,170.31754871590545 -96.7583,32.7186,170.31754871590545 -96.7583,32.71825,170.31754871590545</coordinates>
                    </LinearRing>
                  </outerBoundaryIs>
                </Polygon>
                <Polygon>
                  <altitudeMode>absolute</altitudeMode>
                  <outerBoundaryIs>
                    <LinearRing>
                      <coordinates>-96.75890000000001,32.71825,117.22754871590543 -96.75890000000001,32.71825,170.31754871590545 -96.75890000000001,32.7186,170.31754871590545 -96.75890000000001,32.7186,117.22754871590543</coordinates>
                    </LinearRing>
                  </outerBoundaryIs>
                </Polygon>
                <Polygon>
                  <altitudeMode>absolute</altitudeMode>
                  <outerBoundaryIs>
                    <LinearRing>
                      <coordinates>-96.75890000000001,32.7186,117.22754871590543 -96.75890000000001,32.7186,170.31754871590545 -96.7583,32.7186,170.31754871590545 -96.7583,32.7186,117.22754871590543</coordinates>
                    </LinearRing>
                  </outerBoundaryIs>
                </Polygon>
                <Polygon>
                  <altitudeMode>absolute</altitudeMode>
                  <outerBoundaryIs>
                    <LinearRing>
                      <coordinates>-96.7583,32.7186,117.22754871590543 -96.7583,32.7186,170.31754871590545 -96.7583,32.71825,170.31754871590545 -96.7583,32.71825,117.22754871590543</coordinates>
                    </LinearRing>
                  </outerBoundaryIs>
                </Polygon>
                <Polygon>
                  <altitudeMode>absolute</altitudeMode>
                  <outerBoundaryIs>
                    <LinearRing>
                      <coordinates>-96.7583,32.71825,117.22754871590543 -96.7583,32.71825,170.31754871590545 -96.75890000000001,32.71825,170.31754871590545 -96.75890000000001,32.71825,117.22754871590543</coordinates>
                    </LinearRing>
                  </outerBoundaryIs>
                </Polygon>
              </MultiGeometry>
            </Placemark>
          </Folder>
          <Folder>
            <name>E184: uss1_core astm.f3548.v21.uss.getOperationalIntentDetails</name>
            <Folder>
              <name>uss1's P100 Activated 9c2c15bb-82a7-40cd-b677-bab1af13fbba[3] @ utJT-pMXehPVtsAuGeX.-IkQ4F0N-dYiG3rzR4G-N7s_</name>
              <Placemark>
                <name>Nominal volume 0</name>
                <styleUrl>#F3548v21Activated</styleUrl>
                <TimeSpan>
                  <begin>2025-10-10T19:36:04.841399+00:00</begin>
                  <end>2025-10-10T20:21:05.841399+00:00</end>
                </TimeSpan>
                <MultiGeometry>
                  <Polygon>
                    <altitudeMode>absolute</altitudeMode>
                    <outerBoundaryIs>
                      <LinearRing>
                        <coordinates>-96.75890000000001,32.7183,117.22767239934487 -96.7583,32.71825,117.22767239934487 -96.7587,32.7186,117.22767239934487</coordinates>
                      </LinearRing>
                    </outerBoundaryIs>
                  </Polygon>
                  <Polygon>
                    <altitudeMode>absolute</altitudeMode>
                    <outerBoundaryIs>
                      <LinearRing>
                        <coordinates>-96.75890000000001,32.7183,170.31767239934487 -96.7583,32.71825,170.31767239934487 -96.7587,32.7186,170.31767239934487</coordinates>
                      </LinearRing>
                    </outerBoundaryIs>
                  </Polygon>
                  <Polygon>
                    <altitudeMode>absolute</altitudeMode>
                    <outerBoundaryIs>
                      <LinearRing>
                        <coordinates>-96.75890000000001,32.7183,117.22767239934487 -96.75890000000001,32.7183,170.31767239934487 -96.7583,32.71825,170.31767239934487 -96.7583,32.71825,117.22767239934487</coordinates>
                      </LinearRing>
                    </outerBoundaryIs>
                  </Polygon>
                  <Polygon>
                    <altitudeMode>absolute</altitudeMode>
                    <outerBoundaryIs>
                      <LinearRing>
                        <coordinates>-96.7583,32.71825,117.22767239934487 -96.7583,32.71825,170.31767239934487 -96.7587,32.7186,170.31767239934487 -96.7587,32.7186,117.22767239934487</coordinates>
                      </LinearRing>
                    </outerBoundaryIs>
                  </Polygon>
                  <Polygon>
                    <altitudeMode>absolute</altitudeMode>
                    <outerBoundaryIs>
                      <LinearRing>
                        <coordinates>-96.7587,32.7186,117.22767239934487 -96.7587,32.7186,170.31767239934487 -96.75890000000001,32.7183,170.31767239934487 -96.75890000000001,32.7183,117.22767239934487</coordinates>
                      </LinearRing>
                    </outerBoundaryIs>
                  </Polygon>
                </MultiGeometry>
              </Placemark>
            </Folder>
          </Folder>
        </Folder>
        <Folder>
          <name>Attempt to modify activated Flight 1 in conflict</name>
          <Folder>
            <name>E190: uss1_dss astm.f3548.v21.dss.queryOperationalIntentReferences</name>
            <Placemark>
              <name>area_of_interest</name>
              <styleUrl>#QueryArea</styleUrl>
              <description><![CDATA[<ul><li>uss1's Activated 907ceed0-ff64-42fb-95f9-22ee89a447b4[3]</li><li>uss1's Activated 9c2c15bb-82a7-40cd-b677-bab1af13fbba[3]</li></ul>]]></description>
              <TimeSpan>
                <begin>2025-10-10T19:36:04.729621+00:00</begin>
                <end>2025-10-10T20:21:05.976839+00:00</end>
              </TimeSpan>
              <MultiGeometry>
                <Polygon>
                  <altitudeMode>absolute</altitudeMode>
                  <outerBoundaryIs>
                    <LinearRing>
                      <coordinates>-96.7586,32.71785,90.26705009760636 -96.7586,32.7186,90.26705009760636 -96.75815,32.7186,90.26705009760636 -96.75815,32.71785,90.26705009760636</coordinates>
                    </LinearRing>
                  </outerBoundaryIs>
                </Polygon>
                <Polygon>
                  <altitudeMode>absolute</altitudeMode>
                  <outerBoundaryIs>
                    <LinearRing>
                      <coordinates>-96.7586,32.71785,155.31705009760637 -96.7586,32.7186,155.31705009760637 -96.75815,32.7186,155.31705009760637 -96.75815,32.71785,155.31705009760637</coordinates>
                    </LinearRing>
                  </outerBoundaryIs>
                </Polygon>
                <Polygon>
                  <altitudeMode>absolute</altitudeMode>
                  <outerBoundaryIs>
                    <LinearRing>
                      <coordinates>-96.7586,32.71785,90.26705009760636 -96.7586,32.71785,155.31705009760637 -96.7586,32.7186,155.31705009760637 -96.7586,32.7186,90.26705009760636</coordinates>
                    </LinearRing>
                  </outerBoundaryIs>
                </Polygon>
                <Polygon>
                  <altitudeMode>absolute</altitudeMode>
                  <outerBoundaryIs>
                    <LinearRing>
                      <coordinates>-96.7586,32.7186,90.26705009760636 -96.7586,32.7186,155.31705009760637 -96.75815,32.7186,155.31705009760637 -96.75815,32.7186,90.26705009760636</coordinates>
                    </LinearRing>
                  </outerBoundaryIs>
                </Polygon>
                <Polygon>
                  <altitudeMode>absolute</altitudeMode>
                  <outerBoundaryIs>
                    <LinearRing>
                      <coordinates>-96.75815,32.7186,90.26705009760636 -96.75815,32.7186,155.31705009760637 -96.75815,32.71785,155.31705009760637 -96.75815,32.71785,90.26705009760636</coordinates>
                    </LinearRing>
                  </outerBoundaryIs>
                </Polygon>
                <Polygon>
                  <altitudeMode>absolute</altitudeMode>
                  <outerBoundaryIs>
                    <LinearRing>
                      <coordinates>-96.75815,32.71785,90.26705009760636 -96.75815,32.71785,155.31705009760637 -96.7586,32.71785,155.31705009760637 -96.7586,32.71785,90.26705009760636</coordinates>
                    </LinearRing>
                  </outerBoundaryIs>
                </Polygon>
              </MultiGeometry>
            </Placemark>
          </Folder>
          <Folder>
            <name>E192: uss1_core interuss.automated_testing.flight_planning.v1.UpsertFlightPlan</name>
            <Folder>
              <name>Activity Rejected, flight OkToFly</name>
              <Placemark>
                <name>Volume 0</name>
                <styleUrl>#InUse_Nominal</styleUrl>
                <TimeSpan>
                  <begin>2025-10-10T19:36:04.976839+00:00</begin>
                  <end>2025-10-10T20:21:05.976839+00:00</end>
                </TimeSpan>
                <MultiGeometry>
                  <Polygon>
                    <altitudeMode>absolute</altitudeMode>
                    <outerBoundaryIs>
                      <LinearRing>
                        <coordinates>-96.75840000000001,32.7179,120.37686295447425 -96.75840000000001,32.7186,120.37686295447425 -96.7582,32.7182,120.37686295447425 -96.75815,32.71785,120.37686295447425</coordinates>
                      </LinearRing>
                    </outerBoundaryIs>
                  </Polygon>
                  <Polygon>
                    <altitudeMode>absolute</altitudeMode>
                    <outerBoundaryIs>
                      <LinearRing>
                        <coordinates>-96.75840000000001,32.7179,155.31686295447423 -96.75840000000001,32.7186,155.31686295447423 -96.7582,32.7182,155.31686295447423 -96.75815,32.71785,155.31686295447423</coordinates>
                      </LinearRing>
                    </outerBoundaryIs>
                  </Polygon>
                  <Polygon>
                    <altitudeMode>absolute</altitudeMode>
                    <outerBoundaryIs>
                      <LinearRing>
                        <coordinates>-96.75840000000001,32.7179,120.37686295447425 -96.75840000000001,32.7179,155.31686295447423 -96.75840000000001,32.7186,155.31686295447423 -96.75840000000001,32.7186,120.37686295447425</coordinates>
                      </LinearRing>
                    </outerBoundaryIs>
                  </Polygon>
                  <Polygon>
                    <altitudeMode>absolute</altitudeMode>
                    <outerBoundaryIs>
                      <LinearRing>
                        <coordinates>-96.75840000000001,32.7186,120.37686295447425 -96.75840000000001,32.7186,155.31686295447423 -96.7582,32.7182,155.31686295447423 -96.7582,32.7182,120.37686295447425</coordinates>
                      </LinearRing>
                    </outerBoundaryIs>
                  </Polygon>
                  <Polygon>
                    <altitudeMode>absolute</altitudeMode>
                    <outerBoundaryIs>
                      <LinearRing>
                        <coordinates>-96.7582,32.7182,120.37686295447425 -96.7582,32.7182,155.31686295447423 -96.75815,32.71785,155.31686295447423 -96.75815,32.71785,120.37686295447425</coordinates>
                      </LinearRing>
                    </outerBoundaryIs>
                  </Polygon>
                  <Polygon>
                    <altitudeMode>absolute</altitudeMode>
                    <outerBoundaryIs>
                      <LinearRing>
                        <coordinates>-96.75815,32.71785,120.37686295447425 -96.75815,32.71785,155.31686295447423 -96.75840000000001,32.7179,155.31686295447423 -96.75840000000001,32.7179,120.37686295447425</coordinates>
                      </LinearRing>
                    </outerBoundaryIs>
                  </Polygon>
                </MultiGeometry>
              </Placemark>
            </Folder>
          </Folder>
          <Folder>
            <name>E195: uss1_dss astm.f3548.v21.dss.queryOperationalIntentReferences</name>
            <Placemark>
              <name>area_of_interest</name>
              <styleUrl>#QueryArea</styleUrl>
              <description><![CDATA[<ul><li>uss1's Activated 907ceed0-ff64-42fb-95f9-22ee89a447b4[3]</li><li>uss1's Activated 9c2c15bb-82a7-40cd-b677-bab1af13fbba[3]</li></ul>]]></description>
              <TimeSpan>
                <begin>2025-10-10T19:36:04.729621+00:00</begin>
                <end>2025-10-10T20:21:05.976839+00:00</end>
              </TimeSpan>
              <MultiGeometry>
                <Polygon>
                  <altitudeMode>absolute</altitudeMode>
                  <outerBoundaryIs>
                    <LinearRing>
                      <coordinates>-96.7586,32.71785,90.26705009760636 -96.7586,32.7186,90.26705009760636 -96.75815,32.7186,90.26705009760636 -96.75815,32.71785,90.26705009760636</coordinates>
                    </LinearRing>
                  </outerBoundaryIs>
                </Polygon>
                <Polygon>
                  <altitudeMode>absolute</altitudeMode>
                  <outerBoundaryIs>
                    <LinearRing>
                      <coordinates>-96.7586,32.71785,155.31705009760637 -96.7586,32.7186,155.31705009760637 -96.75815,32.7186,155.31705009760637 -96.75815,32.71785,155.31705009760637</coordinates>
                    </LinearRing>
                  </outerBoundaryIs>
                </Polygon>
                <Polygon>
                  <altitudeMode>absolute</altitudeMode>
                  <outerBoundaryIs>
                    <LinearRing>
                      <coordinates>-96.7586,32.71785,90.26705009760636 -96.7586,32.71785,155.31705009760637 -96.7586,32.7186,155.31705009760637 -96.7586,32.7186,90.26705009760636</coordinates>
                    </LinearRing>
                  </outerBoundaryIs>
                </Polygon>
                <Polygon>
                  <altitudeMode>absolute</altitudeMode>
                  <outerBoundaryIs>
                    <LinearRing>
                      <coordinates>-96.7586,32.7186,90.26705009760636 -96.7586,32.7186,155.31705009760637 -96.75815,32.7186,155.31705009760637 -96.75815,32.7186,90.26705009760636</coordinates>
                    </LinearRing>
                  </outerBoundaryIs>
                </Polygon>
                <Polygon>
                  <altitudeMode>absolute</altitudeMode>
                  <outerBoundaryIs>
                    <LinearRing>
                      <coordinates>-96.75815,32.7186,90.26705009760636 -96.75815,32.7186,155.31705009760637 -96.75815,32.71785,155.31705009760637 -96.75815,32.71785,90.26705009760636</coordinates>
                    </LinearRing>
                  </outerBoundaryIs>
                </Polygon>
                <Polygon>
                  <altitudeMode>absolute</altitudeMode>
                  <outerBoundaryIs>
                    <LinearRing>
                      <coordinates>-96.75815,32.71785,90.26705009760636 -96.75815,32.71785,155.31705009760637 -96.7586,32.71785,155.31705009760637 -96.7586,32.71785,90.26705009760636</coordinates>
                    </LinearRing>
                  </outerBoundaryIs>
                </Polygon>
              </MultiGeometry>
            </Placemark>
          </Folder>
          <Folder>
            <name>E200: uss1_core astm.f3548.v21.uss.getOperationalIntentDetails</name>
            <Folder>
              <name>uss1's P0 Activated 907ceed0-ff64-42fb-95f9-22ee89a447b4[3] @ Z7O8Sne7iSWR8lhpAzQCx8mrezFGx7sdMRrmRhitVd8_</name>
              <Placemark>
                <name>Nominal volume 0</name>
                <styleUrl>#F3548v21Activated</styleUrl>
                <TimeSpan>
                  <begin>2025-10-10T19:36:04.729621+00:00</begin>
                  <end>2025-10-10T20:21:05.729621+00:00</end>
                </TimeSpan>
                <MultiGeometry>
                  <Polygon>
                    <altitudeMode>absolute</altitudeMode>
                    <outerBoundaryIs>
                      <LinearRing>
                        <coordinates>-96.7586,32.7179,90.2672163874855 -96.7586,32.7182,90.2672163874855 -96.7582,32.7182,90.2672163874855 -96.75815,32.71785,90.2672163874855</coordinates>
                      </LinearRing>
                    </outerBoundaryIs>
                  </Polygon>
                  <Polygon>
                    <altitudeMode>absolute</altitudeMode>
                    <outerBoundaryIs>
                      <LinearRing>
                        <coordinates>-96.7586,32.7179,150.3172163874855 -96.7586,32.7182,150.3172163874855 -96.7582,32.7182,150.3172163874855 -96.75815,32.71785,150.3172163874855</coordinates>
                      </LinearRing>
                    </outerBoundaryIs>
                  </Polygon>
                  <Polygon>
                    <altitudeMode>absolute</altitudeMode>
                    <outerBoundaryIs>
                      <LinearRing>
                        <coordinates>-96.7586,32.7179,90.2672163874855 -96.7586,32.7179,150.3172163874855 -96.7586,32.7182,150.3172163874855 -96.7586,32.7182,90.2672163874855</coordinates>
                      </LinearRing>
                    </outerBoundaryIs>
                  </Polygon>
                  <Polygon>
                    <altitudeMode>absolute</altitudeMode>
                    <outerBoundaryIs>
                      <LinearRing>
                        <coordinates>-96.7586,32.7182,90.2672163874855 -96.7586,32.7182,150.3172163874855 -96.7582,32.7182,150.3172163874855 -96.7582,32.7182,90.2672163874855</coordinates>
                      </LinearRing>
                    </outerBoundaryIs>
                  </Polygon>
                  <Polygon>
                    <altitudeMode>absolute</altitudeMode>
                    <outerBoundaryIs>
                      <LinearRing>
                        <coordinates>-96.7582,32.7182,90.2672163874855 -96.7582,32.7182,150.3172163874855 -96.75815,32.71785,150.3172163874855 -96.75815,32.71785,90.2672163874855</coordinates>
                      </LinearRing>
                    </outerBoundaryIs>
                  </Polygon>
                  <Polygon>
                    <altitudeMode>absolute</altitudeMode>
                    <outerBoundaryIs>
                      <LinearRing>
                        <coordinates>-96.75815,32.71785,90.2672163874855 -96.75815,32.71785,150.3172163874855 -96.7586,32.7179,150.3172163874855 -96.7586,32.7179,90.2672163874855</coordinates>
                      </LinearRing>
                    </outerBoundaryIs>
                  </Polygon>
                </MultiGeometry>
              </Placemark>
            </Folder>
          </Folder>
        </Folder>
      </Folder>
      <Folder>
        <name/>
        <Folder>
          <name>Cleanup</name>
        </Folder>
      </Folder>
    </Folder>
  </Document>
</kml>
