<kml xmlns="http://www.opengis.net/kml/2.2" xmlns:atom="http://www.w3.org/2005/Atom" xmlns:gx="http://www.google.com/kml/ext/2.2">
  <Document>
    <Style id="QueryArea">
      <LineStyle>
        <color>ffc0c000</color>
        <width>3</width>
      </LineStyle>
      <PolyStyle>
        <color>80ffffaa</color>
      </PolyStyle>
    </Style>
    <Style id="F3548v21Accepted">
      <LineStyle>
        <color>ff00c000</color>
        <width>3</width>
      </LineStyle>
      <PolyStyle>
        <color>80c0c0c0</color>
      </PolyStyle>
    </Style>
    <Style id="F3548v21Activated">
      <LineStyle>
        <color>ff00c000</color>
        <width>3</width>
      </LineStyle>
      <PolyStyle>
        <color>8000ff00</color>
      </PolyStyle>
    </Style>
    <Style id="F3548v21Nonconforming">
      <LineStyle>
        <color>ff00ffff</color>
        <width>5</width>
      </LineStyle>
      <PolyStyle>
        <color>8000ffff</color>
      </PolyStyle>
    </Style>
    <Style id="F3548v21Contingent">
      <LineStyle>
        <color>ff0000ff</color>
        <width>5</width>
      </LineStyle>
      <PolyStyle>
        <color>80ff0000ff</color>
      </PolyStyle>
    </Style>
    <Style id="F3548v21AcceptedFuture">
      <LineStyle>
        <color>80c0c0c0</color>
        <width>1</width>
      </LineStyle>
      <PolyStyle>
        <color>00000000</color>
      </PolyStyle>
    </Style>
    <Style id="F3548v21ActivatedFuture">
      <LineStyle>
        <color>8040c040</color>
        <width>1</width>
      </LineStyle>
      <PolyStyle>
        <color>00000000</color>
      </PolyStyle>
    </Style>
    <Style id="F3548v21NonconformingFuture">
      <LineStyle>
        <color>8000ffff</color>
        <width>1</width>
      </LineStyle>
      <PolyStyle>
        <color>00000000</color>
      </PolyStyle>
    </Style>
    <Style id="F3548v21ContingentFuture">
      <LineStyle>
        <color>80ff0000ff</color>
        <width>1</width>
      </LineStyle>
      <PolyStyle>
        <color>00000000</color>
      </PolyStyle>
    </Style>
    <Style id="Planned_Nominal">
      <LineStyle>
        <color>ff00c000</color>
        <width>3</width>
      </LineStyle>
      <PolyStyle>
        <color>80808080</color>
      </PolyStyle>
    </Style>
    <Style id="InUse_Nominal">
      <LineStyle>
        <color>ff00c000</color>
        <width>3</width>
      </LineStyle>
      <PolyStyle>
        <color>8000ff00</color>
      </PolyStyle>
    </Style>
    <Style id="InUse_OffNominal">
      <LineStyle>
        <color>ff00ffff</color>
        <width>5</width>
      </LineStyle>
      <PolyStyle>
        <color>8000ff00</color>
      </PolyStyle>
    </Style>
    <Style id="InUse_Contingent">
      <LineStyle>
        <color>ff0000ff</color>
        <width>5</width>
      </LineStyle>
      <PolyStyle>
        <color>8000ff00</color>
      </PolyStyle>
    </Style>
    <Folder>
      <name>Nominal planning: conflict with higher priority</name>
      <Folder>
        <name>Attempt to plan flight in conflict</name>
        <Folder>
          <name>Plan Flight 2</name>
          <Folder>
            <name>E3: uss1_dss astm.f3548.v21.dss.queryOperationalIntentReferences</name>
            <Placemark>
              <name>area_of_interest</name>
              <styleUrl>#QueryArea</styleUrl>
              <description><![CDATA[(no operational intent references found)]]></description>
              <TimeSpan>
                <begin>2025-10-10T19:36:05.135117+00:00</begin>
                <end>2025-10-10T20:21:06.135117+00:00</end>
              </TimeSpan>
              <MultiGeometry>
                <Polygon>
                  <altitudeMode>absolute</altitudeMode>
                  <outerBoundaryIs>
                    <LinearRing>
                      <coordinates>-96.75890000000001,32.71785,119.24797214313818 -96.75890000000001,32.7186,119.24797214313818 -96.7585,32.7186,119.24797214313818 -96.7585,32.71785,119.24797214313818</coordinates>
                    </LinearRing>
                  </outerBoundaryIs>
                </Polygon>
                <Polygon>
                  <altitudeMode>absolute</altitudeMode>
                  <outerBoundaryIs>
                    <LinearRing>
                      <coordinates>-96.75890000000001,32.71785,148.31797214313818 -96.75890000000001,32.7186,148.31797214313818 -96.7585,32.7186,148.31797214313818 -96.7585,32.71785,148.31797214313818</coordinates>
                    </LinearRing>
                  </outerBoundaryIs>
                </Polygon>
                <Polygon>
                  <altitudeMode>absolute</altitudeMode>
                  <outerBoundaryIs>
                    <LinearRing>
                      <coordinates>-96.75890000000001,32.71785,119.24797214313818 -96.75890000000001,32.71785,148.31797214313818 -96.75890000000001,32.7186,148.31797214313818 -96.75890000000001,32.7186,119.24797214313818</coordinates>
                    </LinearRing>
                  </outerBoundaryIs>
                </Polygon>
                <Polygon>
                  <altitudeMode>absolute</altitudeMode>
                  <outerBoundaryIs>
                    <LinearRing>
                      <coordinates>-96.75890000000001,32.7186,119.24797214313818 -96.75890000000001,32.7186,148.31797214313818 -96.7585,32.7186,148.31797214313818 -96.7585,32.7186,119.24797214313818</coordinates>
                    </LinearRing>
                  </outerBoundaryIs>
                </Polygon>
                <Polygon>
                  <altitudeMode>absolute</altitudeMode>
                  <outerBoundaryIs>
                    <LinearRing>
                      <coordinates>-96.7585,32.7186,119.24797214313818 -96.7585,32.7186,148.31797214313818 -96.7585,32.71785,148.31797214313818 -96.7585,32.71785,119.24797214313818</coordinates>
                    </LinearRing>
                  </outerBoundaryIs>
                </Polygon>
                <Polygon>
                  <altitudeMode>absolute</altitudeMode>
                  <outerBoundaryIs>
                    <LinearRing>
                      <coordinates>-96.7585,32.71785,119.24797214313818 -96.7585,32.71785,148.31797214313818 -96.75890000000001,32.71785,148.31797214313818 -96.75890000000001,32.71785,119.24797214313818</coordinates>
                    </LinearRing>
                  </outerBoundaryIs>
                </Polygon>
              </MultiGeometry>
            </Placemark>
          </Folder>
          <Folder>
            <name>E5: uss2_core interuss.automated_testing.flight_planning.v1.UpsertFlightPlan</name>
            <Folder>
              <name>Activity Completed, flight Planned</name>
              <Placemark>
                <name>Volume 0</name>
                <styleUrl>#Planned_Nominal</styleUrl>
                <TimeSpan>
                  <begin>2025-10-10T19:36:05.135117+00:00</begin>
                  <end>2025-10-10T20:21:06.135117+00:00</end>
                </TimeSpan>
                <MultiGeometry>
                  <Polygon>
                    <altitudeMode>absolute</altitudeMode>
                    <outerBoundaryIs>
                      <LinearRing>
                        <coordinates>-96.75890000000001,32.7183,119.24795468550222 -96.7587,32.71785,119.24795468550222 -96.7585,32.71825,119.24795468550222 -96.7587,32.7186,119.24795468550222</coordinates>
                      </LinearRing>
                    </outerBoundaryIs>
                  </Polygon>
                  <Polygon>
                    <altitudeMode>absolute</altitudeMode>
                    <outerBoundaryIs>
                      <LinearRing>
                        <coordinates>-96.75890000000001,32.7183,148.31795468550223 -96.7587,32.71785,148.31795468550223 -96.7585,32.71825,148.31795468550223 -96.7587,32.7186,148.31795468550223</coordinates>
                      </LinearRing>
                    </outerBoundaryIs>
                  </Polygon>
                  <Polygon>
                    <altitudeMode>absolute</altitudeMode>
                    <outerBoundaryIs>
                      <LinearRing>
                        <coordinates>-96.75890000000001,32.7183,119.24795468550222 -96.75890000000001,32.7183,148.31795468550223 -96.7587,32.71785,148.31795468550223 -96.7587,32.71785,119.24795468550222</coordinates>
                      </LinearRing>
                    </outerBoundaryIs>
                  </Polygon>
                  <Polygon>
                    <altitudeMode>absolute</altitudeMode>
                    <outerBoundaryIs>
                      <LinearRing>
                        <coordinates>-96.7587,32.71785,119.24795468550222 -96.7587,32.71785,148.31795468550223 -96.7585,32.71825,148.31795468550223 -96.7585,32.71825,119.24795468550222</coordinates>
                      </LinearRing>
                    </outerBoundaryIs>
                  </Polygon>
                  <Polygon>
                    <altitudeMode>absolute</altitudeMode>
                    <outerBoundaryIs>
                      <LinearRing>
                        <coordinates>-96.7585,32.71825,119.24795468550222 -96.7585,32.71825,148.31795468550223 -96.7587,32.7186,148.31795468550223 -96.7587,32.7186,119.24795468550222</coordinates>
                      </LinearRing>
                    </outerBoundaryIs>
                  </Polygon>
                  <Polygon>
                    <altitudeMode>absolute</altitudeMode>
                    <outerBoundaryIs>
                      <LinearRing>
                        <coordinates>-96.7587,32.7186,119.24795468550222 -96.7587,32.7186,148.31795468550223 -96.75890000000001,32.7183,148.31795468550223 -96.75890000000001,32.7183,119.24795468550222</coordinates>
                      </LinearRing>
                    </outerBoundaryIs>
                  </Polygon>
                </MultiGeometry>
              </Placemark>
            </Folder>
          </Folder>
          <Folder>
            <name>E8: uss1_dss astm.f3548.v21.dss.queryOperationalIntentReferences</name>
            <Placemark>
              <name>area_of_interest</name>
              <styleUrl>#QueryArea</styleUrl>
              <description><![CDATA[<ul><li>uss2's Accepted ac6af0ce-7419-4ee4-9d5c-86f4fb1c4b23[1]</li></ul>]]></description>
              <TimeSpan>
                <begin>2025-10-10T19:36:05.135117+00:00</begin>
                <end>2025-10-10T20:21:06.135117+00:00</end>
              </TimeSpan>
              <MultiGeometry>
                <Polygon>
                  <altitudeMode>absolute</altitudeMode>
                  <outerBoundaryIs>
                    <LinearRing>
                      <coordinates>-96.75890000000001,32.71785,119.24797214313818 -96.75890000000001,32.7186,119.24797214313818 -96.7585,32.7186,119.24797214313818 -96.7585,32.71785,119.24797214313818</coordinates>
                    </LinearRing>
                  </outerBoundaryIs>
                </Polygon>
                <Polygon>
                  <altitudeMode>absolute</altitudeMode>
                  <outerBoundaryIs>
                    <LinearRing>
                      <coordinates>-96.75890000000001,32.71785,148.31797214313818 -96.75890000000001,32.7186,148.31797214313818 -96.7585,32.7186,148.31797214313818 -96.7585,32.71785,148.31797214313818</coordinates>
                    </LinearRing>
                  </outerBoundaryIs>
                </Polygon>
                <Polygon>
                  <altitudeMode>absolute</altitudeMode>
                  <outerBoundaryIs>
                    <LinearRing>
                      <coordinates>-96.75890000000001,32.71785,119.24797214313818 -96.75890000000001,32.71785,148.31797214313818 -96.75890000000001,32.7186,148.31797214313818 -96.75890000000001,32.7186,119.24797214313818</coordinates>
                    </LinearRing>
                  </outerBoundaryIs>
                </Polygon>
                <Polygon>
                  <altitudeMode>absolute</altitudeMode>
                  <outerBoundaryIs>
                    <LinearRing>
                      <coordinates>-96.75890000000001,32.7186,119.24797214313818 -96.75890000000001,32.7186,148.31797214313818 -96.7585,32.7186,148.31797214313818 -96.7585,32.7186,119.24797214313818</coordinates>
                    </LinearRing>
                  </outerBoundaryIs>
                </Polygon>
                <Polygon>
                  <altitudeMode>absolute</altitudeMode>
                  <outerBoundaryIs>
                    <LinearRing>
                      <coordinates>-96.7585,32.7186,119.24797214313818 -96.7585,32.7186,148.31797214313818 -96.7585,32.71785,148.31797214313818 -96.7585,32.71785,119.24797214313818</coordinates>
                    </LinearRing>
                  </outerBoundaryIs>
                </Polygon>
                <Polygon>
                  <altitudeMode>absolute</altitudeMode>
                  <outerBoundaryIs>
                    <LinearRing>
                      <coordinates>-96.7585,32.71785,119.24797214313818 -96.7585,32.71785,148.31797214313818 -96.75890000000001,32.71785,148.31797214313818 -96.75890000000001,32.71785,119.24797214313818</coordinates>
                    </LinearRing>
                  </outerBoundaryIs>
                </Polygon>
              </MultiGeometry>
            </Placemark>
          </Folder>
          <Folder>
            <name>E12: uss2_core astm.f3548.v21.uss.getOperationalIntentDetails</name>
            <Folder>
              <name>uss2's P100 Accepted ac6af0ce-7419-4ee4-9d5c-86f4fb1c4b23[1] @ 9VN4RVKlJWyw6V.jmTB.fW6FXSSjtG6XBZKX7p4lpFg_</name>
              <Placemark>
                <name>Nominal volume 0</name>
                <styleUrl>#F3548v21Accepted</styleUrl>
                <TimeSpan>
                  <begin>2025-10-10T19:36:05.135117+00:00</begin>
                  <end>2025-10-10T20:21:06.135117+00:00</end>
                </TimeSpan>
                <MultiGeometry>
                  <Polygon>
                    <altitudeMode>absolute</altitudeMode>
                    <outerBoundaryIs>
                      <LinearRing>
                        <coordinates>-96.75890000000001,32.7183,119.24795468550222 -96.7587,32.71785,119.24795468550222 -96.7585,32.71825,119.24795468550222 -96.7587,32.7186,119.24795468550222</coordinates>
                      </LinearRing>
                    </outerBoundaryIs>
                  </Polygon>
                  <Polygon>
                    <altitudeMode>absolute</altitudeMode>
                    <outerBoundaryIs>
                      <LinearRing>
                        <coordinates>-96.75890000000001,32.7183,148.31795468550223 -96.7587,32.71785,148.31795468550223 -96.7585,32.71825,148.31795468550223 -96.7587,32.7186,148.31795468550223</coordinates>
                      </LinearRing>
                    </outerBoundaryIs>
                  </Polygon>
                  <Polygon>
                    <altitudeMode>absolute</altitudeMode>
                    <outerBoundaryIs>
                      <LinearRing>
                        <coordinates>-96.75890000000001,32.7183,119.24795468550222 -96.75890000000001,32.7183,148.31795468550223 -96.7587,32.71785,148.31795468550223 -96.7587,32.71785,119.24795468550222</coordinates>
                      </LinearRing>
                    </outerBoundaryIs>
                  </Polygon>
                  <Polygon>
                    <altitudeMode>absolute</altitudeMode>
                    <outerBoundaryIs>
                      <LinearRing>
                        <coordinates>-96.7587,32.71785,119.24795468550222 -96.7587,32.71785,148.31795468550223 -96.7585,32.71825,148.31795468550223 -96.7585,32.71825,119.24795468550222</coordinates>
                      </LinearRing>
                    </outerBoundaryIs>
                  </Polygon>
                  <Polygon>
                    <altitudeMode>absolute</altitudeMode>
                    <outerBoundaryIs>
                      <LinearRing>
                        <coordinates>-96.7585,32.71825,119.24795468550222 -96.7585,32.71825,148.31795468550223 -96.7587,32.7186,148.31795468550223 -96.7587,32.7186,119.24795468550222</coordinates>
                      </LinearRing>
                    </outerBoundaryIs>
                  </Polygon>
                  <Polygon>
                    <altitudeMode>absolute</altitudeMode>
                    <outerBoundaryIs>
                      <LinearRing>
                        <coordinates>-96.7587,32.7186,119.24795468550222 -96.7587,32.7186,148.31795468550223 -96.75890000000001,32.7183,148.31795468550223 -96.75890000000001,32.7183,119.24795468550222</coordinates>
                      </LinearRing>
                    </outerBoundaryIs>
                  </Polygon>
                </MultiGeometry>
              </Placemark>
            </Folder>
          </Folder>
        </Folder>
        <Folder>
          <name>Attempt to plan Flight 1</name>
          <Folder>
            <name>E18: uss1_dss astm.f3548.v21.dss.queryOperationalIntentReferences</name>
            <Placemark>
              <name>area_of_interest</name>
              <styleUrl>#QueryArea</styleUrl>
              <description><![CDATA[<ul><li>uss2's Accepted ac6af0ce-7419-4ee4-9d5c-86f4fb1c4b23[1]</li></ul>]]></description>
              <TimeSpan>
                <begin>2025-10-10T19:36:05.207074+00:00</begin>
                <end>2025-10-10T20:21:06.207074+00:00</end>
              </TimeSpan>
              <MultiGeometry>
                <Polygon>
                  <altitudeMode>absolute</altitudeMode>
                  <outerBoundaryIs>
                    <LinearRing>
                      <coordinates>-96.75885000000001,32.71785,120.32754426941844 -96.75885000000001,32.7182,120.32754426941844 -96.75815,32.7182,120.32754426941844 -96.75815,32.71785,120.32754426941844</coordinates>
                    </LinearRing>
                  </outerBoundaryIs>
                </Polygon>
                <Polygon>
                  <altitudeMode>absolute</altitudeMode>
                  <outerBoundaryIs>
                    <LinearRing>
                      <coordinates>-96.75885000000001,32.71785,150.31754426941842 -96.75885000000001,32.7182,150.31754426941842 -96.75815,32.7182,150.31754426941842 -96.75815,32.71785,150.31754426941842</coordinates>
                    </LinearRing>
                  </outerBoundaryIs>
                </Polygon>
                <Polygon>
                  <altitudeMode>absolute</altitudeMode>
                  <outerBoundaryIs>
                    <LinearRing>
                      <coordinates>-96.75885000000001,32.71785,120.32754426941844 -96.75885000000001,32.71785,150.31754426941842 -96.75885000000001,32.7182,150.31754426941842 -96.75885000000001,32.7182,120.32754426941844</coordinates>
                    </LinearRing>
                  </outerBoundaryIs>
                </Polygon>
                <Polygon>
                  <altitudeMode>absolute</altitudeMode>
                  <outerBoundaryIs>
                    <LinearRing>
                      <coordinates>-96.75885000000001,32.7182,120.32754426941844 -96.75885000000001,32.7182,150.31754426941842 -96.75815,32.7182,150.31754426941842 -96.75815,32.7182,120.32754426941844</coordinates>
                    </LinearRing>
                  </outerBoundaryIs>
                </Polygon>
                <Polygon>
                  <altitudeMode>absolute</altitudeMode>
                  <outerBoundaryIs>
                    <LinearRing>
                      <coordinates>-96.75815,32.7182,120.32754426941844 -96.75815,32.7182,150.31754426941842 -96.75815,32.71785,150.31754426941842 -96.75815,32.71785,120.32754426941844</coordinates>
                    </LinearRing>
                  </outerBoundaryIs>
                </Polygon>
                <Polygon>
                  <altitudeMode>absolute</altitudeMode>
                  <outerBoundaryIs>
                    <LinearRing>
                      <coordinates>-96.75815,32.71785,120.32754426941844 -96.75815,32.71785,150.31754426941842 -96.75885000000001,32.71785,150.31754426941842 -96.75885000000001,32.71785,120.32754426941844</coordinates>
                    </LinearRing>
                  </outerBoundaryIs>
                </Polygon>
              </MultiGeometry>
            </Placemark>
          </Folder>
          <Folder>
            <name>E20: uss1_core interuss.automated_testing.flight_planning.v1.UpsertFlightPlan</name>
            <Folder>
              <name>Activity Rejected, flight NotPlanned</name>
              <Placemark>
                <name>Volume 0</name>
                <styleUrl>#Planned_Nominal</styleUrl>
                <TimeSpan>
                  <begin>2025-10-10T19:36:05.207074+00:00</begin>
                  <end>2025-10-10T20:21:06.207074+00:00</end>
                </TimeSpan>
                <MultiGeometry>
                  <Polygon>
                    <altitudeMode>absolute</altitudeMode>
                    <outerBoundaryIs>
                      <LinearRing>
                        <coordinates>-96.75885000000001,32.7179,120.3275710140941 -96.75885000000001,32.7182,120.3275710140941 -96.7582,32.7182,120.3275710140941 -96.75815,32.71785,120.3275710140941</coordinates>
                      </LinearRing>
                    </outerBoundaryIs>
                  </Polygon>
                  <Polygon>
                    <altitudeMode>absolute</altitudeMode>
                    <outerBoundaryIs>
                      <LinearRing>
                        <coordinates>-96.75885000000001,32.7179,150.31757101409409 -96.75885000000001,32.7182,150.31757101409409 -96.7582,32.7182,150.31757101409409 -96.75815,32.71785,150.31757101409409</coordinates>
                      </LinearRing>
                    </outerBoundaryIs>
                  </Polygon>
                  <Polygon>
                    <altitudeMode>absolute</altitudeMode>
                    <outerBoundaryIs>
                      <LinearRing>
                        <coordinates>-96.75885000000001,32.7179,120.3275710140941 -96.75885000000001,32.7179,150.31757101409409 -96.75885000000001,32.7182,150.31757101409409 -96.75885000000001,32.7182,120.3275710140941</coordinates>
                      </LinearRing>
                    </outerBoundaryIs>
                  </Polygon>
                  <Polygon>
                    <altitudeMode>absolute</altitudeMode>
                    <outerBoundaryIs>
                      <LinearRing>
                        <coordinates>-96.75885000000001,32.7182,120.3275710140941 -96.75885000000001,32.7182,150.31757101409409 -96.7582,32.7182,150.31757101409409 -96.7582,32.7182,120.3275710140941</coordinates>
                      </LinearRing>
                    </outerBoundaryIs>
                  </Polygon>
                  <Polygon>
                    <altitudeMode>absolute</altitudeMode>
                    <outerBoundaryIs>
                      <LinearRing>
                        <coordinates>-96.7582,32.7182,120.3275710140941 -96.7582,32.7182,150.31757101409409 -96.75815,32.71785,150.31757101409409 -96.75815,32.71785,120.3275710140941</coordinates>
                      </LinearRing>
                    </outerBoundaryIs>
                  </Polygon>
                  <Polygon>
                    <altitudeMode>absolute</altitudeMode>
                    <outerBoundaryIs>
                      <LinearRing>
                        <coordinates>-96.75815,32.71785,120.3275710140941 -96.75815,32.71785,150.31757101409409 -96.75885000000001,32.7179,150.31757101409409 -96.75885000000001,32.7179,120.3275710140941</coordinates>
                      </LinearRing>
                    </outerBoundaryIs>
                  </Polygon>
                </MultiGeometry>
              </Placemark>
            </Folder>
          </Folder>
          <Folder>
            <name>E23: uss1_dss astm.f3548.v21.dss.queryOperationalIntentReferences</name>
            <Placemark>
              <name>area_of_interest</name>
              <styleUrl>#QueryArea</styleUrl>
              <description><![CDATA[<ul><li>uss2's Accepted ac6af0ce-7419-4ee4-9d5c-86f4fb1c4b23[1]</li></ul>]]></description>
              <TimeSpan>
                <begin>2025-10-10T19:36:05.207074+00:00</begin>
                <end>2025-10-10T20:21:06.207074+00:00</end>
              </TimeSpan>
              <MultiGeometry>
                <Polygon>
                  <altitudeMode>absolute</altitudeMode>
                  <outerBoundaryIs>
                    <LinearRing>
                      <coordinates>-96.75885000000001,32.71785,120.32754426941844 -96.75885000000001,32.7182,120.32754426941844 -96.75815,32.7182,120.32754426941844 -96.75815,32.71785,120.32754426941844</coordinates>
                    </LinearRing>
                  </outerBoundaryIs>
                </Polygon>
                <Polygon>
                  <altitudeMode>absolute</altitudeMode>
                  <outerBoundaryIs>
                    <LinearRing>
                      <coordinates>-96.75885000000001,32.71785,150.31754426941842 -96.75885000000001,32.7182,150.31754426941842 -96.75815,32.7182,150.31754426941842 -96.75815,32.71785,150.31754426941842</coordinates>
                    </LinearRing>
                  </outerBoundaryIs>
                </Polygon>
                <Polygon>
                  <altitudeMode>absolute</altitudeMode>
                  <outerBoundaryIs>
                    <LinearRing>
                      <coordinates>-96.75885000000001,32.71785,120.32754426941844 -96.75885000000001,32.71785,150.31754426941842 -96.75885000000001,32.7182,150.31754426941842 -96.75885000000001,32.7182,120.32754426941844</coordinates>
                    </LinearRing>
                  </outerBoundaryIs>
                </Polygon>
                <Polygon>
                  <altitudeMode>absolute</altitudeMode>
                  <outerBoundaryIs>
                    <LinearRing>
                      <coordinates>-96.75885000000001,32.7182,120.32754426941844 -96.75885000000001,32.7182,150.31754426941842 -96.75815,32.7182,150.31754426941842 -96.75815,32.7182,120.32754426941844</coordinates>
                    </LinearRing>
                  </outerBoundaryIs>
                </Polygon>
                <Polygon>
                  <altitudeMode>absolute</altitudeMode>
                  <outerBoundaryIs>
                    <LinearRing>
                      <coordinates>-96.75815,32.7182,120.32754426941844 -96.75815,32.7182,150.31754426941842 -96.75815,32.71785,150.31754426941842 -96.75815,32.71785,120.32754426941844</coordinates>
                    </LinearRing>
                  </outerBoundaryIs>
                </Polygon>
                <Polygon>
                  <altitudeMode>absolute</altitudeMode>
                  <outerBoundaryIs>
                    <LinearRing>
                      <coordinates>-96.75815,32.71785,120.32754426941844 -96.75815,32.71785,150.31754426941842 -96.75885000000001,32.71785,150.31754426941842 -96.75885000000001,32.71785,120.32754426941844</coordinates>
                    </LinearRing>
                  </outerBoundaryIs>
                </Polygon>
              </MultiGeometry>
            </Placemark>
          </Folder>
        </Folder>
        <Folder>
          <name>Delete Flight 2</name>
        </Folder>
      </Folder>
      <Folder>
        <name>Attempt to modify planned flight in conflict</name>
        <Folder>
          <name>Plan Flight 1</name>
          <Folder>
            <name>E28: uss1_dss astm.f3548.v21.dss.queryOperationalIntentReferences</name>
            <Placemark>
              <name>area_of_interest</name>
              <styleUrl>#QueryArea</styleUrl>
              <description><![CDATA[(no operational intent references found)]]></description>
              <TimeSpan>
                <begin>2025-10-10T19:36:05.282942+00:00</begin>
                <end>2025-10-10T20:21:06.282942+00:00</end>
              </TimeSpan>
              <MultiGeometry>
                <Polygon>
                  <altitudeMode>absolute</altitudeMode>
                  <outerBoundaryIs>
                    <LinearRing>
                      <coordinates>-96.75885000000001,32.71785,120.32754426941844 -96.75885000000001,32.7182,120.32754426941844 -96.75815,32.7182,120.32754426941844 -96.75815,32.71785,120.32754426941844</coordinates>
                    </LinearRing>
                  </outerBoundaryIs>
                </Polygon>
                <Polygon>
                  <altitudeMode>absolute</altitudeMode>
                  <outerBoundaryIs>
                    <LinearRing>
                      <coordinates>-96.75885000000001,32.71785,150.31754426941842 -96.75885000000001,32.7182,150.31754426941842 -96.75815,32.7182,150.31754426941842 -96.75815,32.71785,150.31754426941842</coordinates>
                    </LinearRing>
                  </outerBoundaryIs>
                </Polygon>
                <Polygon>
                  <altitudeMode>absolute</altitudeMode>
                  <outerBoundaryIs>
                    <LinearRing>
                      <coordinates>-96.75885000000001,32.71785,120.32754426941844 -96.75885000000001,32.71785,150.31754426941842 -96.75885000000001,32.7182,150.31754426941842 -96.75885000000001,32.7182,120.32754426941844</coordinates>
                    </LinearRing>
                  </outerBoundaryIs>
                </Polygon>
                <Polygon>
                  <altitudeMode>absolute</altitudeMode>
                  <outerBoundaryIs>
                    <LinearRing>
                      <coordinates>-96.75885000000001,32.7182,120.32754426941844 -96.75885000000001,32.7182,150.31754426941842 -96.75815,32.7182,150.31754426941842 -96.75815,32.7182,120.32754426941844</coordinates>
                    </LinearRing>
                  </outerBoundaryIs>
                </Polygon>
                <Polygon>
                  <altitudeMode>absolute</altitudeMode>
                  <outerBoundaryIs>
                    <LinearRing>
                      <coordinates>-96.75815,32.7182,120.32754426941844 -96.75815,32.7182,150.31754426941842 -96.75815,32.71785,150.31754426941842 -96.75815,32.71785,120.32754426941844</coordinates>
                    </LinearRing>
                  </outerBoundaryIs>
                </Polygon>
                <Polygon>
                  <altitudeMode>absolute</altitudeMode>
                  <outerBoundaryIs>
                    <LinearRing>
                      <coordinates>-96.75815,32.71785,120.32754426941844 -96.75815,32.71785,150.31754426941842 -96.75885000000001,32.71785,150.31754426941842 -96.75885000000001,32.71785,120.32754426941844</coordinates>
                    </LinearRing>
                  </outerBoundaryIs>
                </Polygon>
              </MultiGeometry>
            </Placemark>
          </Folder>
          <Folder>
            <name>E30: uss1_core interuss.automated_testing.flight_planning.v1.UpsertFlightPlan</name>
            <Folder>
              <name>Activity Completed, flight Planned</name>
              <Placemark>
                <name>Volume 0</name>
                <styleUrl>#Planned_Nominal</styleUrl>
                <TimeSpan>
                  <begin>2025-10-10T19:36:05.282942+00:00</begin>
                  <end>2025-10-10T20:21:06.282942+00:00</end>
                </TimeSpan>
                <MultiGeometry>
                  <Polygon>
                    <altitudeMode>absolute</altitudeMode>
                    <outerBoundaryIs>
                      <LinearRing>
                        <coordinates>-96.75885000000001,32.7179,120.3275710140941 -96.75885000000001,32.7182,120.3275710140941 -96.7582,32.7182,120.3275710140941 -96.75815,32.71785,120.3275710140941</coordinates>
                      </LinearRing>
                    </outerBoundaryIs>
                  </Polygon>
                  <Polygon>
                    <altitudeMode>absolute</altitudeMode>
                    <outerBoundaryIs>
                      <LinearRing>
                        <coordinates>-96.75885000000001,32.7179,150.31757101409409 -96.75885000000001,32.7182,150.31757101409409 -96.7582,32.7182,150.31757101409409 -96.75815,32.71785,150.31757101409409</coordinates>
                      </LinearRing>
                    </outerBoundaryIs>
                  </Polygon>
                  <Polygon>
                    <altitudeMode>absolute</altitudeMode>
                    <outerBoundaryIs>
                      <LinearRing>
                        <coordinates>-96.75885000000001,32.7179,120.3275710140941 -96.75885000000001,32.7179,150.31757101409409 -96.75885000000001,32.7182,150.31757101409409 -96.75885000000001,32.7182,120.3275710140941</coordinates>
                      </LinearRing>
                    </outerBoundaryIs>
                  </Polygon>
                  <Polygon>
                    <altitudeMode>absolute</altitudeMode>
                    <outerBoundaryIs>
                      <LinearRing>
                        <coordinates>-96.75885000000001,32.7182,120.3275710140941 -96.75885000000001,32.7182,150.31757101409409 -96.7582,32.7182,150.31757101409409 -96.7582,32.7182,120.3275710140941</coordinates>
                      </LinearRing>
                    </outerBoundaryIs>
                  </Polygon>
                  <Polygon>
                    <altitudeMode>absolute</altitudeMode>
                    <outerBoundaryIs>
                      <LinearRing>
                        <coordinates>-96.7582,32.7182,120.3275710140941 -96.7582,32.7182,150.31757101409409 -96.75815,32.71785,150.31757101409409 -96.75815,32.71785,120.3275710140941</coordinates>
                      </LinearRing>
                    </outerBoundaryIs>
                  </Polygon>
                  <Polygon>
                    <altitudeMode>absolute</altitudeMode>
                    <outerBoundaryIs>
                      <LinearRing>
                        <coordinates>-96.75815,32.71785,120.3275710140941 -96.75815,32.71785,150.31757101409409 -96.75885000000001,32.7179,150.31757101409409 -96.75885000000001,32.7179,120.3275710140941</coordinates>
                      </LinearRing>
                    </outerBoundaryIs>
                  </Polygon>
                </MultiGeometry>
              </Placemark>
            </Folder>
          </Folder>
          <Folder>
            <name>E33: uss1_dss astm.f3548.v21.dss.queryOperationalIntentReferences</name>
            <Placemark>
              <name>area_of_interest</name>
              <styleUrl>#QueryArea</styleUrl>
              <description><![CDATA[<ul><li>uss1's Accepted 2bcee139-d878-4d73-b5cc-ac8cdab91c17[1]</li></ul>]]></description>
              <TimeSpan>
                <begin>2025-10-10T19:36:05.282942+00:00</begin>
                <end>2025-10-10T20:21:06.282942+00:00</end>
              </TimeSpan>
              <MultiGeometry>
                <Polygon>
                  <altitudeMode>absolute</altitudeMode>
                  <outerBoundaryIs>
                    <LinearRing>
                      <coordinates>-96.75885000000001,32.71785,120.32754426941844 -96.75885000000001,32.7182,120.32754426941844 -96.75815,32.7182,120.32754426941844 -96.75815,32.71785,120.32754426941844</coordinates>
                    </LinearRing>
                  </outerBoundaryIs>
                </Polygon>
                <Polygon>
                  <altitudeMode>absolute</altitudeMode>
                  <outerBoundaryIs>
                    <LinearRing>
                      <coordinates>-96.75885000000001,32.71785,150.31754426941842 -96.75885000000001,32.7182,150.31754426941842 -96.75815,32.7182,150.31754426941842 -96.75815,32.71785,150.31754426941842</coordinates>
                    </LinearRing>
                  </outerBoundaryIs>
                </Polygon>
                <Polygon>
                  <altitudeMode>absolute</altitudeMode>
                  <outerBoundaryIs>
                    <LinearRing>
                      <coordinates>-96.75885000000001,32.71785,120.32754426941844 -96.75885000000001,32.71785,150.31754426941842 -96.75885000000001,32.7182,150.31754426941842 -96.75885000000001,32.7182,120.32754426941844</coordinates>
                    </LinearRing>
                  </outerBoundaryIs>
                </Polygon>
                <Polygon>
                  <altitudeMode>absolute</altitudeMode>
                  <outerBoundaryIs>
                    <LinearRing>
                      <coordinates>-96.75885000000001,32.7182,120.32754426941844 -96.75885000000001,32.7182,150.31754426941842 -96.75815,32.7182,150.31754426941842 -96.75815,32.7182,120.32754426941844</coordinates>
                    </LinearRing>
                  </outerBoundaryIs>
                </Polygon>
                <Polygon>
                  <altitudeMode>absolute</altitudeMode>
                  <outerBoundaryIs>
                    <LinearRing>
                      <coordinates>-96.75815,32.7182,120.32754426941844 -96.75815,32.7182,150.31754426941842 -96.75815,32.71785,150.31754426941842 -96.75815,32.71785,120.32754426941844</coordinates>
                    </LinearRing>
                  </outerBoundaryIs>
                </Polygon>
                <Polygon>
                  <altitudeMode>absolute</altitudeMode>
                  <outerBoundaryIs>
                    <LinearRing>
                      <coordinates>-96.75815,32.71785,120.32754426941844 -96.75815,32.71785,150.31754426941842 -96.75885000000001,32.71785,150.31754426941842 -96.75885000000001,32.71785,120.32754426941844</coordinates>
                    </LinearRing>
                  </outerBoundaryIs>
                </Polygon>
              </MultiGeometry>
            </Placemark>
          </Folder>
          <Folder>
            <name>E37: uss1_core astm.f3548.v21.uss.getOperationalIntentDetails</name>
            <Folder>
              <name>uss1's P0 Accepted 2bcee139-d878-4d73-b5cc-ac8cdab91c17[1] @ tLaqCr5iWXu2rfnc8pTCX8Vx0iMkngMScjBo57Eenbo_</name>
              <Placemark>
                <name>Nominal volume 0</name>
                <styleUrl>#F3548v21Accepted</styleUrl>
                <TimeSpan>
                  <begin>2025-10-10T19:36:05.282942+00:00</begin>
                  <end>2025-10-10T20:21:06.282942+00:00</end>
                </TimeSpan>
                <MultiGeometry>
                  <Polygon>
                    <altitudeMode>absolute</altitudeMode>
                    <outerBoundaryIs>
                      <LinearRing>
                        <coordinates>-96.75885000000001,32.7179,120.3275710140941 -96.75885000000001,32.7182,120.3275710140941 -96.7582,32.7182,120.3275710140941 -96.75815,32.71785,120.3275710140941</coordinates>
                      </LinearRing>
                    </outerBoundaryIs>
                  </Polygon>
                  <Polygon>
                    <altitudeMode>absolute</altitudeMode>
                    <outerBoundaryIs>
                      <LinearRing>
                        <coordinates>-96.75885000000001,32.7179,150.31757101409409 -96.75885000000001,32.7182,150.31757101409409 -96.7582,32.7182,150.31757101409409 -96.75815,32.71785,150.31757101409409</coordinates>
                      </LinearRing>
                    </outerBoundaryIs>
                  </Polygon>
                  <Polygon>
                    <altitudeMode>absolute</altitudeMode>
                    <outerBoundaryIs>
                      <LinearRing>
                        <coordinates>-96.75885000000001,32.7179,120.3275710140941 -96.75885000000001,32.7179,150.31757101409409 -96.75885000000001,32.7182,150.31757101409409 -96.75885000000001,32.7182,120.3275710140941</coordinates>
                      </LinearRing>
                    </outerBoundaryIs>
                  </Polygon>
                  <Polygon>
                    <altitudeMode>absolute</altitudeMode>
                    <outerBoundaryIs>
                      <LinearRing>
                        <coordinates>-96.75885000000001,32.7182,120.3275710140941 -96.75885000000001,32.7182,150.31757101409409 -96.7582,32.7182,150.31757101409409 -96.7582,32.7182,120.3275710140941</coordinates>
                      </LinearRing>
                    </outerBoundaryIs>
                  </Polygon>
                  <Polygon>
                    <altitudeMode>absolute</altitudeMode>
                    <outerBoundaryIs>
                      <LinearRing>
                        <coordinates>-96.7582,32.7182,120.3275710140941 -96.7582,32.7182,150.31757101409409 -96.75815,32.71785,150.31757101409409 -96.75815,32.71785,120.3275710140941</coordinates>
                      </LinearRing>
                    </outerBoundaryIs>
                  </Polygon>
                  <Polygon>
                    <altitudeMode>absolute</altitudeMode>
                    <outerBoundaryIs>
                      <LinearRing>
                        <coordinates>-96.75815,32.71785,120.3275710140941 -96.75815,32.71785,150.31757101409409 -96.75885000000001,32.7179,150.31757101409409 -96.75885000000001,32.7179,120.3275710140941</coordinates>
                      </LinearRing>
                    </outerBoundaryIs>
                  </Polygon>
                </MultiGeometry>
              </Placemark>
            </Folder>
          </Folder>
        </Folder>
        <Folder>
          <name>Plan Flight 2</name>
          <Folder>
            <name>E47: uss1_dss astm.f3548.v21.dss.queryOperationalIntentReferences</name>
            <Placemark>
              <name>area_of_interest</name>
              <styleUrl>#QueryArea</styleUrl>
              <description><![CDATA[<ul><li>uss1's Accepted 2bcee139-d878-4d73-b5cc-ac8cdab91c17[1]</li></ul>]]></description>
              <TimeSpan>
                <begin>2025-10-10T19:36:05.385029+00:00</begin>
                <end>2025-10-10T20:21:06.385029+00:00</end>
              </TimeSpan>
              <MultiGeometry>
                <Polygon>
                  <altitudeMode>absolute</altitudeMode>
                  <outerBoundaryIs>
                    <LinearRing>
                      <coordinates>-96.75890000000001,32.71785,119.24797214313818 -96.75890000000001,32.7186,119.24797214313818 -96.7585,32.7186,119.24797214313818 -96.7585,32.71785,119.24797214313818</coordinates>
                    </LinearRing>
                  </outerBoundaryIs>
                </Polygon>
                <Polygon>
                  <altitudeMode>absolute</altitudeMode>
                  <outerBoundaryIs>
                    <LinearRing>
                      <coordinates>-96.75890000000001,32.71785,148.31797214313818 -96.75890000000001,32.7186,148.31797214313818 -96.7585,32.7186,148.31797214313818 -96.7585,32.71785,148.31797214313818</coordinates>
                    </LinearRing>
                  </outerBoundaryIs>
                </Polygon>
                <Polygon>
                  <altitudeMode>absolute</altitudeMode>
                  <outerBoundaryIs>
                    <LinearRing>
                      <coordinates>-96.75890000000001,32.71785,119.24797214313818 -96.75890000000001,32.71785,148.31797214313818 -96.75890000000001,32.7186,148.31797214313818 -96.75890000000001,32.7186,119.24797214313818</coordinates>
                    </LinearRing>
                  </outerBoundaryIs>
                </Polygon>
                <Polygon>
                  <altitudeMode>absolute</altitudeMode>
                  <outerBoundaryIs>
                    <LinearRing>
                      <coordinates>-96.75890000000001,32.7186,119.24797214313818 -96.75890000000001,32.7186,148.31797214313818 -96.7585,32.7186,148.31797214313818 -96.7585,32.7186,119.24797214313818</coordinates>
                    </LinearRing>
                  </outerBoundaryIs>
                </Polygon>
                <Polygon>
                  <altitudeMode>absolute</altitudeMode>
                  <outerBoundaryIs>
                    <LinearRing>
                      <coordinates>-96.7585,32.7186,119.24797214313818 -96.7585,32.7186,148.31797214313818 -96.7585,32.71785,148.31797214313818 -96.7585,32.71785,119.24797214313818</coordinates>
                    </LinearRing>
                  </outerBoundaryIs>
                </Polygon>
                <Polygon>
                  <altitudeMode>absolute</altitudeMode>
                  <outerBoundaryIs>
                    <LinearRing>
                      <coordinates>-96.7585,32.71785,119.24797214313818 -96.7585,32.71785,148.31797214313818 -96.75890000000001,32.71785,148.31797214313818 -96.75890000000001,32.71785,119.24797214313818</coordinates>
                    </LinearRing>
                  </outerBoundaryIs>
                </Polygon>
              </MultiGeometry>
            </Placemark>
          </Folder>
          <Folder>
            <name>E49: uss2_core interuss.automated_testing.flight_planning.v1.UpsertFlightPlan</name>
            <Folder>
              <name>Activity Completed, flight Planned</name>
              <Placemark>
                <name>Volume 0</name>
                <styleUrl>#Planned_Nominal</styleUrl>
                <TimeSpan>
                  <begin>2025-10-10T19:36:05.385029+00:00</begin>
                  <end>2025-10-10T20:21:06.385029+00:00</end>
                </TimeSpan>
                <MultiGeometry>
                  <Polygon>
                    <altitudeMode>absolute</altitudeMode>
                    <outerBoundaryIs>
                      <LinearRing>
                        <coordinates>-96.75890000000001,32.7183,119.24795468550222 -96.7587,32.71785,119.24795468550222 -96.7585,32.71825,119.24795468550222 -96.7587,32.7186,119.24795468550222</coordinates>
                      </LinearRing>
                    </outerBoundaryIs>
                  </Polygon>
                  <Polygon>
                    <altitudeMode>absolute</altitudeMode>
                    <outerBoundaryIs>
                      <LinearRing>
                        <coordinates>-96.75890000000001,32.7183,148.31795468550223 -96.7587,32.71785,148.31795468550223 -96.7585,32.71825,148.31795468550223 -96.7587,32.7186,148.31795468550223</coordinates>
                      </LinearRing>
                    </outerBoundaryIs>
                  </Polygon>
                  <Polygon>
                    <altitudeMode>absolute</altitudeMode>
                    <outerBoundaryIs>
                      <LinearRing>
                        <coordinates>-96.75890000000001,32.7183,119.24795468550222 -96.75890000000001,32.7183,148.31795468550223 -96.7587,32.71785,148.31795468550223 -96.7587,32.71785,119.24795468550222</coordinates>
                      </LinearRing>
                    </outerBoundaryIs>
                  </Polygon>
                  <Polygon>
                    <altitudeMode>absolute</altitudeMode>
                    <outerBoundaryIs>
                      <LinearRing>
                        <coordinates>-96.7587,32.71785,119.24795468550222 -96.7587,32.71785,148.31795468550223 -96.7585,32.71825,148.31795468550223 -96.7585,32.71825,119.24795468550222</coordinates>
                      </LinearRing>
                    </outerBoundaryIs>
                  </Polygon>
                  <Polygon>
                    <altitudeMode>absolute</altitudeMode>
                    <outerBoundaryIs>
                      <LinearRing>
                        <coordinates>-96.7585,32.71825,119.24795468550222 -96.7585,32.71825,148.31795468550223 -96.7587,32.7186,148.31795468550223 -96.7587,32.7186,119.24795468550222</coordinates>
                      </LinearRing>
                    </outerBoundaryIs>
                  </Polygon>
                  <Polygon>
                    <altitudeMode>absolute</altitudeMode>
                    <outerBoundaryIs>
                      <LinearRing>
                        <coordinates>-96.7587,32.7186,119.24795468550222 -96.7587,32.7186,148.31795468550223 -96.75890000000001,32.7183,148.31795468550223 -96.75890000000001,32.7183,119.24795468550222</coordinates>
                      </LinearRing>
                    </outerBoundaryIs>
                  </Polygon>
                </MultiGeometry>
              </Placemark>
            </Folder>
          </Folder>
          <Folder>
            <name>E52: uss1_dss astm.f3548.v21.dss.queryOperationalIntentReferences</name>
            <Placemark>
              <name>area_of_interest</name>
              <styleUrl>#QueryArea</styleUrl>
              <description><![CDATA[<ul><li>uss1's Accepted 2bcee139-d878-4d73-b5cc-ac8cdab91c17[1]</li><li>uss2's Accepted e2786604-6d8c-48d3-a312-0059fc7676c7[1]</li></ul>]]></description>
              <TimeSpan>
                <begin>2025-10-10T19:36:05.385029+00:00</begin>
                <end>2025-10-10T20:21:06.385029+00:00</end>
              </TimeSpan>
              <MultiGeometry>
                <Polygon>
                  <altitudeMode>absolute</altitudeMode>
                  <outerBoundaryIs>
                    <LinearRing>
                      <coordinates>-96.75890000000001,32.71785,119.24797214313818 -96.75890000000001,32.7186,119.24797214313818 -96.7585,32.7186,119.24797214313818 -96.7585,32.71785,119.24797214313818</coordinates>
                    </LinearRing>
                  </outerBoundaryIs>
                </Polygon>
                <Polygon>
                  <altitudeMode>absolute</altitudeMode>
                  <outerBoundaryIs>
                    <LinearRing>
                      <coordinates>-96.75890000000001,32.71785,148.31797214313818 -96.75890000000001,32.7186,148.31797214313818 -96.7585,32.7186,148.31797214313818 -96.7585,32.71785,148.31797214313818</coordinates>
                    </LinearRing>
                  </outerBoundaryIs>
                </Polygon>
                <Polygon>
                  <altitudeMode>absolute</altitudeMode>
                  <outerBoundaryIs>
                    <LinearRing>
                      <coordinates>-96.75890000000001,32.71785,119.24797214313818 -96.75890000000001,32.71785,148.31797214313818 -96.75890000000001,32.7186,148.31797214313818 -96.75890000000001,32.7186,119.24797214313818</coordinates>
                    </LinearRing>
                  </outerBoundaryIs>
                </Polygon>
                <Polygon>
                  <altitudeMode>absolute</altitudeMode>
                  <outerBoundaryIs>
                    <LinearRing>
                      <coordinates>-96.75890000000001,32.7186,119.24797214313818 -96.75890000000001,32.7186,148.31797214313818 -96.7585,32.7186,148.31797214313818 -96.7585,32.7186,119.24797214313818</coordinates>
                    </LinearRing>
                  </outerBoundaryIs>
                </Polygon>
                <Polygon>
                  <altitudeMode>absolute</altitudeMode>
                  <outerBoundaryIs>
                    <LinearRing>
                      <coordinates>-96.7585,32.7186,119.24797214313818 -96.7585,32.7186,148.31797214313818 -96.7585,32.71785,148.31797214313818 -96.7585,32.71785,119.24797214313818</coordinates>
                    </LinearRing>
                  </outerBoundaryIs>
                </Polygon>
                <Polygon>
                  <altitudeMode>absolute</altitudeMode>
                  <outerBoundaryIs>
                    <LinearRing>
                      <coordinates>-96.7585,32.71785,119.24797214313818 -96.7585,32.71785,148.31797214313818 -96.75890000000001,32.71785,148.31797214313818 -96.75890000000001,32.71785,119.24797214313818</coordinates>
                    </LinearRing>
                  </outerBoundaryIs>
                </Polygon>
              </MultiGeometry>
            </Placemark>
          </Folder>
          <Folder>
            <name>E56: uss2_core astm.f3548.v21.uss.getOperationalIntentDetails</name>
            <Folder>
              <name>uss2's P100 Accepted e2786604-6d8c-48d3-a312-0059fc7676c7[1] @ IcvsIM5ZCoz7MvyDyK.Pv0msGXGR01TtC4KFUybQkuk_</name>
              <Placemark>
                <name>Nominal volume 0</name>
                <styleUrl>#F3548v21Accepted</styleUrl>
                <TimeSpan>
                  <begin>2025-10-10T19:36:05.385029+00:00</begin>
                  <end>2025-10-10T20:21:06.385029+00:00</end>
                </TimeSpan>
                <MultiGeometry>
                  <Polygon>
                    <altitudeMode>absolute</altitudeMode>
                    <outerBoundaryIs>
                      <LinearRing>
                        <coordinates>-96.75890000000001,32.7183,119.24795468550222 -96.7587,32.71785,119.24795468550222 -96.7585,32.71825,119.24795468550222 -96.7587,32.7186,119.24795468550222</coordinates>
                      </LinearRing>
                    </outerBoundaryIs>
                  </Polygon>
                  <Polygon>
                    <altitudeMode>absolute</altitudeMode>
                    <outerBoundaryIs>
                      <LinearRing>
                        <coordinates>-96.75890000000001,32.7183,148.31795468550223 -96.7587,32.71785,148.31795468550223 -96.7585,32.71825,148.31795468550223 -96.7587,32.7186,148.31795468550223</coordinates>
                      </LinearRing>
                    </outerBoundaryIs>
                  </Polygon>
                  <Polygon>
                    <altitudeMode>absolute</altitudeMode>
                    <outerBoundaryIs>
                      <LinearRing>
                        <coordinates>-96.75890000000001,32.7183,119.24795468550222 -96.75890000000001,32.7183,148.31795468550223 -96.7587,32.71785,148.31795468550223 -96.7587,32.71785,119.24795468550222</coordinates>
                      </LinearRing>
                    </outerBoundaryIs>
                  </Polygon>
                  <Polygon>
                    <altitudeMode>absolute</altitudeMode>
                    <outerBoundaryIs>
                      <LinearRing>
                        <coordinates>-96.7587,32.71785,119.24795468550222 -96.7587,32.71785,148.31795468550223 -96.7585,32.71825,148.31795468550223 -96.7585,32.71825,119.24795468550222</coordinates>
                      </LinearRing>
                    </outerBoundaryIs>
                  </Polygon>
                  <Polygon>
                    <altitudeMode>absolute</altitudeMode>
                    <outerBoundaryIs>
                      <LinearRing>
                        <coordinates>-96.7585,32.71825,119.24795468550222 -96.7585,32.71825,148.31795468550223 -96.7587,32.7186,148.31795468550223 -96.7587,32.7186,119.24795468550222</coordinates>
                      </LinearRing>
                    </outerBoundaryIs>
                  </Polygon>
                  <Polygon>
                    <altitudeMode>absolute</altitudeMode>
                    <outerBoundaryIs>
                      <LinearRing>
                        <coordinates>-96.7587,32.7186,119.24795468550222 -96.7587,32.7186,148.31795468550223 -96.75890000000001,32.7183,148.31795468550223 -96.75890000000001,32.7183,119.24795468550222</coordinates>
                      </LinearRing>
                    </outerBoundaryIs>
                  </Polygon>
                </MultiGeometry>
              </Placemark>
            </Folder>
          </Folder>
        </Folder>
        <Folder>
          <name>Check for conflict notifications</name>
        </Folder>
        <Folder>
          <name>Attempt to modify planned Flight 1 in conflict</name>
          <Folder>
            <name>E70: uss1_dss astm.f3548.v21.dss.queryOperationalIntentReferences</name>
            <Placemark>
              <name>area_of_interest</name>
              <styleUrl>#QueryArea</styleUrl>
              <description><![CDATA[<ul><li>uss1's Accepted 2bcee139-d878-4d73-b5cc-ac8cdab91c17[1]</li><li>uss2's Accepted e2786604-6d8c-48d3-a312-0059fc7676c7[1]</li></ul>]]></description>
              <TimeSpan>
                <begin>2025-10-10T19:36:05.282942+00:00</begin>
                <end>2025-10-10T20:21:06.591469+00:00</end>
              </TimeSpan>
              <MultiGeometry>
                <Polygon>
                  <altitudeMode>absolute</altitudeMode>
                  <outerBoundaryIs>
                    <LinearRing>
                      <coordinates>-96.75885000000001,32.71785,90.28754426941842 -96.75885000000001,32.7182,90.28754426941842 -96.75815,32.7182,90.28754426941842 -96.75815,32.71785,90.28754426941842</coordinates>
                    </LinearRing>
                  </outerBoundaryIs>
                </Polygon>
                <Polygon>
                  <altitudeMode>absolute</altitudeMode>
                  <outerBoundaryIs>
                    <LinearRing>
                      <coordinates>-96.75885000000001,32.71785,150.31754426941842 -96.75885000000001,32.7182,150.31754426941842 -96.75815,32.7182,150.31754426941842 -96.75815,32.71785,150.31754426941842</coordinates>
                    </LinearRing>
                  </outerBoundaryIs>
                </Polygon>
                <Polygon>
                  <altitudeMode>absolute</altitudeMode>
                  <outerBoundaryIs>
                    <LinearRing>
                      <coordinates>-96.75885000000001,32.71785,90.28754426941842 -96.75885000000001,32.71785,150.31754426941842 -96.75885000000001,32.7182,150.31754426941842 -96.75885000000001,32.7182,90.28754426941842</coordinates>
                    </LinearRing>
                  </outerBoundaryIs>
                </Polygon>
                <Polygon>
                  <altitudeMode>absolute</altitudeMode>
                  <outerBoundaryIs>
                    <LinearRing>
                      <coordinates>-96.75885000000001,32.7182,90.28754426941842 -96.75885000000001,32.7182,150.31754426941842 -96.75815,32.7182,150.31754426941842 -96.75815,32.7182,90.28754426941842</coordinates>
                    </LinearRing>
                  </outerBoundaryIs>
                </Polygon>
                <Polygon>
                  <altitudeMode>absolute</altitudeMode>
                  <outerBoundaryIs>
                    <LinearRing>
                      <coordinates>-96.75815,32.7182,90.28754426941842 -96.75815,32.7182,150.31754426941842 -96.75815,32.71785,150.31754426941842 -96.75815,32.71785,90.28754426941842</coordinates>
                    </LinearRing>
                  </outerBoundaryIs>
                </Polygon>
                <Polygon>
                  <altitudeMode>absolute</altitudeMode>
                  <outerBoundaryIs>
                    <LinearRing>
                      <coordinates>-96.75815,32.71785,90.28754426941842 -96.75815,32.71785,150.31754426941842 -96.75885000000001,32.71785,150.31754426941842 -96.75885000000001,32.71785,90.28754426941842</coordinates>
                    </LinearRing>
                  </outerBoundaryIs>
                </Polygon>
              </MultiGeometry>
            </Placemark>
          </Folder>
          <Folder>
            <name>E72: uss1_core interuss.automated_testing.flight_planning.v1.UpsertFlightPlan</name>
            <Folder>
              <name>Activity Rejected, flight Planned</name>
              <Placemark>
                <name>Volume 0</name>
                <styleUrl>#Planned_Nominal</styleUrl>
                <TimeSpan>
                  <begin>2025-10-10T19:36:05.591469+00:00</begin>
                  <end>2025-10-10T20:21:06.591469+00:00</end>
                </TimeSpan>
                <MultiGeometry>
                  <Polygon>
                    <altitudeMode>absolute</altitudeMode>
                    <outerBoundaryIs>
                      <LinearRing>
                        <coordinates>-96.7586,32.7179,90.2872163874855 -96.7586,32.7182,90.2872163874855 -96.7582,32.7182,90.2872163874855 -96.75815,32.71785,90.2872163874855</coordinates>
                      </LinearRing>
                    </outerBoundaryIs>
                  </Polygon>
                  <Polygon>
                    <altitudeMode>absolute</altitudeMode>
                    <outerBoundaryIs>
                      <LinearRing>
                        <coordinates>-96.7586,32.7179,150.3172163874855 -96.7586,32.7182,150.3172163874855 -96.7582,32.7182,150.3172163874855 -96.75815,32.71785,150.3172163874855</coordinates>
                      </LinearRing>
                    </outerBoundaryIs>
                  </Polygon>
                  <Polygon>
                    <altitudeMode>absolute</altitudeMode>
                    <outerBoundaryIs>
                      <LinearRing>
                        <coordinates>-96.7586,32.7179,90.2872163874855 -96.7586,32.7179,150.3172163874855 -96.7586,32.7182,150.3172163874855 -96.7586,32.7182,90.2872163874855</coordinates>
                      </LinearRing>
                    </outerBoundaryIs>
                  </Polygon>
                  <Polygon>
                    <altitudeMode>absolute</altitudeMode>
                    <outerBoundaryIs>
                      <LinearRing>
                        <coordinates>-96.7586,32.7182,90.2872163874855 -96.7586,32.7182,150.3172163874855 -96.7582,32.7182,150.3172163874855 -96.7582,32.7182,90.2872163874855</coordinates>
                      </LinearRing>
                    </outerBoundaryIs>
                  </Polygon>
                  <Polygon>
                    <altitudeMode>absolute</altitudeMode>
                    <outerBoundaryIs>
                      <LinearRing>
                        <coordinates>-96.7582,32.7182,90.2872163874855 -96.7582,32.7182,150.3172163874855 -96.75815,32.71785,150.3172163874855 -96.75815,32.71785,90.2872163874855</coordinates>
                      </LinearRing>
                    </outerBoundaryIs>
                  </Polygon>
                  <Polygon>
                    <altitudeMode>absolute</altitudeMode>
                    <outerBoundaryIs>
                      <LinearRing>
                        <coordinates>-96.75815,32.71785,90.2872163874855 -96.75815,32.71785,150.3172163874855 -96.7586,32.7179,150.3172163874855 -96.7586,32.7179,90.2872163874855</coordinates>
                      </LinearRing>
                    </outerBoundaryIs>
                  </Polygon>
                </MultiGeometry>
              </Placemark>
            </Folder>
          </Folder>
          <Folder>
            <name>E75: uss1_dss astm.f3548.v21.dss.queryOperationalIntentReferences</name>
            <Placemark>
              <name>area_of_interest</name>
              <styleUrl>#QueryArea</styleUrl>
              <description><![CDATA[<ul><li>uss1's Accepted 2bcee139-d878-4d73-b5cc-ac8cdab91c17[1]</li><li>uss2's Accepted e2786604-6d8c-48d3-a312-0059fc7676c7[1]</li></ul>]]></description>
              <TimeSpan>
                <begin>2025-10-10T19:36:05.282942+00:00</begin>
                <end>2025-10-10T20:21:06.591469+00:00</end>
              </TimeSpan>
              <MultiGeometry>
                <Polygon>
                  <altitudeMode>absolute</altitudeMode>
                  <outerBoundaryIs>
                    <LinearRing>
                      <coordinates>-96.75885000000001,32.71785,90.28754426941842 -96.75885000000001,32.7182,90.28754426941842 -96.75815,32.7182,90.28754426941842 -96.75815,32.71785,90.28754426941842</coordinates>
                    </LinearRing>
                  </outerBoundaryIs>
                </Polygon>
                <Polygon>
                  <altitudeMode>absolute</altitudeMode>
                  <outerBoundaryIs>
                    <LinearRing>
                      <coordinates>-96.75885000000001,32.71785,150.31754426941842 -96.75885000000001,32.7182,150.31754426941842 -96.75815,32.7182,150.31754426941842 -96.75815,32.71785,150.31754426941842</coordinates>
                    </LinearRing>
                  </outerBoundaryIs>
                </Polygon>
                <Polygon>
                  <altitudeMode>absolute</altitudeMode>
                  <outerBoundaryIs>
                    <LinearRing>
                      <coordinates>-96.75885000000001,32.71785,90.28754426941842 -96.75885000000001,32.71785,150.31754426941842 -96.75885000000001,32.7182,150.31754426941842 -96.75885000000001,32.7182,90.28754426941842</coordinates>
                    </LinearRing>
                  </outerBoundaryIs>
                </Polygon>
                <Polygon>
                  <altitudeMode>absolute</altitudeMode>
                  <outerBoundaryIs>
                    <LinearRing>
                      <coordinates>-96.75885000000001,32.7182,90.28754426941842 -96.75885000000001,32.7182,150.31754426941842 -96.75815,32.7182,150.31754426941842 -96.75815,32.7182,90.28754426941842</coordinates>
                    </LinearRing>
                  </outerBoundaryIs>
                </Polygon>
                <Polygon>
                  <altitudeMode>absolute</altitudeMode>
                  <outerBoundaryIs>
                    <LinearRing>
                      <coordinates>-96.75815,32.7182,90.28754426941842 -96.75815,32.7182,150.31754426941842 -96.75815,32.71785,150.31754426941842 -96.75815,32.71785,90.28754426941842</coordinates>
                    </LinearRing>
                  </outerBoundaryIs>
                </Polygon>
                <Polygon>
                  <altitudeMode>absolute</altitudeMode>
                  <outerBoundaryIs>
                    <LinearRing>
                      <coordinates>-96.75815,32.71785,90.28754426941842 -96.75815,32.71785,150.31754426941842 -96.75885000000001,32.71785,150.31754426941842 -96.75885000000001,32.71785,90.28754426941842</coordinates>
                    </LinearRing>
                  </outerBoundaryIs>
                </Polygon>
              </MultiGeometry>
            </Placemark>
          </Folder>
          <Folder>
            <name>E79: uss1_core astm.f3548.v21.uss.getOperationalIntentDetails</name>
            <Folder>
              <name>uss1's P0 Accepted 2bcee139-d878-4d73-b5cc-ac8cdab91c17[1] @ tLaqCr5iWXu2rfnc8pTCX8Vx0iMkngMScjBo57Eenbo_</name>
              <Placemark>
                <name>Nominal volume 0</name>
                <styleUrl>#F3548v21Accepted</styleUrl>
                <TimeSpan>
                  <begin>2025-10-10T19:36:05.282942+00:00</begin>
                  <end>2025-10-10T20:21:06.282942+00:00</end>
                </TimeSpan>
                <MultiGeometry>
                  <Polygon>
                    <altitudeMode>absolute</altitudeMode>
                    <outerBoundaryIs>
                      <LinearRing>
                        <coordinates>-96.75885000000001,32.7179,120.3275710140941 -96.75885000000001,32.7182,120.3275710140941 -96.7582,32.7182,120.3275710140941 -96.75815,32.71785,120.3275710140941</coordinates>
                      </LinearRing>
                    </outerBoundaryIs>
                  </Polygon>
                  <Polygon>
                    <altitudeMode>absolute</altitudeMode>
                    <outerBoundaryIs>
                      <LinearRing>
                        <coordinates>-96.75885000000001,32.7179,150.31757101409409 -96.75885000000001,32.7182,150.31757101409409 -96.7582,32.7182,150.31757101409409 -96.75815,32.71785,150.31757101409409</coordinates>
                      </LinearRing>
                    </outerBoundaryIs>
                  </Polygon>
                  <Polygon>
                    <altitudeMode>absolute</altitudeMode>
                    <outerBoundaryIs>
                      <LinearRing>
                        <coordinates>-96.75885000000001,32.7179,120.3275710140941 -96.75885000000001,32.7179,150.31757101409409 -96.75885000000001,32.7182,150.31757101409409 -96.75885000000001,32.7182,120.3275710140941</coordinates>
                      </LinearRing>
                    </outerBoundaryIs>
                  </Polygon>
                  <Polygon>
                    <altitudeMode>absolute</altitudeMode>
                    <outerBoundaryIs>
                      <LinearRing>
                        <coordinates>-96.75885000000001,32.7182,120.3275710140941 -96.75885000000001,32.7182,150.31757101409409 -96.7582,32.7182,150.31757101409409 -96.7582,32.7182,120.3275710140941</coordinates>
                      </LinearRing>
                    </outerBoundaryIs>
                  </Polygon>
                  <Polygon>
                    <altitudeMode>absolute</altitudeMode>
                    <outerBoundaryIs>
                      <LinearRing>
                        <coordinates>-96.7582,32.7182,120.3275710140941 -96.7582,32.7182,150.31757101409409 -96.75815,32.71785,150.31757101409409 -96.75815,32.71785,120.3275710140941</coordinates>
                      </LinearRing>
                    </outerBoundaryIs>
                  </Polygon>
                  <Polygon>
                    <altitudeMode>absolute</altitudeMode>
                    <outerBoundaryIs>
                      <LinearRing>
                        <coordinates>-96.75815,32.71785,120.3275710140941 -96.75815,32.71785,150.31757101409409 -96.75885000000001,32.7179,150.31757101409409 -96.75885000000001,32.7179,120.3275710140941</coordinates>
                      </LinearRing>
                    </outerBoundaryIs>
                  </Polygon>
                </MultiGeometry>
              </Placemark>
            </Folder>
          </Folder>
        </Folder>
      </Folder>
      <Folder>
        <name>Attempt to activate flight in conflict</name>
        <Folder>
          <name>Attempt to activate conflicting Flight 1</name>
          <Folder>
            <name>E85: uss1_dss astm.f3548.v21.dss.queryOperationalIntentReferences</name>
            <Placemark>
              <name>area_of_interest</name>
              <styleUrl>#QueryArea</styleUrl>
              <description><![CDATA[<ul><li>uss1's Accepted 2bcee139-d878-4d73-b5cc-ac8cdab91c17[1]</li><li>uss2's Accepted e2786604-6d8c-48d3-a312-0059fc7676c7[1]</li></ul>]]></description>
              <TimeSpan>
                <begin>2025-10-10T19:36:05.282942+00:00</begin>
                <end>2025-10-10T20:21:06.678890+00:00</end>
              </TimeSpan>
              <MultiGeometry>
                <Polygon>
                  <altitudeMode>absolute</altitudeMode>
                  <outerBoundaryIs>
                    <LinearRing>
                      <coordinates>-96.75885000000001,32.71785,120.32754426941844 -96.75885000000001,32.7182,120.32754426941844 -96.75815,32.7182,120.32754426941844 -96.75815,32.71785,120.32754426941844</coordinates>
                    </LinearRing>
                  </outerBoundaryIs>
                </Polygon>
                <Polygon>
                  <altitudeMode>absolute</altitudeMode>
                  <outerBoundaryIs>
                    <LinearRing>
                      <coordinates>-96.75885000000001,32.71785,150.31754426941842 -96.75885000000001,32.7182,150.31754426941842 -96.75815,32.7182,150.31754426941842 -96.75815,32.71785,150.31754426941842</coordinates>
                    </LinearRing>
                  </outerBoundaryIs>
                </Polygon>
                <Polygon>
                  <altitudeMode>absolute</altitudeMode>
                  <outerBoundaryIs>
                    <LinearRing>
                      <coordinates>-96.75885000000001,32.71785,120.32754426941844 -96.75885000000001,32.71785,150.31754426941842 -96.75885000000001,32.7182,150.31754426941842 -96.75885000000001,32.7182,120.32754426941844</coordinates>
                    </LinearRing>
                  </outerBoundaryIs>
                </Polygon>
                <Polygon>
                  <altitudeMode>absolute</altitudeMode>
                  <outerBoundaryIs>
                    <LinearRing>
                      <coordinates>-96.75885000000001,32.7182,120.32754426941844 -96.75885000000001,32.7182,150.31754426941842 -96.75815,32.7182,150.31754426941842 -96.75815,32.7182,120.32754426941844</coordinates>
                    </LinearRing>
                  </outerBoundaryIs>
                </Polygon>
                <Polygon>
                  <altitudeMode>absolute</altitudeMode>
                  <outerBoundaryIs>
                    <LinearRing>
                      <coordinates>-96.75815,32.7182,120.32754426941844 -96.75815,32.7182,150.31754426941842 -96.75815,32.71785,150.31754426941842 -96.75815,32.71785,120.32754426941844</coordinates>
                    </LinearRing>
                  </outerBoundaryIs>
                </Polygon>
                <Polygon>
                  <altitudeMode>absolute</altitudeMode>
                  <outerBoundaryIs>
                    <LinearRing>
                      <coordinates>-96.75815,32.71785,120.32754426941844 -96.75815,32.71785,150.31754426941842 -96.75885000000001,32.71785,150.31754426941842 -96.75885000000001,32.71785,120.32754426941844</coordinates>
                    </LinearRing>
                  </outerBoundaryIs>
                </Polygon>
              </MultiGeometry>
            </Placemark>
          </Folder>
          <Folder>
            <name>E87: uss1_core interuss.automated_testing.flight_planning.v1.UpsertFlightPlan</name>
            <Folder>
              <name>Activity Rejected, flight Planned</name>
              <Placemark>
                <name>Volume 0</name>
                <styleUrl>#InUse_Nominal</styleUrl>
                <TimeSpan>
                  <begin>2025-10-10T19:36:05.678890+00:00</begin>
                  <end>2025-10-10T20:21:06.678890+00:00</end>
                </TimeSpan>
                <MultiGeometry>
                  <Polygon>
                    <altitudeMode>absolute</altitudeMode>
                    <outerBoundaryIs>
                      <LinearRing>
                        <coordinates>-96.75885000000001,32.7179,120.3375710140941 -96.75885000000001,32.7182,120.3375710140941 -96.7582,32.7182,120.3375710140941 -96.75815,32.71785,120.3375710140941</coordinates>
                      </LinearRing>
                    </outerBoundaryIs>
                  </Polygon>
                  <Polygon>
                    <altitudeMode>absolute</altitudeMode>
                    <outerBoundaryIs>
                      <LinearRing>
                        <coordinates>-96.75885000000001,32.7179,150.31757101409409 -96.75885000000001,32.7182,150.31757101409409 -96.7582,32.7182,150.31757101409409 -96.75815,32.71785,150.31757101409409</coordinates>
                      </LinearRing>
                    </outerBoundaryIs>
                  </Polygon>
                  <Polygon>
                    <altitudeMode>absolute</altitudeMode>
                    <outerBoundaryIs>
                      <LinearRing>
                        <coordinates>-96.75885000000001,32.7179,120.3375710140941 -96.75885000000001,32.7179,150.31757101409409 -96.75885000000001,32.7182,150.31757101409409 -96.75885000000001,32.7182,120.3375710140941</coordinates>
                      </LinearRing>
                    </outerBoundaryIs>
                  </Polygon>
                  <Polygon>
                    <altitudeMode>absolute</altitudeMode>
                    <outerBoundaryIs>
                      <LinearRing>
                        <coordinates>-96.75885000000001,32.7182,120.3375710140941 -96.75885000000001,32.7182,150.31757101409409 -96.7582,32.7182,150.31757101409409 -96.7582,32.7182,120.3375710140941</coordinates>
                      </LinearRing>
                    </outerBoundaryIs>
                  </Polygon>
                  <Polygon>
                    <altitudeMode>absolute</altitudeMode>
                    <outerBoundaryIs>
                      <LinearRing>
                        <coordinates>-96.7582,32.7182,120.3375710140941 -96.7582,32.7182,150.31757101409409 -96.75815,32.71785,150.31757101409409 -96.75815,32.71785,120.3375710140941</coordinates>
                      </LinearRing>
                    </outerBoundaryIs>
                  </Polygon>
                  <Polygon>
                    <altitudeMode>absolute</altitudeMode>
                    <outerBoundaryIs>
                      <LinearRing>
                        <coordinates>-96.75815,32.71785,120.3375710140941 -96.75815,32.71785,150.31757101409409 -96.75885000000001,32.7179,150.31757101409409 -96.75885000000001,32.7179,120.3375710140941</coordinates>
                      </LinearRing>
                    </outerBoundaryIs>
                  </Polygon>
                </MultiGeometry>
              </Placemark>
            </Folder>
          </Folder>
          <Folder>
            <name>E90: uss1_dss astm.f3548.v21.dss.queryOperationalIntentReferences</name>
            <Placemark>
              <name>area_of_interest</name>
              <styleUrl>#QueryArea</styleUrl>
              <description><![CDATA[<ul><li>uss1's Accepted 2bcee139-d878-4d73-b5cc-ac8cdab91c17[1]</li><li>uss2's Accepted e2786604-6d8c-48d3-a312-0059fc7676c7[1]</li></ul>]]></description>
              <TimeSpan>
                <begin>2025-10-10T19:36:05.282942+00:00</begin>
                <end>2025-10-10T20:21:06.678890+00:00</end>
              </TimeSpan>
              <MultiGeometry>
                <Polygon>
                  <altitudeMode>absolute</altitudeMode>
                  <outerBoundaryIs>
                    <LinearRing>
                      <coordinates>-96.75885000000001,32.71785,120.32754426941844 -96.75885000000001,32.7182,120.32754426941844 -96.75815,32.7182,120.32754426941844 -96.75815,32.71785,120.32754426941844</coordinates>
                    </LinearRing>
                  </outerBoundaryIs>
                </Polygon>
                <Polygon>
                  <altitudeMode>absolute</altitudeMode>
                  <outerBoundaryIs>
                    <LinearRing>
                      <coordinates>-96.75885000000001,32.71785,150.31754426941842 -96.75885000000001,32.7182,150.31754426941842 -96.75815,32.7182,150.31754426941842 -96.75815,32.71785,150.31754426941842</coordinates>
                    </LinearRing>
                  </outerBoundaryIs>
                </Polygon>
                <Polygon>
                  <altitudeMode>absolute</altitudeMode>
                  <outerBoundaryIs>
                    <LinearRing>
                      <coordinates>-96.75885000000001,32.71785,120.32754426941844 -96.75885000000001,32.71785,150.31754426941842 -96.75885000000001,32.7182,150.31754426941842 -96.75885000000001,32.7182,120.32754426941844</coordinates>
                    </LinearRing>
                  </outerBoundaryIs>
                </Polygon>
                <Polygon>
                  <altitudeMode>absolute</altitudeMode>
                  <outerBoundaryIs>
                    <LinearRing>
                      <coordinates>-96.75885000000001,32.7182,120.32754426941844 -96.75885000000001,32.7182,150.31754426941842 -96.75815,32.7182,150.31754426941842 -96.75815,32.7182,120.32754426941844</coordinates>
                    </LinearRing>
                  </outerBoundaryIs>
                </Polygon>
                <Polygon>
                  <altitudeMode>absolute</altitudeMode>
                  <outerBoundaryIs>
                    <LinearRing>
                      <coordinates>-96.75815,32.7182,120.32754426941844 -96.75815,32.7182,150.31754426941842 -96.75815,32.71785,150.31754426941842 -96.75815,32.71785,120.32754426941844</coordinates>
                    </LinearRing>
                  </outerBoundaryIs>
                </Polygon>
                <Polygon>
                  <altitudeMode>absolute</altitudeMode>
                  <outerBoundaryIs>
                    <LinearRing>
                      <coordinates>-96.75815,32.71785,120.32754426941844 -96.75815,32.71785,150.31754426941842 -96.75885000000001,32.71785,150.31754426941842 -96.75885000000001,32.71785,120.32754426941844</coordinates>
                    </LinearRing>
                  </outerBoundaryIs>
                </Polygon>
              </MultiGeometry>
            </Placemark>
          </Folder>
          <Folder>
            <name>E94: uss1_core astm.f3548.v21.uss.getOperationalIntentDetails</name>
            <Folder>
              <name>uss1's P0 Accepted 2bcee139-d878-4d73-b5cc-ac8cdab91c17[1] @ tLaqCr5iWXu2rfnc8pTCX8Vx0iMkngMScjBo57Eenbo_</name>
              <Placemark>
                <name>Nominal volume 0</name>
                <styleUrl>#F3548v21Accepted</styleUrl>
                <TimeSpan>
                  <begin>2025-10-10T19:36:05.282942+00:00</begin>
                  <end>2025-10-10T20:21:06.282942+00:00</end>
                </TimeSpan>
                <MultiGeometry>
                  <Polygon>
                    <altitudeMode>absolute</altitudeMode>
                    <outerBoundaryIs>
                      <LinearRing>
                        <coordinates>-96.75885000000001,32.7179,120.3275710140941 -96.75885000000001,32.7182,120.3275710140941 -96.7582,32.7182,120.3275710140941 -96.75815,32.71785,120.3275710140941</coordinates>
                      </LinearRing>
                    </outerBoundaryIs>
                  </Polygon>
                  <Polygon>
                    <altitudeMode>absolute</altitudeMode>
                    <outerBoundaryIs>
                      <LinearRing>
                        <coordinates>-96.75885000000001,32.7179,150.31757101409409 -96.75885000000001,32.7182,150.31757101409409 -96.7582,32.7182,150.31757101409409 -96.75815,32.71785,150.31757101409409</coordinates>
                      </LinearRing>
                    </outerBoundaryIs>
                  </Polygon>
                  <Polygon>
                    <altitudeMode>absolute</altitudeMode>
                    <outerBoundaryIs>
                      <LinearRing>
                        <coordinates>-96.75885000000001,32.7179,120.3275710140941 -96.75885000000001,32.7179,150.31757101409409 -96.75885000000001,32.7182,150.31757101409409 -96.75885000000001,32.7182,120.3275710140941</coordinates>
                      </LinearRing>
                    </outerBoundaryIs>
                  </Polygon>
                  <Polygon>
                    <altitudeMode>absolute</altitudeMode>
                    <outerBoundaryIs>
                      <LinearRing>
                        <coordinates>-96.75885000000001,32.7182,120.3275710140941 -96.75885000000001,32.7182,150.31757101409409 -96.7582,32.7182,150.31757101409409 -96.7582,32.7182,120.3275710140941</coordinates>
                      </LinearRing>
                    </outerBoundaryIs>
                  </Polygon>
                  <Polygon>
                    <altitudeMode>absolute</altitudeMode>
                    <outerBoundaryIs>
                      <LinearRing>
                        <coordinates>-96.7582,32.7182,120.3275710140941 -96.7582,32.7182,150.31757101409409 -96.75815,32.71785,150.31757101409409 -96.75815,32.71785,120.3275710140941</coordinates>
                      </LinearRing>
                    </outerBoundaryIs>
                  </Polygon>
                  <Polygon>
                    <altitudeMode>absolute</altitudeMode>
                    <outerBoundaryIs>
                      <LinearRing>
                        <coordinates>-96.75815,32.71785,120.3275710140941 -96.75815,32.71785,150.31757101409409 -96.75885000000001,32.7179,150.31757101409409 -96.75885000000001,32.7179,120.3275710140941</coordinates>
                      </LinearRing>
                    </outerBoundaryIs>
                  </Polygon>
                </MultiGeometry>
              </Placemark>
            </Folder>
          </Folder>
        </Folder>
      </Folder>
      <Folder>
        <name>Modify activated flight with pre-existing conflict</name>
        <Folder>
          <name>Delete Flight 2</name>
        </Folder>
        <Folder>
          <name>Activate Flight 1</name>
          <Folder>
            <name>E102: uss1_dss astm.f3548.v21.dss.queryOperationalIntentReferences</name>
            <Placemark>
              <name>area_of_interest</name>
              <styleUrl>#QueryArea</styleUrl>
              <description><![CDATA[<ul><li>uss1's Accepted 2bcee139-d878-4d73-b5cc-ac8cdab91c17[1]</li></ul>]]></description>
              <TimeSpan>
                <begin>2025-10-10T19:36:05.792451+00:00</begin>
                <end>2025-10-10T20:21:06.792451+00:00</end>
              </TimeSpan>
              <MultiGeometry>
                <Polygon>
                  <altitudeMode>absolute</altitudeMode>
                  <outerBoundaryIs>
                    <LinearRing>
                      <coordinates>-96.75885000000001,32.71785,120.33754426941843 -96.75885000000001,32.7182,120.33754426941843 -96.75815,32.7182,120.33754426941843 -96.75815,32.71785,120.33754426941843</coordinates>
                    </LinearRing>
                  </outerBoundaryIs>
                </Polygon>
                <Polygon>
                  <altitudeMode>absolute</altitudeMode>
                  <outerBoundaryIs>
                    <LinearRing>
                      <coordinates>-96.75885000000001,32.71785,150.31754426941842 -96.75885000000001,32.7182,150.31754426941842 -96.75815,32.7182,150.31754426941842 -96.75815,32.71785,150.31754426941842</coordinates>
                    </LinearRing>
                  </outerBoundaryIs>
                </Polygon>
                <Polygon>
                  <altitudeMode>absolute</altitudeMode>
                  <outerBoundaryIs>
                    <LinearRing>
                      <coordinates>-96.75885000000001,32.71785,120.33754426941843 -96.75885000000001,32.71785,150.31754426941842 -96.75885000000001,32.7182,150.31754426941842 -96.75885000000001,32.7182,120.33754426941843</coordinates>
                    </LinearRing>
                  </outerBoundaryIs>
                </Polygon>
                <Polygon>
                  <altitudeMode>absolute</altitudeMode>
                  <outerBoundaryIs>
                    <LinearRing>
                      <coordinates>-96.75885000000001,32.7182,120.33754426941843 -96.75885000000001,32.7182,150.31754426941842 -96.75815,32.7182,150.31754426941842 -96.75815,32.7182,120.33754426941843</coordinates>
                    </LinearRing>
                  </outerBoundaryIs>
                </Polygon>
                <Polygon>
                  <altitudeMode>absolute</altitudeMode>
                  <outerBoundaryIs>
                    <LinearRing>
                      <coordinates>-96.75815,32.7182,120.33754426941843 -96.75815,32.7182,150.31754426941842 -96.75815,32.71785,150.31754426941842 -96.75815,32.71785,120.33754426941843</coordinates>
                    </LinearRing>
                  </outerBoundaryIs>
                </Polygon>
                <Polygon>
                  <altitudeMode>absolute</altitudeMode>
                  <outerBoundaryIs>
                    <LinearRing>
                      <coordinates>-96.75815,32.71785,120.33754426941843 -96.75815,32.71785,150.31754426941842 -96.75885000000001,32.71785,150.31754426941842 -96.75885000000001,32.71785,120.33754426941843</coordinates>
                    </LinearRing>
                  </outerBoundaryIs>
                </Polygon>
              </MultiGeometry>
            </Placemark>
          </Folder>
          <Folder>
            <name>E104: uss1_core interuss.automated_testing.flight_planning.v1.UpsertFlightPlan</name>
            <Folder>
              <name>Activity Completed, flight OkToFly</name>
              <Placemark>
                <name>Volume 0</name>
                <styleUrl>#InUse_Nominal</styleUrl>
                <TimeSpan>
                  <begin>2025-10-10T19:36:05.792451+00:00</begin>
                  <end>2025-10-10T20:21:06.792451+00:00</end>
                </TimeSpan>
                <MultiGeometry>
                  <Polygon>
                    <altitudeMode>absolute</altitudeMode>
                    <outerBoundaryIs>
                      <LinearRing>
                        <coordinates>-96.75885000000001,32.7179,120.3375710140941 -96.75885000000001,32.7182,120.3375710140941 -96.7582,32.7182,120.3375710140941 -96.75815,32.71785,120.3375710140941</coordinates>
                      </LinearRing>
                    </outerBoundaryIs>
                  </Polygon>
                  <Polygon>
                    <altitudeMode>absolute</altitudeMode>
                    <outerBoundaryIs>
                      <LinearRing>
                        <coordinates>-96.75885000000001,32.7179,150.31757101409409 -96.75885000000001,32.7182,150.31757101409409 -96.7582,32.7182,150.31757101409409 -96.75815,32.71785,150.31757101409409</coordinates>
                      </LinearRing>
                    </outerBoundaryIs>
                  </Polygon>
                  <Polygon>
                    <altitudeMode>absolute</altitudeMode>
                    <outerBoundaryIs>
                      <LinearRing>
                        <coordinates>-96.75885000000001,32.7179,120.3375710140941 -96.75885000000001,32.7179,150.31757101409409 -96.75885000000001,32.7182,150.31757101409409 -96.75885000000001,32.7182,120.3375710140941</coordinates>
                      </LinearRing>
                    </outerBoundaryIs>
                  </Polygon>
                  <Polygon>
                    <altitudeMode>absolute</altitudeMode>
                    <outerBoundaryIs>
                      <LinearRing>
                        <coordinates>-96.75885000000001,32.7182,120.3375710140941 -96.75885000000001,32.7182,150.31757101409409 -96.7582,32.7182,150.31757101409409 -96.7582,32.7182,120.3375710140941</coordinates>
                      </LinearRing>
                    </outerBoundaryIs>
                  </Polygon>
                  <Polygon>
                    <altitudeMode>absolute</altitudeMode>
                    <outerBoundaryIs>
                      <LinearRing>
                        <coordinates>-96.7582,32.7182,120.3375710140941 -96.7582,32.7182,150.31757101409409 -96.75815,32.71785,150.31757101409409 -96.75815,32.71785,120.3375710140941</coordinates>
                      </LinearRing>
                    </outerBoundaryIs>
                  </Polygon>
                  <Polygon>
                    <altitudeMode>absolute</altitudeMode>
                    <outerBoundaryIs>
                      <LinearRing>
                        <coordinates>-96.75815,32.71785,120.3375710140941 -96.75815,32.71785,150.31757101409409 -96.75885000000001,32.7179,150.31757101409409 -96.75885000000001,32.7179,120.3375710140941</coordinates>
                      </LinearRing>
                    </outerBoundaryIs>
                  </Polygon>
                </MultiGeometry>
              </Placemark>
            </Folder>
          </Folder>
          <Folder>
            <name>E107: uss1_dss astm.f3548.v21.dss.queryOperationalIntentReferences</name>
            <Placemark>
              <name>area_of_interest</name>
              <styleUrl>#QueryArea</styleUrl>
              <description><![CDATA[<ul><li>uss1's Activated 2bcee139-d878-4d73-b5cc-ac8cdab91c17[2]</li></ul>]]></description>
              <TimeSpan>
                <begin>2025-10-10T19:36:05.792451+00:00</begin>
                <end>2025-10-10T20:21:06.792451+00:00</end>
              </TimeSpan>
              <MultiGeometry>
                <Polygon>
                  <altitudeMode>absolute</altitudeMode>
                  <outerBoundaryIs>
                    <LinearRing>
                      <coordinates>-96.75885000000001,32.71785,120.33754426941843 -96.75885000000001,32.7182,120.33754426941843 -96.75815,32.7182,120.33754426941843 -96.75815,32.71785,120.33754426941843</coordinates>
                    </LinearRing>
                  </outerBoundaryIs>
                </Polygon>
                <Polygon>
                  <altitudeMode>absolute</altitudeMode>
                  <outerBoundaryIs>
                    <LinearRing>
                      <coordinates>-96.75885000000001,32.71785,150.31754426941842 -96.75885000000001,32.7182,150.31754426941842 -96.75815,32.7182,150.31754426941842 -96.75815,32.71785,150.31754426941842</coordinates>
                    </LinearRing>
                  </outerBoundaryIs>
                </Polygon>
                <Polygon>
                  <altitudeMode>absolute</altitudeMode>
                  <outerBoundaryIs>
                    <LinearRing>
                      <coordinates>-96.75885000000001,32.71785,120.33754426941843 -96.75885000000001,32.71785,150.31754426941842 -96.75885000000001,32.7182,150.31754426941842 -96.75885000000001,32.7182,120.33754426941843</coordinates>
                    </LinearRing>
                  </outerBoundaryIs>
                </Polygon>
                <Polygon>
                  <altitudeMode>absolute</altitudeMode>
                  <outerBoundaryIs>
                    <LinearRing>
                      <coordinates>-96.75885000000001,32.7182,120.33754426941843 -96.75885000000001,32.7182,150.31754426941842 -96.75815,32.7182,150.31754426941842 -96.75815,32.7182,120.33754426941843</coordinates>
                    </LinearRing>
                  </outerBoundaryIs>
                </Polygon>
                <Polygon>
                  <altitudeMode>absolute</altitudeMode>
                  <outerBoundaryIs>
                    <LinearRing>
                      <coordinates>-96.75815,32.7182,120.33754426941843 -96.75815,32.7182,150.31754426941842 -96.75815,32.71785,150.31754426941842 -96.75815,32.71785,120.33754426941843</coordinates>
                    </LinearRing>
                  </outerBoundaryIs>
                </Polygon>
                <Polygon>
                  <altitudeMode>absolute</altitudeMode>
                  <outerBoundaryIs>
                    <LinearRing>
                      <coordinates>-96.75815,32.71785,120.33754426941843 -96.75815,32.71785,150.31754426941842 -96.75885000000001,32.71785,150.31754426941842 -96.75885000000001,32.71785,120.33754426941843</coordinates>
                    </LinearRing>
                  </outerBoundaryIs>
                </Polygon>
              </MultiGeometry>
            </Placemark>
          </Folder>
          <Folder>
            <name>E112: uss1_core astm.f3548.v21.uss.getOperationalIntentDetails</name>
            <Folder>
              <name>uss1's P0 Activated 2bcee139-d878-4d73-b5cc-ac8cdab91c17[2] @ k.j.ZEbHzACedV7al6ks1MOVB796n2sdeR2p2YrH7LQ_</name>
              <Placemark>
                <name>Nominal volume 0</name>
                <styleUrl>#F3548v21Activated</styleUrl>
                <TimeSpan>
                  <begin>2025-10-10T19:36:05.792451+00:00</begin>
                  <end>2025-10-10T20:21:06.792451+00:00</end>
                </TimeSpan>
                <MultiGeometry>
                  <Polygon>
                    <altitudeMode>absolute</altitudeMode>
                    <outerBoundaryIs>
                      <LinearRing>
                        <coordinates>-96.75885000000001,32.7179,120.3375710140941 -96.75885000000001,32.7182,120.3375710140941 -96.7582,32.7182,120.3375710140941 -96.75815,32.71785,120.3375710140941</coordinates>
                      </LinearRing>
                    </outerBoundaryIs>
                  </Polygon>
                  <Polygon>
                    <altitudeMode>absolute</altitudeMode>
                    <outerBoundaryIs>
                      <LinearRing>
                        <coordinates>-96.75885000000001,32.7179,150.31757101409409 -96.75885000000001,32.7182,150.31757101409409 -96.7582,32.7182,150.31757101409409 -96.75815,32.71785,150.31757101409409</coordinates>
                      </LinearRing>
                    </outerBoundaryIs>
                  </Polygon>
                  <Polygon>
                    <altitudeMode>absolute</altitudeMode>
                    <outerBoundaryIs>
                      <LinearRing>
                        <coordinates>-96.75885000000001,32.7179,120.3375710140941 -96.75885000000001,32.7179,150.31757101409409 -96.75885000000001,32.7182,150.31757101409409 -96.75885000000001,32.7182,120.3375710140941</coordinates>
                      </LinearRing>
                    </outerBoundaryIs>
                  </Polygon>
                  <Polygon>
                    <altitudeMode>absolute</altitudeMode>
                    <outerBoundaryIs>
                      <LinearRing>
                        <coordinates>-96.75885000000001,32.7182,120.3375710140941 -96.75885000000001,32.7182,150.31757101409409 -96.7582,32.7182,150.31757101409409 -96.7582,32.7182,120.3375710140941</coordinates>
                      </LinearRing>
                    </outerBoundaryIs>
                  </Polygon>
                  <Polygon>
                    <altitudeMode>absolute</altitudeMode>
                    <outerBoundaryIs>
                      <LinearRing>
                        <coordinates>-96.7582,32.7182,120.3375710140941 -96.7582,32.7182,150.31757101409409 -96.75815,32.71785,150.31757101409409 -96.75815,32.71785,120.3375710140941</coordinates>
                      </LinearRing>
                    </outerBoundaryIs>
                  </Polygon>
                  <Polygon>
                    <altitudeMode>absolute</altitudeMode>
                    <outerBoundaryIs>
                      <LinearRing>
                        <coordinates>-96.75815,32.71785,120.3375710140941 -96.75815,32.71785,150.31757101409409 -96.75885000000001,32.7179,150.31757101409409 -96.75885000000001,32.7179,120.3375710140941</coordinates>
                      </LinearRing>
                    </outerBoundaryIs>
                  </Polygon>
                </MultiGeometry>
              </Placemark>
            </Folder>
          </Folder>
        </Folder>
        <Folder>
          <name>Plan Flight 2</name>
          <Folder>
            <name>E118: uss1_dss astm.f3548.v21.dss.queryOperationalIntentReferences</name>
            <Placemark>
              <name>area_of_interest</name>
              <styleUrl>#QueryArea</styleUrl>
              <description><![CDATA[<ul><li>uss1's Activated 2bcee139-d878-4d73-b5cc-ac8cdab91c17[2]</li></ul>]]></description>
              <TimeSpan>
                <begin>2025-10-10T19:36:05.905165+00:00</begin>
                <end>2025-10-10T20:21:06.905165+00:00</end>
              </TimeSpan>
              <MultiGeometry>
                <Polygon>
                  <altitudeMode>absolute</altitudeMode>
                  <outerBoundaryIs>
                    <LinearRing>
                      <coordinates>-96.75890000000001,32.71785,119.24797214313818 -96.75890000000001,32.7186,119.24797214313818 -96.7585,32.7186,119.24797214313818 -96.7585,32.71785,119.24797214313818</coordinates>
                    </LinearRing>
                  </outerBoundaryIs>
                </Polygon>
                <Polygon>
                  <altitudeMode>absolute</altitudeMode>
                  <outerBoundaryIs>
                    <LinearRing>
                      <coordinates>-96.75890000000001,32.71785,148.31797214313818 -96.75890000000001,32.7186,148.31797214313818 -96.7585,32.7186,148.31797214313818 -96.7585,32.71785,148.31797214313818</coordinates>
                    </LinearRing>
                  </outerBoundaryIs>
                </Polygon>
                <Polygon>
                  <altitudeMode>absolute</altitudeMode>
                  <outerBoundaryIs>
                    <LinearRing>
                      <coordinates>-96.75890000000001,32.71785,119.24797214313818 -96.75890000000001,32.71785,148.31797214313818 -96.75890000000001,32.7186,148.31797214313818 -96.75890000000001,32.7186,119.24797214313818</coordinates>
                    </LinearRing>
                  </outerBoundaryIs>
                </Polygon>
                <Polygon>
                  <altitudeMode>absolute</altitudeMode>
                  <outerBoundaryIs>
                    <LinearRing>
                      <coordinates>-96.75890000000001,32.7186,119.24797214313818 -96.75890000000001,32.7186,148.31797214313818 -96.7585,32.7186,148.31797214313818 -96.7585,32.7186,119.24797214313818</coordinates>
                    </LinearRing>
                  </outerBoundaryIs>
                </Polygon>
                <Polygon>
                  <altitudeMode>absolute</altitudeMode>
                  <outerBoundaryIs>
                    <LinearRing>
                      <coordinates>-96.7585,32.7186,119.24797214313818 -96.7585,32.7186,148.31797214313818 -96.7585,32.71785,148.31797214313818 -96.7585,32.71785,119.24797214313818</coordinates>
                    </LinearRing>
                  </outerBoundaryIs>
                </Polygon>
                <Polygon>
                  <altitudeMode>absolute</altitudeMode>
                  <outerBoundaryIs>
                    <LinearRing>
                      <coordinates>-96.7585,32.71785,119.24797214313818 -96.7585,32.71785,148.31797214313818 -96.75890000000001,32.71785,148.31797214313818 -96.75890000000001,32.71785,119.24797214313818</coordinates>
                    </LinearRing>
                  </outerBoundaryIs>
                </Polygon>
              </MultiGeometry>
            </Placemark>
          </Folder>
          <Folder>
            <name>E120: uss2_core interuss.automated_testing.flight_planning.v1.UpsertFlightPlan</name>
            <Folder>
              <name>Activity Completed, flight Planned</name>
              <Placemark>
                <name>Volume 0</name>
                <styleUrl>#Planned_Nominal</styleUrl>
                <TimeSpan>
                  <begin>2025-10-10T19:36:05.905165+00:00</begin>
                  <end>2025-10-10T20:21:06.905165+00:00</end>
                </TimeSpan>
                <MultiGeometry>
                  <Polygon>
                    <altitudeMode>absolute</altitudeMode>
                    <outerBoundaryIs>
                      <LinearRing>
                        <coordinates>-96.75890000000001,32.7183,119.24795468550222 -96.7587,32.71785,119.24795468550222 -96.7585,32.71825,119.24795468550222 -96.7587,32.7186,119.24795468550222</coordinates>
                      </LinearRing>
                    </outerBoundaryIs>
                  </Polygon>
                  <Polygon>
                    <altitudeMode>absolute</altitudeMode>
                    <outerBoundaryIs>
                      <LinearRing>
                        <coordinates>-96.75890000000001,32.7183,148.31795468550223 -96.7587,32.71785,148.31795468550223 -96.7585,32.71825,148.31795468550223 -96.7587,32.7186,148.31795468550223</coordinates>
                      </LinearRing>
                    </outerBoundaryIs>
                  </Polygon>
                  <Polygon>
                    <altitudeMode>absolute</altitudeMode>
                    <outerBoundaryIs>
                      <LinearRing>
                        <coordinates>-96.75890000000001,32.7183,119.24795468550222 -96.75890000000001,32.7183,148.31795468550223 -96.7587,32.71785,148.31795468550223 -96.7587,32.71785,119.24795468550222</coordinates>
                      </LinearRing>
                    </outerBoundaryIs>
                  </Polygon>
                  <Polygon>
                    <altitudeMode>absolute</altitudeMode>
                    <outerBoundaryIs>
                      <LinearRing>
                        <coordinates>-96.7587,32.71785,119.24795468550222 -96.7587,32.71785,148.31795468550223 -96.7585,32.71825,148.31795468550223 -96.7585,32.71825,119.24795468550222</coordinates>
                      </LinearRing>
                    </outerBoundaryIs>
                  </Polygon>
                  <Polygon>
                    <altitudeMode>absolute</altitudeMode>
                    <outerBoundaryIs>
                      <LinearRing>
                        <coordinates>-96.7585,32.71825,119.24795468550222 -96.7585,32.71825,148.31795468550223 -96.7587,32.7186,148.31795468550223 -96.7587,32.7186,119.24795468550222</coordinates>
                      </LinearRing>
                    </outerBoundaryIs>
                  </Polygon>
                  <Polygon>
                    <altitudeMode>absolute</altitudeMode>
                    <outerBoundaryIs>
                      <LinearRing>
                        <coordinates>-96.7587,32.7186,119.24795468550222 -96.7587,32.7186,148.31795468550223 -96.75890000000001,32.7183,148.31795468550223 -96.75890000000001,32.7183,119.24795468550222</coordinates>
                      </LinearRing>
                    </outerBoundaryIs>
                  </Polygon>
                </MultiGeometry>
              </Placemark>
            </Folder>
          </Folder>
          <Folder>
            <name>E123: uss1_dss astm.f3548.v21.dss.queryOperationalIntentReferences</name>
            <Placemark>
              <name>area_of_interest</name>
              <styleUrl>#QueryArea</styleUrl>
              <description><![CDATA[<ul><li>uss1's Activated 2bcee139-d878-4d73-b5cc-ac8cdab91c17[2]</li><li>uss2's Accepted ec61e40c-f3ac-47e2-9025-8c2173a080ef[1]</li></ul>]]></description>
              <TimeSpan>
                <begin>2025-10-10T19:36:05.905165+00:00</begin>
                <end>2025-10-10T20:21:06.905165+00:00</end>
              </TimeSpan>
              <MultiGeometry>
                <Polygon>
                  <altitudeMode>absolute</altitudeMode>
                  <outerBoundaryIs>
                    <LinearRing>
                      <coordinates>-96.75890000000001,32.71785,119.24797214313818 -96.75890000000001,32.7186,119.24797214313818 -96.7585,32.7186,119.24797214313818 -96.7585,32.71785,119.24797214313818</coordinates>
                    </LinearRing>
                  </outerBoundaryIs>
                </Polygon>
                <Polygon>
                  <altitudeMode>absolute</altitudeMode>
                  <outerBoundaryIs>
                    <LinearRing>
                      <coordinates>-96.75890000000001,32.71785,148.31797214313818 -96.75890000000001,32.7186,148.31797214313818 -96.7585,32.7186,148.31797214313818 -96.7585,32.71785,148.31797214313818</coordinates>
                    </LinearRing>
                  </outerBoundaryIs>
                </Polygon>
                <Polygon>
                  <altitudeMode>absolute</altitudeMode>
                  <outerBoundaryIs>
                    <LinearRing>
                      <coordinates>-96.75890000000001,32.71785,119.24797214313818 -96.75890000000001,32.71785,148.31797214313818 -96.75890000000001,32.7186,148.31797214313818 -96.75890000000001,32.7186,119.24797214313818</coordinates>
                    </LinearRing>
                  </outerBoundaryIs>
                </Polygon>
                <Polygon>
                  <altitudeMode>absolute</altitudeMode>
                  <outerBoundaryIs>
                    <LinearRing>
                      <coordinates>-96.75890000000001,32.7186,119.24797214313818 -96.75890000000001,32.7186,148.31797214313818 -96.7585,32.7186,148.31797214313818 -96.7585,32.7186,119.24797214313818</coordinates>
                    </LinearRing>
                  </outerBoundaryIs>
                </Polygon>
                <Polygon>
                  <altitudeMode>absolute</altitudeMode>
                  <outerBoundaryIs>
                    <LinearRing>
                      <coordinates>-96.7585,32.7186,119.24797214313818 -96.7585,32.7186,148.31797214313818 -96.7585,32.71785,148.31797214313818 -96.7585,32.71785,119.24797214313818</coordinates>
                    </LinearRing>
                  </outerBoundaryIs>
                </Polygon>
                <Polygon>
                  <altitudeMode>absolute</altitudeMode>
                  <outerBoundaryIs>
                    <LinearRing>
                      <coordinates>-96.7585,32.71785,119.24797214313818 -96.7585,32.71785,148.31797214313818 -96.75890000000001,32.71785,148.31797214313818 -96.75890000000001,32.71785,119.24797214313818</coordinates>
                    </LinearRing>
                  </outerBoundaryIs>
                </Polygon>
              </MultiGeometry>
            </Placemark>
          </Folder>
          <Folder>
            <name>E127: uss2_core astm.f3548.v21.uss.getOperationalIntentDetails</name>
            <Folder>
              <name>uss2's P100 Accepted ec61e40c-f3ac-47e2-9025-8c2173a080ef[1] @ rGSfG7DTLkzxDNhYyf-403UY9JnhCkXUYYU5arYeZVk_</name>
              <Placemark>
                <name>Nominal volume 0</name>
                <styleUrl>#F3548v21Accepted</styleUrl>
                <TimeSpan>
                  <begin>2025-10-10T19:36:05.905165+00:00</begin>
                  <end>2025-10-10T20:21:06.905165+00:00</end>
                </TimeSpan>
                <MultiGeometry>
                  <Polygon>
                    <altitudeMode>absolute</altitudeMode>
                    <outerBoundaryIs>
                      <LinearRing>
                        <coordinates>-96.75890000000001,32.7183,119.24795468550222 -96.7587,32.71785,119.24795468550222 -96.7585,32.71825,119.24795468550222 -96.7587,32.7186,119.24795468550222</coordinates>
                      </LinearRing>
                    </outerBoundaryIs>
                  </Polygon>
                  <Polygon>
                    <altitudeMode>absolute</altitudeMode>
                    <outerBoundaryIs>
                      <LinearRing>
                        <coordinates>-96.75890000000001,32.7183,148.31795468550223 -96.7587,32.71785,148.31795468550223 -96.7585,32.71825,148.31795468550223 -96.7587,32.7186,148.31795468550223</coordinates>
                      </LinearRing>
                    </outerBoundaryIs>
                  </Polygon>
                  <Polygon>
                    <altitudeMode>absolute</altitudeMode>
                    <outerBoundaryIs>
                      <LinearRing>
                        <coordinates>-96.75890000000001,32.7183,119.24795468550222 -96.75890000000001,32.7183,148.31795468550223 -96.7587,32.71785,148.31795468550223 -96.7587,32.71785,119.24795468550222</coordinates>
                      </LinearRing>
                    </outerBoundaryIs>
                  </Polygon>
                  <Polygon>
                    <altitudeMode>absolute</altitudeMode>
                    <outerBoundaryIs>
                      <LinearRing>
                        <coordinates>-96.7587,32.71785,119.24795468550222 -96.7587,32.71785,148.31795468550223 -96.7585,32.71825,148.31795468550223 -96.7585,32.71825,119.24795468550222</coordinates>
                      </LinearRing>
                    </outerBoundaryIs>
                  </Polygon>
                  <Polygon>
                    <altitudeMode>absolute</altitudeMode>
                    <outerBoundaryIs>
                      <LinearRing>
                        <coordinates>-96.7585,32.71825,119.24795468550222 -96.7585,32.71825,148.31795468550223 -96.7587,32.7186,148.31795468550223 -96.7587,32.7186,119.24795468550222</coordinates>
                      </LinearRing>
                    </outerBoundaryIs>
                  </Polygon>
                  <Polygon>
                    <altitudeMode>absolute</altitudeMode>
                    <outerBoundaryIs>
                      <LinearRing>
                        <coordinates>-96.7587,32.7186,119.24795468550222 -96.7587,32.7186,148.31795468550223 -96.75890000000001,32.7183,148.31795468550223 -96.75890000000001,32.7183,119.24795468550222</coordinates>
                      </LinearRing>
                    </outerBoundaryIs>
                  </Polygon>
                </MultiGeometry>
              </Placemark>
            </Folder>
          </Folder>
        </Folder>
        <Folder>
          <name>Activate Flight 2</name>
          <Folder>
            <name>E137: uss1_dss astm.f3548.v21.dss.queryOperationalIntentReferences</name>
            <Placemark>
              <name>area_of_interest</name>
              <styleUrl>#QueryArea</styleUrl>
              <description><![CDATA[<ul><li>uss1's Activated 2bcee139-d878-4d73-b5cc-ac8cdab91c17[2]</li><li>uss2's Accepted ec61e40c-f3ac-47e2-9025-8c2173a080ef[1]</li></ul>]]></description>
              <TimeSpan>
                <begin>2025-10-10T19:36:06.037615+00:00</begin>
                <end>2025-10-10T20:21:07.037615+00:00</end>
              </TimeSpan>
              <MultiGeometry>
                <Polygon>
                  <altitudeMode>absolute</altitudeMode>
                  <outerBoundaryIs>
                    <LinearRing>
                      <coordinates>-96.75890000000001,32.71785,120.39797214313818 -96.75890000000001,32.7186,120.39797214313818 -96.7585,32.7186,120.39797214313818 -96.7585,32.71785,120.39797214313818</coordinates>
                    </LinearRing>
                  </outerBoundaryIs>
                </Polygon>
                <Polygon>
                  <altitudeMode>absolute</altitudeMode>
                  <outerBoundaryIs>
                    <LinearRing>
                      <coordinates>-96.75890000000001,32.71785,148.31797214313818 -96.75890000000001,32.7186,148.31797214313818 -96.7585,32.7186,148.31797214313818 -96.7585,32.71785,148.31797214313818</coordinates>
                    </LinearRing>
                  </outerBoundaryIs>
                </Polygon>
                <Polygon>
                  <altitudeMode>absolute</altitudeMode>
                  <outerBoundaryIs>
                    <LinearRing>
                      <coordinates>-96.75890000000001,32.71785,120.39797214313818 -96.75890000000001,32.71785,148.31797214313818 -96.75890000000001,32.7186,148.31797214313818 -96.75890000000001,32.7186,120.39797214313818</coordinates>
                    </LinearRing>
                  </outerBoundaryIs>
                </Polygon>
                <Polygon>
                  <altitudeMode>absolute</altitudeMode>
                  <outerBoundaryIs>
                    <LinearRing>
                      <coordinates>-96.75890000000001,32.7186,120.39797214313818 -96.75890000000001,32.7186,148.31797214313818 -96.7585,32.7186,148.31797214313818 -96.7585,32.7186,120.39797214313818</coordinates>
                    </LinearRing>
                  </outerBoundaryIs>
                </Polygon>
                <Polygon>
                  <altitudeMode>absolute</altitudeMode>
                  <outerBoundaryIs>
                    <LinearRing>
                      <coordinates>-96.7585,32.7186,120.39797214313818 -96.7585,32.7186,148.31797214313818 -96.7585,32.71785,148.31797214313818 -96.7585,32.71785,120.39797214313818</coordinates>
                    </LinearRing>
                  </outerBoundaryIs>
                </Polygon>
                <Polygon>
                  <altitudeMode>absolute</altitudeMode>
                  <outerBoundaryIs>
                    <LinearRing>
                      <coordinates>-96.7585,32.71785,120.39797214313818 -96.7585,32.71785,148.31797214313818 -96.75890000000001,32.71785,148.31797214313818 -96.75890000000001,32.71785,120.39797214313818</coordinates>
                    </LinearRing>
                  </outerBoundaryIs>
                </Polygon>
              </MultiGeometry>
            </Placemark>
          </Folder>
          <Folder>
            <name>E139: uss2_core interuss.automated_testing.flight_planning.v1.UpsertFlightPlan</name>
            <Folder>
              <name>Activity Completed, flight OkToFly</name>
              <Placemark>
                <name>Volume 0</name>
                <styleUrl>#InUse_Nominal</styleUrl>
                <TimeSpan>
                  <begin>2025-10-10T19:36:06.037615+00:00</begin>
                  <end>2025-10-10T20:21:07.037615+00:00</end>
                </TimeSpan>
                <MultiGeometry>
                  <Polygon>
                    <altitudeMode>absolute</altitudeMode>
                    <outerBoundaryIs>
                      <LinearRing>
                        <coordinates>-96.75890000000001,32.7183,120.39795468550221 -96.7587,32.71785,120.39795468550221 -96.7585,32.71825,120.39795468550221 -96.7587,32.7186,120.39795468550221</coordinates>
                      </LinearRing>
                    </outerBoundaryIs>
                  </Polygon>
                  <Polygon>
                    <altitudeMode>absolute</altitudeMode>
                    <outerBoundaryIs>
                      <LinearRing>
                        <coordinates>-96.75890000000001,32.7183,148.31795468550223 -96.7587,32.71785,148.31795468550223 -96.7585,32.71825,148.31795468550223 -96.7587,32.7186,148.31795468550223</coordinates>
                      </LinearRing>
                    </outerBoundaryIs>
                  </Polygon>
                  <Polygon>
                    <altitudeMode>absolute</altitudeMode>
                    <outerBoundaryIs>
                      <LinearRing>
                        <coordinates>-96.75890000000001,32.7183,120.39795468550221 -96.75890000000001,32.7183,148.31795468550223 -96.7587,32.71785,148.31795468550223 -96.7587,32.71785,120.39795468550221</coordinates>
                      </LinearRing>
                    </outerBoundaryIs>
                  </Polygon>
                  <Polygon>
                    <altitudeMode>absolute</altitudeMode>
                    <outerBoundaryIs>
                      <LinearRing>
                        <coordinates>-96.7587,32.71785,120.39795468550221 -96.7587,32.71785,148.31795468550223 -96.7585,32.71825,148.31795468550223 -96.7585,32.71825,120.39795468550221</coordinates>
                      </LinearRing>
                    </outerBoundaryIs>
                  </Polygon>
                  <Polygon>
                    <altitudeMode>absolute</altitudeMode>
                    <outerBoundaryIs>
                      <LinearRing>
                        <coordinates>-96.7585,32.71825,120.39795468550221 -96.7585,32.71825,148.31795468550223 -96.7587,32.7186,148.31795468550223 -96.7587,32.7186,120.39795468550221</coordinates>
                      </LinearRing>
                    </outerBoundaryIs>
                  </Polygon>
                  <Polygon>
                    <altitudeMode>absolute</altitudeMode>
                    <outerBoundaryIs>
                      <LinearRing>
                        <coordinates>-96.7587,32.7186,120.39795468550221 -96.7587,32.7186,148.31795468550223 -96.75890000000001,32.7183,148.31795468550223 -96.75890000000001,32.7183,120.39795468550221</coordinates>
                      </LinearRing>
                    </outerBoundaryIs>
                  </Polygon>
                </MultiGeometry>
              </Placemark>
            </Folder>
          </Folder>
          <Folder>
            <name>E142: uss1_dss astm.f3548.v21.dss.queryOperationalIntentReferences</name>
            <Placemark>
              <name>area_of_interest</name>
              <styleUrl>#QueryArea</styleUrl>
              <description><![CDATA[<ul><li>uss1's Activated 2bcee139-d878-4d73-b5cc-ac8cdab91c17[2]</li><li>uss2's Activated ec61e40c-f3ac-47e2-9025-8c2173a080ef[2]</li></ul>]]></description>
              <TimeSpan>
                <begin>2025-10-10T19:36:06.037615+00:00</begin>
                <end>2025-10-10T20:21:07.037615+00:00</end>
              </TimeSpan>
              <MultiGeometry>
                <Polygon>
                  <altitudeMode>absolute</altitudeMode>
                  <outerBoundaryIs>
                    <LinearRing>
                      <coordinates>-96.75890000000001,32.71785,120.39797214313818 -96.75890000000001,32.7186,120.39797214313818 -96.7585,32.7186,120.39797214313818 -96.7585,32.71785,120.39797214313818</coordinates>
                    </LinearRing>
                  </outerBoundaryIs>
                </Polygon>
                <Polygon>
                  <altitudeMode>absolute</altitudeMode>
                  <outerBoundaryIs>
                    <LinearRing>
                      <coordinates>-96.75890000000001,32.71785,148.31797214313818 -96.75890000000001,32.7186,148.31797214313818 -96.7585,32.7186,148.31797214313818 -96.7585,32.71785,148.31797214313818</coordinates>
                    </LinearRing>
                  </outerBoundaryIs>
                </Polygon>
                <Polygon>
                  <altitudeMode>absolute</altitudeMode>
                  <outerBoundaryIs>
                    <LinearRing>
                      <coordinates>-96.75890000000001,32.71785,120.39797214313818 -96.75890000000001,32.71785,148.31797214313818 -96.75890000000001,32.7186,148.31797214313818 -96.75890000000001,32.7186,120.39797214313818</coordinates>
                    </LinearRing>
                  </outerBoundaryIs>
                </Polygon>
                <Polygon>
                  <altitudeMode>absolute</altitudeMode>
                  <outerBoundaryIs>
                    <LinearRing>
                      <coordinates>-96.75890000000001,32.7186,120.39797214313818 -96.75890000000001,32.7186,148.31797214313818 -96.7585,32.7186,148.31797214313818 -96.7585,32.7186,120.39797214313818</coordinates>
                    </LinearRing>
                  </outerBoundaryIs>
                </Polygon>
                <Polygon>
                  <altitudeMode>absolute</altitudeMode>
                  <outerBoundaryIs>
                    <LinearRing>
                      <coordinates>-96.7585,32.7186,120.39797214313818 -96.7585,32.7186,148.31797214313818 -96.7585,32.71785,148.31797214313818 -96.7585,32.71785,120.39797214313818</coordinates>
                    </LinearRing>
                  </outerBoundaryIs>
                </Polygon>
                <Polygon>
                  <altitudeMode>absolute</altitudeMode>
                  <outerBoundaryIs>
                    <LinearRing>
                      <coordinates>-96.7585,32.71785,120.39797214313818 -96.7585,32.71785,148.31797214313818 -96.75890000000001,32.71785,148.31797214313818 -96.75890000000001,32.71785,120.39797214313818</coordinates>
                    </LinearRing>
                  </outerBoundaryIs>
                </Polygon>
              </MultiGeometry>
            </Placemark>
          </Folder>
          <Folder>
            <name>E147: uss2_core astm.f3548.v21.uss.getOperationalIntentDetails</name>
            <Folder>
              <name>uss2's P100 Activated ec61e40c-f3ac-47e2-9025-8c2173a080ef[2] @ YO8MVXQDK0JKiPjYSWmShS0AHmObKkIpUctb5H593OE_</name>
              <Placemark>
                <name>Nominal volume 0</name>
                <styleUrl>#F3548v21Activated</styleUrl>
                <TimeSpan>
                  <begin>2025-10-10T19:36:06.037615+00:00</begin>
                  <end>2025-10-10T20:21:07.037615+00:00</end>
                </TimeSpan>
                <MultiGeometry>
                  <Polygon>
                    <altitudeMode>absolute</altitudeMode>
                    <outerBoundaryIs>
                      <LinearRing>
                        <coordinates>-96.75890000000001,32.7183,120.39795468550221 -96.7587,32.71785,120.39795468550221 -96.7585,32.71825,120.39795468550221 -96.7587,32.7186,120.39795468550221</coordinates>
                      </LinearRing>
                    </outerBoundaryIs>
                  </Polygon>
                  <Polygon>
                    <altitudeMode>absolute</altitudeMode>
                    <outerBoundaryIs>
                      <LinearRing>
                        <coordinates>-96.75890000000001,32.7183,148.31795468550223 -96.7587,32.71785,148.31795468550223 -96.7585,32.71825,148.31795468550223 -96.7587,32.7186,148.31795468550223</coordinates>
                      </LinearRing>
                    </outerBoundaryIs>
                  </Polygon>
                  <Polygon>
                    <altitudeMode>absolute</altitudeMode>
                    <outerBoundaryIs>
                      <LinearRing>
                        <coordinates>-96.75890000000001,32.7183,120.39795468550221 -96.75890000000001,32.7183,148.31795468550223 -96.7587,32.71785,148.31795468550223 -96.7587,32.71785,120.39795468550221</coordinates>
                      </LinearRing>
                    </outerBoundaryIs>
                  </Polygon>
                  <Polygon>
                    <altitudeMode>absolute</altitudeMode>
                    <outerBoundaryIs>
                      <LinearRing>
                        <coordinates>-96.7587,32.71785,120.39795468550221 -96.7587,32.71785,148.31795468550223 -96.7585,32.71825,148.31795468550223 -96.7585,32.71825,120.39795468550221</coordinates>
                      </LinearRing>
                    </outerBoundaryIs>
                  </Polygon>
                  <Polygon>
                    <altitudeMode>absolute</altitudeMode>
                    <outerBoundaryIs>
                      <LinearRing>
                        <coordinates>-96.7585,32.71825,120.39795468550221 -96.7585,32.71825,148.31795468550223 -96.7587,32.7186,148.31795468550223 -96.7587,32.7186,120.39795468550221</coordinates>
                      </LinearRing>
                    </outerBoundaryIs>
                  </Polygon>
                  <Polygon>
                    <altitudeMode>absolute</altitudeMode>
                    <outerBoundaryIs>
                      <LinearRing>
                        <coordinates>-96.7587,32.7186,120.39795468550221 -96.7587,32.7186,148.31795468550223 -96.75890000000001,32.7183,148.31795468550223 -96.75890000000001,32.7183,120.39795468550221</coordinates>
                      </LinearRing>
                    </outerBoundaryIs>
                  </Polygon>
                </MultiGeometry>
              </Placemark>
            </Folder>
          </Folder>
        </Folder>
        <Folder>
          <name>Check for conflict notifications</name>
        </Folder>
        <Folder>
          <name>Modify activated Flight 1 in conflict with activated Flight 2</name>
          <Folder>
            <name>E161: uss1_dss astm.f3548.v21.dss.queryOperationalIntentReferences</name>
            <Placemark>
              <name>area_of_interest</name>
              <styleUrl>#QueryArea</styleUrl>
              <description><![CDATA[<ul><li>uss1's Activated 2bcee139-d878-4d73-b5cc-ac8cdab91c17[2]</li><li>uss2's Activated ec61e40c-f3ac-47e2-9025-8c2173a080ef[2]</li></ul>]]></description>
              <TimeSpan>
                <begin>2025-10-10T19:36:05.792451+00:00</begin>
                <end>2025-10-10T20:21:07.175911+00:00</end>
              </TimeSpan>
              <MultiGeometry>
                <Polygon>
                  <altitudeMode>absolute</altitudeMode>
                  <outerBoundaryIs>
                    <LinearRing>
                      <coordinates>-96.75885000000001,32.71785,90.26754426941844 -96.75885000000001,32.7182,90.26754426941844 -96.75815,32.7182,90.26754426941844 -96.75815,32.71785,90.26754426941844</coordinates>
                    </LinearRing>
                  </outerBoundaryIs>
                </Polygon>
                <Polygon>
                  <altitudeMode>absolute</altitudeMode>
                  <outerBoundaryIs>
                    <LinearRing>
                      <coordinates>-96.75885000000001,32.71785,150.31754426941842 -96.75885000000001,32.7182,150.31754426941842 -96.75815,32.7182,150.31754426941842 -96.75815,32.71785,150.31754426941842</coordinates>
                    </LinearRing>
                  </outerBoundaryIs>
                </Polygon>
                <Polygon>
                  <altitudeMode>absolute</altitudeMode>
                  <outerBoundaryIs>
                    <LinearRing>
                      <coordinates>-96.75885000000001,32.71785,90.26754426941844 -96.75885000000001,32.71785,150.31754426941842 -96.75885000000001,32.7182,150.31754426941842 -96.75885000000001,32.7182,90.26754426941844</coordinates>
                    </LinearRing>
                  </outerBoundaryIs>
                </Polygon>
                <Polygon>
                  <altitudeMode>absolute</altitudeMode>
                  <outerBoundaryIs>
                    <LinearRing>
                      <coordinates>-96.75885000000001,32.7182,90.26754426941844 -96.75885000000001,32.7182,150.31754426941842 -96.75815,32.7182,150.31754426941842 -96.75815,32.7182,90.26754426941844</coordinates>
                    </LinearRing>
                  </outerBoundaryIs>
                </Polygon>
                <Polygon>
                  <altitudeMode>absolute</altitudeMode>
                  <outerBoundaryIs>
                    <LinearRing>
                      <coordinates>-96.75815,32.7182,90.26754426941844 -96.75815,32.7182,150.31754426941842 -96.75815,32.71785,150.31754426941842 -96.75815,32.71785,90.26754426941844</coordinates>
                    </LinearRing>
                  </outerBoundaryIs>
                </Polygon>
                <Polygon>
                  <altitudeMode>absolute</altitudeMode>
                  <outerBoundaryIs>
                    <LinearRing>
                      <coordinates>-96.75815,32.71785,90.26754426941844 -96.75815,32.71785,150.31754426941842 -96.75885000000001,32.71785,150.31754426941842 -96.75885000000001,32.71785,90.26754426941844</coordinates>
                    </LinearRing>
                  </outerBoundaryIs>
                </Polygon>
              </MultiGeometry>
            </Placemark>
          </Folder>
          <Folder>
            <name>E163: uss1_core interuss.automated_testing.flight_planning.v1.UpsertFlightPlan</name>
            <Folder>
              <name>Activity Completed, flight OkToFly</name>
              <Placemark>
                <name>Volume 0</name>
                <styleUrl>#InUse_Nominal</styleUrl>
                <TimeSpan>
                  <begin>2025-10-10T19:36:06.175911+00:00</begin>
                  <end>2025-10-10T20:21:07.175911+00:00</end>
                </TimeSpan>
                <MultiGeometry>
                  <Polygon>
                    <altitudeMode>absolute</altitudeMode>
                    <outerBoundaryIs>
                      <LinearRing>
                        <coordinates>-96.7586,32.7179,90.2672163874855 -96.7586,32.7182,90.2672163874855 -96.7582,32.7182,90.2672163874855 -96.75815,32.71785,90.2672163874855</coordinates>
                      </LinearRing>
                    </outerBoundaryIs>
                  </Polygon>
                  <Polygon>
                    <altitudeMode>absolute</altitudeMode>
                    <outerBoundaryIs>
                      <LinearRing>
                        <coordinates>-96.7586,32.7179,150.3172163874855 -96.7586,32.7182,150.3172163874855 -96.7582,32.7182,150.3172163874855 -96.75815,32.71785,150.3172163874855</coordinates>
                      </LinearRing>
                    </outerBoundaryIs>
                  </Polygon>
                  <Polygon>
                    <altitudeMode>absolute</altitudeMode>
                    <outerBoundaryIs>
                      <LinearRing>
                        <coordinates>-96.7586,32.7179,90.2672163874855 -96.7586,32.7179,150.3172163874855 -96.7586,32.7182,150.3172163874855 -96.7586,32.7182,90.2672163874855</coordinates>
                      </LinearRing>
                    </outerBoundaryIs>
                  </Polygon>
                  <Polygon>
                    <altitudeMode>absolute</altitudeMode>
                    <outerBoundaryIs>
                      <LinearRing>
                        <coordinates>-96.7586,32.7182,90.2672163874855 -96.7586,32.7182,150.3172163874855 -96.7582,32.7182,150.3172163874855 -96.7582,32.7182,90.2672163874855</coordinates>
                      </LinearRing>
                    </outerBoundaryIs>
                  </Polygon>
                  <Polygon>
                    <altitudeMode>absolute</altitudeMode>
                    <outerBoundaryIs>
                      <LinearRing>
                        <coordinates>-96.7582,32.7182,90.2672163874855 -96.7582,32.7182,150.3172163874855 -96.75815,32.71785,150.3172163874855 -96.75815,32.71785,90.2672163874855</coordinates>
                      </LinearRing>
                    </outerBoundaryIs>
                  </Polygon>
                  <Polygon>
                    <altitudeMode>absolute</altitudeMode>
                    <outerBoundaryIs>
                      <LinearRing>
                        <coordinates>-96.75815,32.71785,90.2672163874855 -96.75815,32.71785,150.3172163874855 -96.7586,32.7179,150.3172163874855 -96.7586,32.7179,90.2672163874855</coordinates>
                      </LinearRing>
                    </outerBoundaryIs>
                  </Polygon>
                </MultiGeometry>
              </Placemark>
            </Folder>
          </Folder>
          <Folder>
            <name>E167: uss1_dss astm.f3548.v21.dss.queryOperationalIntentReferences</name>
            <Placemark>
              <name>area_of_interest</name>
              <styleUrl>#QueryArea</styleUrl>
              <description><![CDATA[<ul><li>uss1's Activated 2bcee139-d878-4d73-b5cc-ac8cdab91c17[3]</li><li>uss2's Activated ec61e40c-f3ac-47e2-9025-8c2173a080ef[2]</li></ul>]]></description>
              <TimeSpan>
                <begin>2025-10-10T19:36:05.792451+00:00</begin>
                <end>2025-10-10T20:21:07.175911+00:00</end>
              </TimeSpan>
              <MultiGeometry>
                <Polygon>
                  <altitudeMode>absolute</altitudeMode>
                  <outerBoundaryIs>
                    <LinearRing>
                      <coordinates>-96.75885000000001,32.71785,90.26754426941844 -96.75885000000001,32.7182,90.26754426941844 -96.75815,32.7182,90.26754426941844 -96.75815,32.71785,90.26754426941844</coordinates>
                    </LinearRing>
                  </outerBoundaryIs>
                </Polygon>
                <Polygon>
                  <altitudeMode>absolute</altitudeMode>
                  <outerBoundaryIs>
                    <LinearRing>
                      <coordinates>-96.75885000000001,32.71785,150.31754426941842 -96.75885000000001,32.7182,150.31754426941842 -96.75815,32.7182,150.31754426941842 -96.75815,32.71785,150.31754426941842</coordinates>
                    </LinearRing>
                  </outerBoundaryIs>
                </Polygon>
                <Polygon>
                  <altitudeMode>absolute</altitudeMode>
                  <outerBoundaryIs>
                    <LinearRing>
                      <coordinates>-96.75885000000001,32.71785,90.26754426941844 -96.75885000000001,32.71785,150.31754426941842 -96.75885000000001,32.7182,150.31754426941842 -96.75885000000001,32.7182,90.26754426941844</coordinates>
                    </LinearRing>
                  </outerBoundaryIs>
                </Polygon>
                <Polygon>
                  <altitudeMode>absolute</altitudeMode>
                  <outerBoundaryIs>
                    <LinearRing>
                      <coordinates>-96.75885000000001,32.7182,90.26754426941844 -96.75885000000001,32.7182,150.31754426941842 -96.75815,32.7182,150.31754426941842 -96.75815,32.7182,90.26754426941844</coordinates>
                    </LinearRing>
                  </outerBoundaryIs>
                </Polygon>
                <Polygon>
                  <altitudeMode>absolute</altitudeMode>
                  <outerBoundaryIs>
                    <LinearRing>
                      <coordinates>-96.75815,32.7182,90.26754426941844 -96.75815,32.7182,150.31754426941842 -96.75815,32.71785,150.31754426941842 -96.75815,32.71785,90.26754426941844</coordinates>
                    </LinearRing>
                  </outerBoundaryIs>
                </Polygon>
                <Polygon>
                  <altitudeMode>absolute</altitudeMode>
                  <outerBoundaryIs>
                    <LinearRing>
                      <coordinates>-96.75815,32.71785,90.26754426941844 -96.75815,32.71785,150.31754426941842 -96.75885000000001,32.71785,150.31754426941842 -96.75885000000001,32.71785,90.26754426941844</coordinates>
                    </LinearRing>
                  </outerBoundaryIs>
                </Polygon>
              </MultiGeometry>
            </Placemark>
          </Folder>
          <Folder>
            <name>E172: uss1_core astm.f3548.v21.uss.getOperationalIntentDetails</name>
            <Folder>
              <name>uss1's P0 Activated 2bcee139-d878-4d73-b5cc-ac8cdab91c17[3] @ KkWwgdFIvoIUbcuEv854xXNR66LIp5i1U98JEd7CaUA_</name>
              <Placemark>
                <name>Nominal volume 0</name>
                <styleUrl>#F3548v21Activated</styleUrl>
                <TimeSpan>
                  <begin>2025-10-10T19:36:06.175911+00:00</begin>
                  <end>2025-10-10T20:21:07.175911+00:00</end>
                </TimeSpan>
                <MultiGeometry>
                  <Polygon>
                    <altitudeMode>absolute</altitudeMode>
                    <outerBoundaryIs>
                      <LinearRing>
                        <coordinates>-96.7586,32.7179,90.2672163874855 -96.7586,32.7182,90.2672163874855 -96.7582,32.7182,90.2672163874855 -96.75815,32.71785,90.2672163874855</coordinates>
                      </LinearRing>
                    </outerBoundaryIs>
                  </Polygon>
                  <Polygon>
                    <altitudeMode>absolute</altitudeMode>
                    <outerBoundaryIs>
                      <LinearRing>
                        <coordinates>-96.7586,32.7179,150.3172163874855 -96.7586,32.7182,150.3172163874855 -96.7582,32.7182,150.3172163874855 -96.75815,32.71785,150.3172163874855</coordinates>
                      </LinearRing>
                    </outerBoundaryIs>
                  </Polygon>
                  <Polygon>
                    <altitudeMode>absolute</altitudeMode>
                    <outerBoundaryIs>
                      <LinearRing>
                        <coordinates>-96.7586,32.7179,90.2672163874855 -96.7586,32.7179,150.3172163874855 -96.7586,32.7182,150.3172163874855 -96.7586,32.7182,90.2672163874855</coordinates>
                      </LinearRing>
                    </outerBoundaryIs>
                  </Polygon>
                  <Polygon>
                    <altitudeMode>absolute</altitudeMode>
                    <outerBoundaryIs>
                      <LinearRing>
                        <coordinates>-96.7586,32.7182,90.2672163874855 -96.7586,32.7182,150.3172163874855 -96.7582,32.7182,150.3172163874855 -96.7582,32.7182,90.2672163874855</coordinates>
                      </LinearRing>
                    </outerBoundaryIs>
                  </Polygon>
                  <Polygon>
                    <altitudeMode>absolute</altitudeMode>
                    <outerBoundaryIs>
                      <LinearRing>
                        <coordinates>-96.7582,32.7182,90.2672163874855 -96.7582,32.7182,150.3172163874855 -96.75815,32.71785,150.3172163874855 -96.75815,32.71785,90.2672163874855</coordinates>
                      </LinearRing>
                    </outerBoundaryIs>
                  </Polygon>
                  <Polygon>
                    <altitudeMode>absolute</altitudeMode>
                    <outerBoundaryIs>
                      <LinearRing>
                        <coordinates>-96.75815,32.71785,90.2672163874855 -96.75815,32.71785,150.3172163874855 -96.7586,32.7179,150.3172163874855 -96.7586,32.7179,90.2672163874855</coordinates>
                      </LinearRing>
                    </outerBoundaryIs>
                  </Polygon>
                </MultiGeometry>
              </Placemark>
            </Folder>
          </Folder>
        </Folder>
      </Folder>
      <Folder>
        <name>Attempt to modify activated flight in conflict</name>
        <Folder>
          <name>Modify activated Flight 2 to not conflict with activated Flight 1</name>
          <Folder>
            <name>E178: uss1_dss astm.f3548.v21.dss.queryOperationalIntentReferences</name>
            <Placemark>
              <name>area_of_interest</name>
              <styleUrl>#QueryArea</styleUrl>
              <description><![CDATA[<ul><li>uss1's Activated 2bcee139-d878-4d73-b5cc-ac8cdab91c17[3]</li><li>uss2's Activated ec61e40c-f3ac-47e2-9025-8c2173a080ef[2]</li></ul>]]></description>
              <TimeSpan>
                <begin>2025-10-10T19:36:06.321085+00:00</begin>
                <end>2025-10-10T20:21:07.321085+00:00</end>
              </TimeSpan>
              <MultiGeometry>
                <Polygon>
                  <altitudeMode>absolute</altitudeMode>
                  <outerBoundaryIs>
                    <LinearRing>
                      <coordinates>-96.75890000000001,32.71825,117.22754871590543 -96.75890000000001,32.7186,117.22754871590543 -96.7583,32.7186,117.22754871590543 -96.7583,32.71825,117.22754871590543</coordinates>
                    </LinearRing>
                  </outerBoundaryIs>
                </Polygon>
                <Polygon>
                  <altitudeMode>absolute</altitudeMode>
                  <outerBoundaryIs>
                    <LinearRing>
                      <coordinates>-96.75890000000001,32.71825,170.31754871590545 -96.75890000000001,32.7186,170.31754871590545 -96.7583,32.7186,170.31754871590545 -96.7583,32.71825,170.31754871590545</coordinates>
                    </LinearRing>
                  </outerBoundaryIs>
                </Polygon>
                <Polygon>
                  <altitudeMode>absolute</altitudeMode>
                  <outerBoundaryIs>
                    <LinearRing>
                      <coordinates>-96.75890000000001,32.71825,117.22754871590543 -96.75890000000001,32.71825,170.31754871590545 -96.75890000000001,32.7186,170.31754871590545 -96.75890000000001,32.7186,117.22754871590543</coordinates>
                    </LinearRing>
                  </outerBoundaryIs>
                </Polygon>
                <Polygon>
                  <altitudeMode>absolute</altitudeMode>
                  <outerBoundaryIs>
                    <LinearRing>
                      <coordinates>-96.75890000000001,32.7186,117.22754871590543 -96.75890000000001,32.7186,170.31754871590545 -96.7583,32.7186,170.31754871590545 -96.7583,32.7186,117.22754871590543</coordinates>
                    </LinearRing>
                  </outerBoundaryIs>
                </Polygon>
                <Polygon>
                  <altitudeMode>absolute</altitudeMode>
                  <outerBoundaryIs>
                    <LinearRing>
                      <coordinates>-96.7583,32.7186,117.22754871590543 -96.7583,32.7186,170.31754871590545 -96.7583,32.71825,170.31754871590545 -96.7583,32.71825,117.22754871590543</coordinates>
                    </LinearRing>
                  </outerBoundaryIs>
                </Polygon>
                <Polygon>
                  <altitudeMode>absolute</altitudeMode>
                  <outerBoundaryIs>
                    <LinearRing>
                      <coordinates>-96.7583,32.71825,117.22754871590543 -96.7583,32.71825,170.31754871590545 -96.75890000000001,32.71825,170.31754871590545 -96.75890000000001,32.71825,117.22754871590543</coordinates>
                    </LinearRing>
                  </outerBoundaryIs>
                </Polygon>
              </MultiGeometry>
            </Placemark>
          </Folder>
          <Folder>
            <name>E180: uss2_core interuss.automated_testing.flight_planning.v1.UpsertFlightPlan</name>
            <Folder>
              <name>Activity Completed, flight OkToFly</name>
              <Placemark>
                <name>Volume 0</name>
                <styleUrl>#InUse_Nominal</styleUrl>
                <TimeSpan>
                  <begin>2025-10-10T19:36:06.321085+00:00</begin>
                  <end>2025-10-10T20:21:07.321085+00:00</end>
                </TimeSpan>
                <MultiGeometry>
                  <Polygon>
                    <altitudeMode>absolute</altitudeMode>
                    <outerBoundaryIs>
                      <LinearRing>
                        <coordinates>-96.75890000000001,32.7183,117.22767239934487 -96.7583,32.71825,117.22767239934487 -96.7587,32.7186,117.22767239934487</coordinates>
                      </LinearRing>
                    </outerBoundaryIs>
                  </Polygon>
                  <Polygon>
                    <altitudeMode>absolute</altitudeMode>
                    <outerBoundaryIs>
                      <LinearRing>
                        <coordinates>-96.75890000000001,32.7183,170.31767239934487 -96.7583,32.71825,170.31767239934487 -96.7587,32.7186,170.31767239934487</coordinates>
                      </LinearRing>
                    </outerBoundaryIs>
                  </Polygon>
                  <Polygon>
                    <altitudeMode>absolute</altitudeMode>
                    <outerBoundaryIs>
                      <LinearRing>
                        <coordinates>-96.75890000000001,32.7183,117.22767239934487 -96.75890000000001,32.7183,170.31767239934487 -96.7583,32.71825,170.31767239934487 -96.7583,32.71825,117.22767239934487</coordinates>
                      </LinearRing>
                    </outerBoundaryIs>
                  </Polygon>
                  <Polygon>
                    <altitudeMode>absolute</altitudeMode>
                    <outerBoundaryIs>
                      <LinearRing>
                        <coordinates>-96.7583,32.71825,117.22767239934487 -96.7583,32.71825,170.31767239934487 -96.7587,32.7186,170.31767239934487 -96.7587,32.7186,117.22767239934487</coordinates>
                      </LinearRing>
                    </outerBoundaryIs>
                  </Polygon>
                  <Polygon>
                    <altitudeMode>absolute</altitudeMode>
                    <outerBoundaryIs>
                      <LinearRing>
                        <coordinates>-96.7587,32.7186,117.22767239934487 -96.7587,32.7186,170.31767239934487 -96.75890000000001,32.7183,170.31767239934487 -96.75890000000001,32.7183,117.22767239934487</coordinates>
                      </LinearRing>
                    </outerBoundaryIs>
                  </Polygon>
                </MultiGeometry>
              </Placemark>
            </Folder>
          </Folder>
          <Folder>
            <name>E183: uss1_dss astm.f3548.v21.dss.queryOperationalIntentReferences</name>
            <Placemark>
              <name>area_of_interest</name>
              <styleUrl>#QueryArea</styleUrl>
              <description><![CDATA[<ul><li>uss1's Activated 2bcee139-d878-4d73-b5cc-ac8cdab91c17[3]</li><li>uss2's Activated ec61e40c-f3ac-47e2-9025-8c2173a080ef[3]</li></ul>]]></description>
              <TimeSpan>
                <begin>2025-10-10T19:36:06.321085+00:00</begin>
                <end>2025-10-10T20:21:07.321085+00:00</end>
              </TimeSpan>
              <MultiGeometry>
                <Polygon>
                  <altitudeMode>absolute</altitudeMode>
                  <outerBoundaryIs>
                    <LinearRing>
                      <coordinates>-96.75890000000001,32.71825,117.22754871590543 -96.75890000000001,32.7186,117.22754871590543 -96.7583,32.7186,117.22754871590543 -96.7583,32.71825,117.22754871590543</coordinates>
                    </LinearRing>
                  </outerBoundaryIs>
                </Polygon>
                <Polygon>
                  <altitudeMode>absolute</altitudeMode>
                  <outerBoundaryIs>
                    <LinearRing>
                      <coordinates>-96.75890000000001,32.71825,170.31754871590545 -96.75890000000001,32.7186,170.31754871590545 -96.7583,32.7186,170.31754871590545 -96.7583,32.71825,170.31754871590545</coordinates>
                    </LinearRing>
                  </outerBoundaryIs>
                </Polygon>
                <Polygon>
                  <altitudeMode>absolute</altitudeMode>
                  <outerBoundaryIs>
                    <LinearRing>
                      <coordinates>-96.75890000000001,32.71825,117.22754871590543 -96.75890000000001,32.71825,170.31754871590545 -96.75890000000001,32.7186,170.31754871590545 -96.75890000000001,32.7186,117.22754871590543</coordinates>
                    </LinearRing>
                  </outerBoundaryIs>
                </Polygon>
                <Polygon>
                  <altitudeMode>absolute</altitudeMode>
                  <outerBoundaryIs>
                    <LinearRing>
                      <coordinates>-96.75890000000001,32.7186,117.22754871590543 -96.75890000000001,32.7186,170.31754871590545 -96.7583,32.7186,170.31754871590545 -96.7583,32.7186,117.22754871590543</coordinates>
                    </LinearRing>
                  </outerBoundaryIs>
                </Polygon>
                <Polygon>
                  <altitudeMode>absolute</altitudeMode>
                  <outerBoundaryIs>
                    <LinearRing>
                      <coordinates>-96.7583,32.7186,117.22754871590543 -96.7583,32.7186,170.31754871590545 -96.7583,32.71825,170.31754871590545 -96.7583,32.71825,117.22754871590543</coordinates>
                    </LinearRing>
                  </outerBoundaryIs>
                </Polygon>
                <Polygon>
                  <altitudeMode>absolute</altitudeMode>
                  <outerBoundaryIs>
                    <LinearRing>
                      <coordinates>-96.7583,32.71825,117.22754871590543 -96.7583,32.71825,170.31754871590545 -96.75890000000001,32.71825,170.31754871590545 -96.75890000000001,32.71825,117.22754871590543</coordinates>
                    </LinearRing>
                  </outerBoundaryIs>
                </Polygon>
              </MultiGeometry>
            </Placemark>
          </Folder>
          <Folder>
            <name>E188: uss2_core astm.f3548.v21.uss.getOperationalIntentDetails</name>
            <Folder>
              <name>uss2's P100 Activated ec61e40c-f3ac-47e2-9025-8c2173a080ef[3] @ CQO9kfQLGIxK4-Jy1ML4bDNFosNikP5b0tsUTPb83nQ_</name>
              <Placemark>
                <name>Nominal volume 0</name>
                <styleUrl>#F3548v21Activated</styleUrl>
                <TimeSpan>
                  <begin>2025-10-10T19:36:06.321085+00:00</begin>
                  <end>2025-10-10T20:21:07.321085+00:00</end>
                </TimeSpan>
                <MultiGeometry>
                  <Polygon>
                    <altitudeMode>absolute</altitudeMode>
                    <outerBoundaryIs>
                      <LinearRing>
                        <coordinates>-96.75890000000001,32.7183,117.22767239934487 -96.7583,32.71825,117.22767239934487 -96.7587,32.7186,117.22767239934487</coordinates>
                      </LinearRing>
                    </outerBoundaryIs>
                  </Polygon>
                  <Polygon>
                    <altitudeMode>absolute</altitudeMode>
                    <outerBoundaryIs>
                      <LinearRing>
                        <coordinates>-96.75890000000001,32.7183,170.31767239934487 -96.7583,32.71825,170.31767239934487 -96.7587,32.7186,170.31767239934487</coordinates>
                      </LinearRing>
                    </outerBoundaryIs>
                  </Polygon>
                  <Polygon>
                    <altitudeMode>absolute</altitudeMode>
                    <outerBoundaryIs>
                      <LinearRing>
                        <coordinates>-96.75890000000001,32.7183,117.22767239934487 -96.75890000000001,32.7183,170.31767239934487 -96.7583,32.71825,170.31767239934487 -96.7583,32.71825,117.22767239934487</coordinates>
                      </LinearRing>
                    </outerBoundaryIs>
                  </Polygon>
                  <Polygon>
                    <altitudeMode>absolute</altitudeMode>
                    <outerBoundaryIs>
                      <LinearRing>
                        <coordinates>-96.7583,32.71825,117.22767239934487 -96.7583,32.71825,170.31767239934487 -96.7587,32.7186,170.31767239934487 -96.7587,32.7186,117.22767239934487</coordinates>
                      </LinearRing>
                    </outerBoundaryIs>
                  </Polygon>
                  <Polygon>
                    <altitudeMode>absolute</altitudeMode>
                    <outerBoundaryIs>
                      <LinearRing>
                        <coordinates>-96.7587,32.7186,117.22767239934487 -96.7587,32.7186,170.31767239934487 -96.75890000000001,32.7183,170.31767239934487 -96.75890000000001,32.7183,117.22767239934487</coordinates>
                      </LinearRing>
                    </outerBoundaryIs>
                  </Polygon>
                </MultiGeometry>
              </Placemark>
            </Folder>
          </Folder>
        </Folder>
        <Folder>
          <name>Attempt to modify activated Flight 1 in conflict</name>
          <Folder>
            <name>E194: uss1_dss astm.f3548.v21.dss.queryOperationalIntentReferences</name>
            <Placemark>
              <name>area_of_interest</name>
              <styleUrl>#QueryArea</styleUrl>
              <description><![CDATA[<ul><li>uss1's Activated 2bcee139-d878-4d73-b5cc-ac8cdab91c17[3]</li><li>uss2's Activated ec61e40c-f3ac-47e2-9025-8c2173a080ef[3]</li></ul>]]></description>
              <TimeSpan>
                <begin>2025-10-10T19:36:06.175911+00:00</begin>
                <end>2025-10-10T20:21:07.450784+00:00</end>
              </TimeSpan>
              <MultiGeometry>
                <Polygon>
                  <altitudeMode>absolute</altitudeMode>
                  <outerBoundaryIs>
                    <LinearRing>
                      <coordinates>-96.7586,32.71785,90.26705009760636 -96.7586,32.7186,90.26705009760636 -96.75815,32.7186,90.26705009760636 -96.75815,32.71785,90.26705009760636</coordinates>
                    </LinearRing>
                  </outerBoundaryIs>
                </Polygon>
                <Polygon>
                  <altitudeMode>absolute</altitudeMode>
                  <outerBoundaryIs>
                    <LinearRing>
                      <coordinates>-96.7586,32.71785,155.31705009760637 -96.7586,32.7186,155.31705009760637 -96.75815,32.7186,155.31705009760637 -96.75815,32.71785,155.31705009760637</coordinates>
                    </LinearRing>
                  </outerBoundaryIs>
                </Polygon>
                <Polygon>
                  <altitudeMode>absolute</altitudeMode>
                  <outerBoundaryIs>
                    <LinearRing>
                      <coordinates>-96.7586,32.71785,90.26705009760636 -96.7586,32.71785,155.31705009760637 -96.7586,32.7186,155.31705009760637 -96.7586,32.7186,90.26705009760636</coordinates>
                    </LinearRing>
                  </outerBoundaryIs>
                </Polygon>
                <Polygon>
                  <altitudeMode>absolute</altitudeMode>
                  <outerBoundaryIs>
                    <LinearRing>
                      <coordinates>-96.7586,32.7186,90.26705009760636 -96.7586,32.7186,155.31705009760637 -96.75815,32.7186,155.31705009760637 -96.75815,32.7186,90.26705009760636</coordinates>
                    </LinearRing>
                  </outerBoundaryIs>
                </Polygon>
                <Polygon>
                  <altitudeMode>absolute</altitudeMode>
                  <outerBoundaryIs>
                    <LinearRing>
                      <coordinates>-96.75815,32.7186,90.26705009760636 -96.75815,32.7186,155.31705009760637 -96.75815,32.71785,155.31705009760637 -96.75815,32.71785,90.26705009760636</coordinates>
                    </LinearRing>
                  </outerBoundaryIs>
                </Polygon>
                <Polygon>
                  <altitudeMode>absolute</altitudeMode>
                  <outerBoundaryIs>
                    <LinearRing>
                      <coordinates>-96.75815,32.71785,90.26705009760636 -96.75815,32.71785,155.31705009760637 -96.7586,32.71785,155.31705009760637 -96.7586,32.71785,90.26705009760636</coordinates>
                    </LinearRing>
                  </outerBoundaryIs>
                </Polygon>
              </MultiGeometry>
            </Placemark>
          </Folder>
          <Folder>
            <name>E196: uss1_core interuss.automated_testing.flight_planning.v1.UpsertFlightPlan</name>
            <Folder>
              <name>Activity Rejected, flight OkToFly</name>
              <Placemark>
                <name>Volume 0</name>
                <styleUrl>#InUse_Nominal</styleUrl>
                <TimeSpan>
                  <begin>2025-10-10T19:36:06.450784+00:00</begin>
                  <end>2025-10-10T20:21:07.450784+00:00</end>
                </TimeSpan>
                <MultiGeometry>
                  <Polygon>
                    <altitudeMode>absolute</altitudeMode>
                    <outerBoundaryIs>
                      <LinearRing>
                        <coordinates>-96.75840000000001,32.7179,120.37686295447425 -96.75840000000001,32.7186,120.37686295447425 -96.7582,32.7182,120.37686295447425 -96.75815,32.71785,120.37686295447425</coordinates>
                      </LinearRing>
                    </outerBoundaryIs>
                  </Polygon>
                  <Polygon>
                    <altitudeMode>absolute</altitudeMode>
                    <outerBoundaryIs>
                      <LinearRing>
                        <coordinates>-96.75840000000001,32.7179,155.31686295447423 -96.75840000000001,32.7186,155.31686295447423 -96.7582,32.7182,155.31686295447423 -96.75815,32.71785,155.31686295447423</coordinates>
                      </LinearRing>
                    </outerBoundaryIs>
                  </Polygon>
                  <Polygon>
                    <altitudeMode>absolute</altitudeMode>
                    <outerBoundaryIs>
                      <LinearRing>
                        <coordinates>-96.75840000000001,32.7179,120.37686295447425 -96.75840000000001,32.7179,155.31686295447423 -96.75840000000001,32.7186,155.31686295447423 -96.75840000000001,32.7186,120.37686295447425</coordinates>
                      </LinearRing>
                    </outerBoundaryIs>
                  </Polygon>
                  <Polygon>
                    <altitudeMode>absolute</altitudeMode>
                    <outerBoundaryIs>
                      <LinearRing>
                        <coordinates>-96.75840000000001,32.7186,120.37686295447425 -96.75840000000001,32.7186,155.31686295447423 -96.7582,32.7182,155.31686295447423 -96.7582,32.7182,120.37686295447425</coordinates>
                      </LinearRing>
                    </outerBoundaryIs>
                  </Polygon>
                  <Polygon>
                    <altitudeMode>absolute</altitudeMode>
                    <outerBoundaryIs>
                      <LinearRing>
                        <coordinates>-96.7582,32.7182,120.37686295447425 -96.7582,32.7182,155.31686295447423 -96.75815,32.71785,155.31686295447423 -96.75815,32.71785,120.37686295447425</coordinates>
                      </LinearRing>
                    </outerBoundaryIs>
                  </Polygon>
                  <Polygon>
                    <altitudeMode>absolute</altitudeMode>
                    <outerBoundaryIs>
                      <LinearRing>
                        <coordinates>-96.75815,32.71785,120.37686295447425 -96.75815,32.71785,155.31686295447423 -96.75840000000001,32.7179,155.31686295447423 -96.75840000000001,32.7179,120.37686295447425</coordinates>
                      </LinearRing>
                    </outerBoundaryIs>
                  </Polygon>
                </MultiGeometry>
              </Placemark>
            </Folder>
          </Folder>
          <Folder>
            <name>E199: uss1_dss astm.f3548.v21.dss.queryOperationalIntentReferences</name>
            <Placemark>
              <name>area_of_interest</name>
              <styleUrl>#QueryArea</styleUrl>
              <description><![CDATA[<ul><li>uss1's Activated 2bcee139-d878-4d73-b5cc-ac8cdab91c17[3]</li><li>uss2's Activated ec61e40c-f3ac-47e2-9025-8c2173a080ef[3]</li></ul>]]></description>
              <TimeSpan>
                <begin>2025-10-10T19:36:06.175911+00:00</begin>
                <end>2025-10-10T20:21:07.450784+00:00</end>
              </TimeSpan>
              <MultiGeometry>
                <Polygon>
                  <altitudeMode>absolute</altitudeMode>
                  <outerBoundaryIs>
                    <LinearRing>
                      <coordinates>-96.7586,32.71785,90.26705009760636 -96.7586,32.7186,90.26705009760636 -96.75815,32.7186,90.26705009760636 -96.75815,32.71785,90.26705009760636</coordinates>
                    </LinearRing>
                  </outerBoundaryIs>
                </Polygon>
                <Polygon>
                  <altitudeMode>absolute</altitudeMode>
                  <outerBoundaryIs>
                    <LinearRing>
                      <coordinates>-96.7586,32.71785,155.31705009760637 -96.7586,32.7186,155.31705009760637 -96.75815,32.7186,155.31705009760637 -96.75815,32.71785,155.31705009760637</coordinates>
                    </LinearRing>
                  </outerBoundaryIs>
                </Polygon>
                <Polygon>
                  <altitudeMode>absolute</altitudeMode>
                  <outerBoundaryIs>
                    <LinearRing>
                      <coordinates>-96.7586,32.71785,90.26705009760636 -96.7586,32.71785,155.31705009760637 -96.7586,32.7186,155.31705009760637 -96.7586,32.7186,90.26705009760636</coordinates>
                    </LinearRing>
                  </outerBoundaryIs>
                </Polygon>
                <Polygon>
                  <altitudeMode>absolute</altitudeMode>
                  <outerBoundaryIs>
                    <LinearRing>
                      <coordinates>-96.7586,32.7186,90.26705009760636 -96.7586,32.7186,155.31705009760637 -96.75815,32.7186,155.31705009760637 -96.75815,32.7186,90.26705009760636</coordinates>
                    </LinearRing>
                  </outerBoundaryIs>
                </Polygon>
                <Polygon>
                  <altitudeMode>absolute</altitudeMode>
                  <outerBoundaryIs>
                    <LinearRing>
                      <coordinates>-96.75815,32.7186,90.26705009760636 -96.75815,32.7186,155.31705009760637 -96.75815,32.71785,155.31705009760637 -96.75815,32.71785,90.26705009760636</coordinates>
                    </LinearRing>
                  </outerBoundaryIs>
                </Polygon>
                <Polygon>
                  <altitudeMode>absolute</altitudeMode>
                  <outerBoundaryIs>
                    <LinearRing>
                      <coordinates>-96.75815,32.71785,90.26705009760636 -96.75815,32.71785,155.31705009760637 -96.7586,32.71785,155.31705009760637 -96.7586,32.71785,90.26705009760636</coordinates>
                    </LinearRing>
                  </outerBoundaryIs>
                </Polygon>
              </MultiGeometry>
            </Placemark>
          </Folder>
          <Folder>
            <name>E204: uss1_core astm.f3548.v21.uss.getOperationalIntentDetails</name>
            <Folder>
              <name>uss1's P0 Activated 2bcee139-d878-4d73-b5cc-ac8cdab91c17[3] @ KkWwgdFIvoIUbcuEv854xXNR66LIp5i1U98JEd7CaUA_</name>
              <Placemark>
                <name>Nominal volume 0</name>
                <styleUrl>#F3548v21Activated</styleUrl>
                <TimeSpan>
                  <begin>2025-10-10T19:36:06.175911+00:00</begin>
                  <end>2025-10-10T20:21:07.175911+00:00</end>
                </TimeSpan>
                <MultiGeometry>
                  <Polygon>
                    <altitudeMode>absolute</altitudeMode>
                    <outerBoundaryIs>
                      <LinearRing>
                        <coordinates>-96.7586,32.7179,90.2672163874855 -96.7586,32.7182,90.2672163874855 -96.7582,32.7182,90.2672163874855 -96.75815,32.71785,90.2672163874855</coordinates>
                      </LinearRing>
                    </outerBoundaryIs>
                  </Polygon>
                  <Polygon>
                    <altitudeMode>absolute</altitudeMode>
                    <outerBoundaryIs>
                      <LinearRing>
                        <coordinates>-96.7586,32.7179,150.3172163874855 -96.7586,32.7182,150.3172163874855 -96.7582,32.7182,150.3172163874855 -96.75815,32.71785,150.3172163874855</coordinates>
                      </LinearRing>
                    </outerBoundaryIs>
                  </Polygon>
                  <Polygon>
                    <altitudeMode>absolute</altitudeMode>
                    <outerBoundaryIs>
                      <LinearRing>
                        <coordinates>-96.7586,32.7179,90.2672163874855 -96.7586,32.7179,150.3172163874855 -96.7586,32.7182,150.3172163874855 -96.7586,32.7182,90.2672163874855</coordinates>
                      </LinearRing>
                    </outerBoundaryIs>
                  </Polygon>
                  <Polygon>
                    <altitudeMode>absolute</altitudeMode>
                    <outerBoundaryIs>
                      <LinearRing>
                        <coordinates>-96.7586,32.7182,90.2672163874855 -96.7586,32.7182,150.3172163874855 -96.7582,32.7182,150.3172163874855 -96.7582,32.7182,90.2672163874855</coordinates>
                      </LinearRing>
                    </outerBoundaryIs>
                  </Polygon>
                  <Polygon>
                    <altitudeMode>absolute</altitudeMode>
                    <outerBoundaryIs>
                      <LinearRing>
                        <coordinates>-96.7582,32.7182,90.2672163874855 -96.7582,32.7182,150.3172163874855 -96.75815,32.71785,150.3172163874855 -96.75815,32.71785,90.2672163874855</coordinates>
                      </LinearRing>
                    </outerBoundaryIs>
                  </Polygon>
                  <Polygon>
                    <altitudeMode>absolute</altitudeMode>
                    <outerBoundaryIs>
                      <LinearRing>
                        <coordinates>-96.75815,32.71785,90.2672163874855 -96.75815,32.71785,150.3172163874855 -96.7586,32.7179,150.3172163874855 -96.7586,32.7179,90.2672163874855</coordinates>
                      </LinearRing>
                    </outerBoundaryIs>
                  </Polygon>
                </MultiGeometry>
              </Placemark>
            </Folder>
          </Folder>
        </Folder>
      </Folder>
      <Folder>
        <name/>
        <Folder>
          <name>Cleanup</name>
        </Folder>
      </Folder>
    </Folder>
  </Document>
</kml>
