<kml xmlns="http://www.opengis.net/kml/2.2" xmlns:atom="http://www.w3.org/2005/Atom" xmlns:gx="http://www.google.com/kml/ext/2.2">
  <Document>
    <Style id="QueryArea">
      <LineStyle>
        <color>ffc0c000</color>
        <width>3</width>
      </LineStyle>
      <PolyStyle>
        <color>80ffffaa</color>
      </PolyStyle>
    </Style>
    <Style id="F3548v21Accepted">
      <LineStyle>
        <color>ff00c000</color>
        <width>3</width>
      </LineStyle>
      <PolyStyle>
        <color>80c0c0c0</color>
      </PolyStyle>
    </Style>
    <Style id="F3548v21Activated">
      <LineStyle>
        <color>ff00c000</color>
        <width>3</width>
      </LineStyle>
      <PolyStyle>
        <color>8000ff00</color>
      </PolyStyle>
    </Style>
    <Style id="F3548v21Nonconforming">
      <LineStyle>
        <color>ff00ffff</color>
        <width>5</width>
      </LineStyle>
      <PolyStyle>
        <color>8000ffff</color>
      </PolyStyle>
    </Style>
    <Style id="F3548v21Contingent">
      <LineStyle>
        <color>ff0000ff</color>
        <width>5</width>
      </LineStyle>
      <PolyStyle>
        <color>80ff0000ff</color>
      </PolyStyle>
    </Style>
    <Style id="F3548v21AcceptedFuture">
      <LineStyle>
        <color>80c0c0c0</color>
        <width>1</width>
      </LineStyle>
      <PolyStyle>
        <color>00000000</color>
      </PolyStyle>
    </Style>
    <Style id="F3548v21ActivatedFuture">
      <LineStyle>
        <color>8040c040</color>
        <width>1</width>
      </LineStyle>
      <PolyStyle>
        <color>00000000</color>
      </PolyStyle>
    </Style>
    <Style id="F3548v21NonconformingFuture">
      <LineStyle>
        <color>8000ffff</color>
        <width>1</width>
      </LineStyle>
      <PolyStyle>
        <color>00000000</color>
      </PolyStyle>
    </Style>
    <Style id="F3548v21ContingentFuture">
      <LineStyle>
        <color>80ff0000ff</color>
        <width>1</width>
      </LineStyle>
      <PolyStyle>
        <color>00000000</color>
      </PolyStyle>
    </Style>
    <Style id="Planned_Nominal">
      <LineStyle>
        <color>ff00c000</color>
        <width>3</width>
      </LineStyle>
      <PolyStyle>
        <color>80808080</color>
      </PolyStyle>
    </Style>
    <Style id="InUse_Nominal">
      <LineStyle>
        <color>ff00c000</color>
        <width>3</width>
      </LineStyle>
      <PolyStyle>
        <color>8000ff00</color>
      </PolyStyle>
    </Style>
    <Style id="InUse_OffNominal">
      <LineStyle>
        <color>ff00ffff</color>
        <width>5</width>
      </LineStyle>
      <PolyStyle>
        <color>8000ff00</color>
      </PolyStyle>
    </Style>
    <Style id="InUse_Contingent">
      <LineStyle>
        <color>ff0000ff</color>
        <width>5</width>
      </LineStyle>
      <PolyStyle>
        <color>8000ff00</color>
      </PolyStyle>
    </Style>
    <Style id="unmodifiedtelemetry">
      <IconStyle>
        <scale>1.4</scale>
        <Icon>
          <href>http://maps.google.com/mapfiles/kml/shapes/placemark_circle.png</href>
        </Icon>
      </IconStyle>
    </Style>
    <Style id="modifiedtelemetry">
      <IconStyle>
        <scale>1.4</scale>
        <Icon>
          <href>http://maps.google.com/mapfiles/kml/shapes/placemark_square.png</href>
        </Icon>
      </IconStyle>
    </Style>
    <Style id="aircraft">
      <IconStyle>
        <scale>1.4</scale>
        <Icon>
          <href>http://maps.google.com/mapfiles/kml/shapes/airports.png</href>
        </Icon>
      </IconStyle>
    </Style>
    <Folder>
      <name>Nominal planning: conflict with higher priority</name>
      <Folder>
        <name>Prerequisites check</name>
        <Folder>
          <name>Verify area is clear</name>
          <Folder>
            <name>E3: uss1_dss astm.f3548.v21.dss.queryOperationalIntentReferences</name>
            <Placemark>
              <name>area_of_interest</name>
              <styleUrl>#QueryArea</styleUrl>
              <description><![CDATA[(no operational intent references found)]]></description>
              <TimeSpan>
                <begin>2026-10-03T16:13:07.777818+00:00</begin>
                <end>2026-10-03T17:43:08.777818+00:00</end>
              </TimeSpan>
              <MultiGeometry>
                <Polygon>
                  <altitudeMode>absolute</altitudeMode>
                  <outerBoundaryIs>
                    <LinearRing>
                      <coordinates>-96.75899607628425,32.71777243082621,90.26734008821771 -96.75899607628425,32.718602737943755,90.26734008821771 -96.75793995876997,32.718602737943755,90.26734008821771 -96.75793995876997,32.71777243082621,90.26734008821771</coordinates>
                    </LinearRing>
                  </outerBoundaryIs>
                </Polygon>
                <Polygon>
                  <altitudeMode>absolute</altitudeMode>
                  <outerBoundaryIs>
                    <LinearRing>
                      <coordinates>-96.75899607628425,32.71777243082621,170.3173400882177 -96.75899607628425,32.718602737943755,170.3173400882177 -96.75793995876997,32.718602737943755,170.3173400882177 -96.75793995876997,32.71777243082621,170.3173400882177</coordinates>
                    </LinearRing>
                  </outerBoundaryIs>
                </Polygon>
                <Polygon>
                  <altitudeMode>absolute</altitudeMode>
                  <outerBoundaryIs>
                    <LinearRing>
                      <coordinates>-96.75899607628425,32.71777243082621,90.26734008821771 -96.75899607628425,32.71777243082621,170.3173400882177 -96.75899607628425,32.718602737943755,170.3173400882177 -96.75899607628425,32.718602737943755,90.26734008821771</coordinates>
                    </LinearRing>
                  </outerBoundaryIs>
                </Polygon>
                <Polygon>
                  <altitudeMode>absolute</altitudeMode>
                  <outerBoundaryIs>
                    <LinearRing>
                      <coordinates>-96.75899607628425,32.718602737943755,90.26734008821771 -96.75899607628425,32.718602737943755,170.3173400882177 -96.75793995876997,32.718602737943755,170.3173400882177 -96.75793995876997,32.718602737943755,90.26734008821771</coordinates>
                    </LinearRing>
                  </outerBoundaryIs>
                </Polygon>
                <Polygon>
                  <altitudeMode>absolute</altitudeMode>
                  <outerBoundaryIs>
                    <LinearRing>
                      <coordinates>-96.75793995876997,32.718602737943755,90.26734008821771 -96.75793995876997,32.718602737943755,170.3173400882177 -96.75793995876997,32.71777243082621,170.3173400882177 -96.75793995876997,32.71777243082621,90.26734008821771</coordinates>
                    </LinearRing>
                  </outerBoundaryIs>
                </Polygon>
                <Polygon>
                  <altitudeMode>absolute</altitudeMode>
                  <outerBoundaryIs>
                    <LinearRing>
                      <coordinates>-96.75793995876997,32.71777243082621,90.26734008821771 -96.75793995876997,32.71777243082621,170.3173400882177 -96.75899607628425,32.71777243082621,170.3173400882177 -96.75899607628425,32.71777243082621,90.26734008821771</coordinates>
                    </LinearRing>
                  </outerBoundaryIs>
                </Polygon>
              </MultiGeometry>
            </Placemark>
          </Folder>
        </Folder>
      </Folder>
      <Folder>
        <name>Attempt to plan flight in conflict</name>
        <Folder>
          <name>Plan Flight 2</name>
          <Folder>
            <name>E6: uss1_dss astm.f3548.v21.dss.queryOperationalIntentReferences</name>
            <Placemark>
              <name>area_of_interest</name>
              <styleUrl>#QueryArea</styleUrl>
              <description><![CDATA[(no operational intent references found)]]></description>
              <TimeSpan>
                <begin>2026-10-03T16:13:07.875618+00:00</begin>
                <end>2026-10-03T16:58:08.875618+00:00</end>
              </TimeSpan>
              <MultiGeometry>
                <Polygon>
                  <altitudeMode>absolute</altitudeMode>
                  <outerBoundaryIs>
                    <LinearRing>
                      <coordinates>-96.75899607628425,32.717821632855895,119.24813014424481 -96.75899607628425,32.718424015430124,119.24813014424481 -96.75846501195453,32.718424015430124,119.24813014424481 -96.75846501195453,32.717821632855895,119.24813014424481</coordinates>
                    </LinearRing>
                  </outerBoundaryIs>
                </Polygon>
                <Polygon>
                  <altitudeMode>absolute</altitudeMode>
                  <outerBoundaryIs>
                    <LinearRing>
                      <coordinates>-96.75899607628425,32.717821632855895,148.3181301442448 -96.75899607628425,32.718424015430124,148.3181301442448 -96.75846501195453,32.718424015430124,148.3181301442448 -96.75846501195453,32.717821632855895,148.3181301442448</coordinates>
                    </LinearRing>
                  </outerBoundaryIs>
                </Polygon>
                <Polygon>
                  <altitudeMode>absolute</altitudeMode>
                  <outerBoundaryIs>
                    <LinearRing>
                      <coordinates>-96.75899607628425,32.717821632855895,119.24813014424481 -96.75899607628425,32.717821632855895,148.3181301442448 -96.75899607628425,32.718424015430124,148.3181301442448 -96.75899607628425,32.718424015430124,119.24813014424481</coordinates>
                    </LinearRing>
                  </outerBoundaryIs>
                </Polygon>
                <Polygon>
                  <altitudeMode>absolute</altitudeMode>
                  <outerBoundaryIs>
                    <LinearRing>
                      <coordinates>-96.75899607628425,32.718424015430124,119.24813014424481 -96.75899607628425,32.718424015430124,148.3181301442448 -96.75846501195453,32.718424015430124,148.3181301442448 -96.75846501195453,32.718424015430124,119.24813014424481</coordinates>
                    </LinearRing>
                  </outerBoundaryIs>
                </Polygon>
                <Polygon>
                  <altitudeMode>absolute</altitudeMode>
                  <outerBoundaryIs>
                    <LinearRing>
                      <coordinates>-96.75846501195453,32.718424015430124,119.24813014424481 -96.75846501195453,32.718424015430124,148.3181301442448 -96.75846501195453,32.717821632855895,148.3181301442448 -96.75846501195453,32.717821632855895,119.24813014424481</coordinates>
                    </LinearRing>
                  </outerBoundaryIs>
                </Polygon>
                <Polygon>
                  <altitudeMode>absolute</altitudeMode>
                  <outerBoundaryIs>
                    <LinearRing>
                      <coordinates>-96.75846501195453,32.717821632855895,119.24813014424481 -96.75846501195453,32.717821632855895,148.3181301442448 -96.75899607628425,32.717821632855895,148.3181301442448 -96.75899607628425,32.717821632855895,119.24813014424481</coordinates>
                    </LinearRing>
                  </outerBoundaryIs>
                </Polygon>
              </MultiGeometry>
            </Placemark>
          </Folder>
          <Folder>
            <name>E8: uss2_core interuss.automated_testing.flight_planning.v1.UpsertFlightPlan</name>
            <Folder>
              <name>Activity Completed, flight Planned</name>
              <Placemark>
                <name>Volume 0</name>
                <styleUrl>#Planned_Nominal</styleUrl>
                <TimeSpan>
                  <begin>2026-10-03T16:13:07.875618+00:00</begin>
                  <end>2026-10-03T16:58:08.875618+00:00</end>
                </TimeSpan>
                <MultiGeometry>
                  <Polygon>
                    <altitudeMode>absolute</altitudeMode>
                    <outerBoundaryIs>
                      <LinearRing>
                        <coordinates>-96.75897457751377,32.71806391428686,119.2481663576577 -96.75846501195453,32.717821632855895,119.2481663576577 -96.75855731707719,32.71826205187991,119.2481663576577 -96.75899607628423,32.71842401543012,119.2481663576577</coordinates>
                      </LinearRing>
                    </outerBoundaryIs>
                  </Polygon>
                  <Polygon>
                    <altitudeMode>absolute</altitudeMode>
                    <outerBoundaryIs>
                      <LinearRing>
                        <coordinates>-96.75897457751377,32.71806391428686,148.3181663576577 -96.75846501195453,32.717821632855895,148.3181663576577 -96.75855731707719,32.71826205187991,148.3181663576577 -96.75899607628423,32.71842401543012,148.3181663576577</coordinates>
                      </LinearRing>
                    </outerBoundaryIs>
                  </Polygon>
                  <Polygon>
                    <altitudeMode>absolute</altitudeMode>
                    <outerBoundaryIs>
                      <LinearRing>
                        <coordinates>-96.75897457751377,32.71806391428686,119.2481663576577 -96.75897457751377,32.71806391428686,148.3181663576577 -96.75846501195453,32.717821632855895,148.3181663576577 -96.75846501195453,32.717821632855895,119.2481663576577</coordinates>
                      </LinearRing>
                    </outerBoundaryIs>
                  </Polygon>
                  <Polygon>
                    <altitudeMode>absolute</altitudeMode>
                    <outerBoundaryIs>
                      <LinearRing>
                        <coordinates>-96.75846501195453,32.717821632855895,119.2481663576577 -96.75846501195453,32.717821632855895,148.3181663576577 -96.75855731707719,32.71826205187991,148.3181663576577 -96.75855731707719,32.71826205187991,119.2481663576577</coordinates>
                      </LinearRing>
                    </outerBoundaryIs>
                  </Polygon>
                  <Polygon>
                    <altitudeMode>absolute</altitudeMode>
                    <outerBoundaryIs>
                      <LinearRing>
                        <coordinates>-96.75855731707719,32.71826205187991,119.2481663576577 -96.75855731707719,32.71826205187991,148.3181663576577 -96.75899607628423,32.71842401543012,148.3181663576577 -96.75899607628423,32.71842401543012,119.2481663576577</coordinates>
                      </LinearRing>
                    </outerBoundaryIs>
                  </Polygon>
                  <Polygon>
                    <altitudeMode>absolute</altitudeMode>
                    <outerBoundaryIs>
                      <LinearRing>
                        <coordinates>-96.75899607628423,32.71842401543012,119.2481663576577 -96.75899607628423,32.71842401543012,148.3181663576577 -96.75897457751377,32.71806391428686,148.3181663576577 -96.75897457751377,32.71806391428686,119.2481663576577</coordinates>
                      </LinearRing>
                    </outerBoundaryIs>
                  </Polygon>
                </MultiGeometry>
              </Placemark>
            </Folder>
          </Folder>
          <Folder>
            <name>E12: uss1_dss astm.f3548.v21.dss.queryOperationalIntentReferences</name>
            <Placemark>
              <name>area_of_interest</name>
              <styleUrl>#QueryArea</styleUrl>
              <description><![CDATA[<ul><li>uss2's Accepted 3a8b59e7-4952-4f64-a3d3-65cc4b2cd22c[1]</li></ul>]]></description>
              <TimeSpan>
                <begin>2026-10-03T16:13:07.875618+00:00</begin>
                <end>2026-10-03T16:58:08.875618+00:00</end>
              </TimeSpan>
              <MultiGeometry>
                <Polygon>
                  <altitudeMode>absolute</altitudeMode>
                  <outerBoundaryIs>
                    <LinearRing>
                      <coordinates>-96.75899607628425,32.717821632855895,119.24813014424481 -96.75899607628425,32.718424015430124,119.24813014424481 -96.75846501195453,32.718424015430124,119.24813014424481 -96.75846501195453,32.717821632855895,119.24813014424481</coordinates>
                    </LinearRing>
                  </outerBoundaryIs>
                </Polygon>
                <Polygon>
                  <altitudeMode>absolute</altitudeMode>
                  <outerBoundaryIs>
                    <LinearRing>
                      <coordinates>-96.75899607628425,32.717821632855895,148.3181301442448 -96.75899607628425,32.718424015430124,148.3181301442448 -96.75846501195453,32.718424015430124,148.3181301442448 -96.75846501195453,32.717821632855895,148.3181301442448</coordinates>
                    </LinearRing>
                  </outerBoundaryIs>
                </Polygon>
                <Polygon>
                  <altitudeMode>absolute</altitudeMode>
                  <outerBoundaryIs>
                    <LinearRing>
                      <coordinates>-96.75899607628425,32.717821632855895,119.24813014424481 -96.75899607628425,32.717821632855895,148.3181301442448 -96.75899607628425,32.718424015430124,148.3181301442448 -96.75899607628425,32.718424015430124,119.24813014424481</coordinates>
                    </LinearRing>
                  </outerBoundaryIs>
                </Polygon>
                <Polygon>
                  <altitudeMode>absolute</altitudeMode>
                  <outerBoundaryIs>
                    <LinearRing>
                      <coordinates>-96.75899607628425,32.718424015430124,119.24813014424481 -96.75899607628425,32.718424015430124,148.3181301442448 -96.75846501195453,32.718424015430124,148.3181301442448 -96.75846501195453,32.718424015430124,119.24813014424481</coordinates>
                    </LinearRing>
                  </outerBoundaryIs>
                </Polygon>
                <Polygon>
                  <altitudeMode>absolute</altitudeMode>
                  <outerBoundaryIs>
                    <LinearRing>
                      <coordinates>-96.75846501195453,32.718424015430124,119.24813014424481 -96.75846501195453,32.718424015430124,148.3181301442448 -96.75846501195453,32.717821632855895,148.3181301442448 -96.75846501195453,32.717821632855895,119.24813014424481</coordinates>
                    </LinearRing>
                  </outerBoundaryIs>
                </Polygon>
                <Polygon>
                  <altitudeMode>absolute</altitudeMode>
                  <outerBoundaryIs>
                    <LinearRing>
                      <coordinates>-96.75846501195453,32.717821632855895,119.24813014424481 -96.75846501195453,32.717821632855895,148.3181301442448 -96.75899607628425,32.717821632855895,148.3181301442448 -96.75899607628425,32.717821632855895,119.24813014424481</coordinates>
                    </LinearRing>
                  </outerBoundaryIs>
                </Polygon>
              </MultiGeometry>
            </Placemark>
          </Folder>
          <Folder>
            <name>E16: uss2_core astm.f3548.v21.uss.getOperationalIntentDetails</name>
            <Folder>
              <name>uss2's P100 Accepted 3a8b59e7-4952-4f64-a3d3-65cc4b2cd22c[1] @ I08hapYpRAs68ROPeg38D2jfldqebZg8qdbUsx3lpP4_</name>
              <Placemark>
                <name>Nominal volume 0</name>
                <styleUrl>#F3548v21Accepted</styleUrl>
                <TimeSpan>
                  <begin>2026-10-03T16:13:08.902593+00:00</begin>
                  <end>2026-10-03T16:58:08.875618+00:00</end>
                </TimeSpan>
                <MultiGeometry>
                  <Polygon>
                    <altitudeMode>absolute</altitudeMode>
                    <outerBoundaryIs>
                      <LinearRing>
                        <coordinates>-96.75897457751377,32.71806391428686,119.2481663576577 -96.75846501195453,32.717821632855895,119.2481663576577 -96.75855731707719,32.71826205187991,119.2481663576577 -96.75899607628423,32.71842401543012,119.2481663576577</coordinates>
                      </LinearRing>
                    </outerBoundaryIs>
                  </Polygon>
                  <Polygon>
                    <altitudeMode>absolute</altitudeMode>
                    <outerBoundaryIs>
                      <LinearRing>
                        <coordinates>-96.75897457751377,32.71806391428686,148.3181663576577 -96.75846501195453,32.717821632855895,148.3181663576577 -96.75855731707719,32.71826205187991,148.3181663576577 -96.75899607628423,32.71842401543012,148.3181663576577</coordinates>
                      </LinearRing>
                    </outerBoundaryIs>
                  </Polygon>
                  <Polygon>
                    <altitudeMode>absolute</altitudeMode>
                    <outerBoundaryIs>
                      <LinearRing>
                        <coordinates>-96.75897457751377,32.71806391428686,119.2481663576577 -96.75897457751377,32.71806391428686,148.3181663576577 -96.75846501195453,32.717821632855895,148.3181663576577 -96.75846501195453,32.717821632855895,119.2481663576577</coordinates>
                      </LinearRing>
                    </outerBoundaryIs>
                  </Polygon>
                  <Polygon>
                    <altitudeMode>absolute</altitudeMode>
                    <outerBoundaryIs>
                      <LinearRing>
                        <coordinates>-96.75846501195453,32.717821632855895,119.2481663576577 -96.75846501195453,32.717821632855895,148.3181663576577 -96.75855731707719,32.71826205187991,148.3181663576577 -96.75855731707719,32.71826205187991,119.2481663576577</coordinates>
                      </LinearRing>
                    </outerBoundaryIs>
                  </Polygon>
                  <Polygon>
                    <altitudeMode>absolute</altitudeMode>
                    <outerBoundaryIs>
                      <LinearRing>
                        <coordinates>-96.75855731707719,32.71826205187991,119.2481663576577 -96.75855731707719,32.71826205187991,148.3181663576577 -96.75899607628423,32.71842401543012,148.3181663576577 -96.75899607628423,32.71842401543012,119.2481663576577</coordinates>
                      </LinearRing>
                    </outerBoundaryIs>
                  </Polygon>
                  <Polygon>
                    <altitudeMode>absolute</altitudeMode>
                    <outerBoundaryIs>
                      <LinearRing>
                        <coordinates>-96.75899607628423,32.71842401543012,119.2481663576577 -96.75899607628423,32.71842401543012,148.3181663576577 -96.75897457751377,32.71806391428686,148.3181663576577 -96.75897457751377,32.71806391428686,119.2481663576577</coordinates>
                      </LinearRing>
                    </outerBoundaryIs>
                  </Polygon>
                </MultiGeometry>
              </Placemark>
            </Folder>
          </Folder>
        </Folder>
        <Folder>
          <name>Attempt to plan Flight 1</name>
          <Folder>
            <name>E25: uss1_dss astm.f3548.v21.dss.queryOperationalIntentReferences</name>
            <Placemark>
              <name>area_of_interest</name>
              <styleUrl>#QueryArea</styleUrl>
              <description><![CDATA[<ul><li>uss2's Accepted 3a8b59e7-4952-4f64-a3d3-65cc4b2cd22c[1]</li></ul>]]></description>
              <TimeSpan>
                <begin>2026-10-03T16:13:08.015823+00:00</begin>
                <end>2026-10-03T16:58:09.015823+00:00</end>
              </TimeSpan>
              <MultiGeometry>
                <Polygon>
                  <altitudeMode>absolute</altitudeMode>
                  <outerBoundaryIs>
                    <LinearRing>
                      <coordinates>-96.75885603693884,32.71777243082621,120.32721197182734 -96.75885603693884,32.71840061442382,120.32721197182734 -96.75793995876997,32.71840061442382,120.32721197182734 -96.75793995876997,32.71777243082621,120.32721197182734</coordinates>
                    </LinearRing>
                  </outerBoundaryIs>
                </Polygon>
                <Polygon>
                  <altitudeMode>absolute</altitudeMode>
                  <outerBoundaryIs>
                    <LinearRing>
                      <coordinates>-96.75885603693884,32.71777243082621,150.31721197182733 -96.75885603693884,32.71840061442382,150.31721197182733 -96.75793995876997,32.71840061442382,150.31721197182733 -96.75793995876997,32.71777243082621,150.31721197182733</coordinates>
                    </LinearRing>
                  </outerBoundaryIs>
                </Polygon>
                <Polygon>
                  <altitudeMode>absolute</altitudeMode>
                  <outerBoundaryIs>
                    <LinearRing>
                      <coordinates>-96.75885603693884,32.71777243082621,120.32721197182734 -96.75885603693884,32.71777243082621,150.31721197182733 -96.75885603693884,32.71840061442382,150.31721197182733 -96.75885603693884,32.71840061442382,120.32721197182734</coordinates>
                    </LinearRing>
                  </outerBoundaryIs>
                </Polygon>
                <Polygon>
                  <altitudeMode>absolute</altitudeMode>
                  <outerBoundaryIs>
                    <LinearRing>
                      <coordinates>-96.75885603693884,32.71840061442382,120.32721197182734 -96.75885603693884,32.71840061442382,150.31721197182733 -96.75793995876997,32.71840061442382,150.31721197182733 -96.75793995876997,32.71840061442382,120.32721197182734</coordinates>
                    </LinearRing>
                  </outerBoundaryIs>
                </Polygon>
                <Polygon>
                  <altitudeMode>absolute</altitudeMode>
                  <outerBoundaryIs>
                    <LinearRing>
                      <coordinates>-96.75793995876997,32.71840061442382,120.32721197182734 -96.75793995876997,32.71840061442382,150.31721197182733 -96.75793995876997,32.71777243082621,150.31721197182733 -96.75793995876997,32.71777243082621,120.32721197182734</coordinates>
                    </LinearRing>
                  </outerBoundaryIs>
                </Polygon>
                <Polygon>
                  <altitudeMode>absolute</altitudeMode>
                  <outerBoundaryIs>
                    <LinearRing>
                      <coordinates>-96.75793995876997,32.71777243082621,120.32721197182734 -96.75793995876997,32.71777243082621,150.31721197182733 -96.75885603693884,32.71777243082621,150.31721197182733 -96.75885603693884,32.71777243082621,120.32721197182734</coordinates>
                    </LinearRing>
                  </outerBoundaryIs>
                </Polygon>
              </MultiGeometry>
            </Placemark>
          </Folder>
          <Folder>
            <name>E27: uss1_core interuss.automated_testing.flight_planning.v1.UpsertFlightPlan</name>
            <Folder>
              <name>Activity Rejected, flight NotPlanned</name>
              <Placemark>
                <name>Volume 0</name>
                <styleUrl>#Planned_Nominal</styleUrl>
                <TimeSpan>
                  <begin>2026-10-03T16:13:08.015823+00:00</begin>
                  <end>2026-10-03T16:58:09.015823+00:00</end>
                </TimeSpan>
                <MultiGeometry>
                  <Polygon>
                    <altitudeMode>absolute</altitudeMode>
                    <outerBoundaryIs>
                      <LinearRing>
                        <coordinates>-96.7586436117025,32.71777243082621,120.32727274253008 -96.75885603693884,32.71801338382339,120.32727274253008 -96.75823551948804,32.71840061442382,120.32727274253008 -96.75793995876997,32.718149288087204,120.32727274253008</coordinates>
                      </LinearRing>
                    </outerBoundaryIs>
                  </Polygon>
                  <Polygon>
                    <altitudeMode>absolute</altitudeMode>
                    <outerBoundaryIs>
                      <LinearRing>
                        <coordinates>-96.7586436117025,32.71777243082621,150.31727274253006 -96.75885603693884,32.71801338382339,150.31727274253006 -96.75823551948804,32.71840061442382,150.31727274253006 -96.75793995876997,32.718149288087204,150.31727274253006</coordinates>
                      </LinearRing>
                    </outerBoundaryIs>
                  </Polygon>
                  <Polygon>
                    <altitudeMode>absolute</altitudeMode>
                    <outerBoundaryIs>
                      <LinearRing>
                        <coordinates>-96.7586436117025,32.71777243082621,120.32727274253008 -96.7586436117025,32.71777243082621,150.31727274253006 -96.75885603693884,32.71801338382339,150.31727274253006 -96.75885603693884,32.71801338382339,120.32727274253008</coordinates>
                      </LinearRing>
                    </outerBoundaryIs>
                  </Polygon>
                  <Polygon>
                    <altitudeMode>absolute</altitudeMode>
                    <outerBoundaryIs>
                      <LinearRing>
                        <coordinates>-96.75885603693884,32.71801338382339,120.32727274253008 -96.75885603693884,32.71801338382339,150.31727274253006 -96.75823551948804,32.71840061442382,150.31727274253006 -96.75823551948804,32.71840061442382,120.32727274253008</coordinates>
                      </LinearRing>
                    </outerBoundaryIs>
                  </Polygon>
                  <Polygon>
                    <altitudeMode>absolute</altitudeMode>
                    <outerBoundaryIs>
                      <LinearRing>
                        <coordinates>-96.75823551948804,32.71840061442382,120.32727274253008 -96.75823551948804,32.71840061442382,150.31727274253006 -96.75793995876997,32.718149288087204,150.31727274253006 -96.75793995876997,32.718149288087204,120.32727274253008</coordinates>
                      </LinearRing>
                    </outerBoundaryIs>
                  </Polygon>
                  <Polygon>
                    <altitudeMode>absolute</altitudeMode>
                    <outerBoundaryIs>
                      <LinearRing>
                        <coordinates>-96.75793995876997,32.718149288087204,120.32727274253008 -96.75793995876997,32.718149288087204,150.31727274253006 -96.7586436117025,32.71777243082621,150.31727274253006 -96.7586436117025,32.71777243082621,120.32727274253008</coordinates>
                      </LinearRing>
                    </outerBoundaryIs>
                  </Polygon>
                </MultiGeometry>
              </Placemark>
            </Folder>
          </Folder>
          <Folder>
            <name>E30: uss1_dss astm.f3548.v21.dss.queryOperationalIntentReferences</name>
            <Placemark>
              <name>area_of_interest</name>
              <styleUrl>#QueryArea</styleUrl>
              <description><![CDATA[<ul><li>uss2's Accepted 3a8b59e7-4952-4f64-a3d3-65cc4b2cd22c[1]</li></ul>]]></description>
              <TimeSpan>
                <begin>2026-10-03T16:13:08.015823+00:00</begin>
                <end>2026-10-03T16:58:09.015823+00:00</end>
              </TimeSpan>
              <MultiGeometry>
                <Polygon>
                  <altitudeMode>absolute</altitudeMode>
                  <outerBoundaryIs>
                    <LinearRing>
                      <coordinates>-96.75885603693884,32.71777243082621,120.32721197182734 -96.75885603693884,32.71840061442382,120.32721197182734 -96.75793995876997,32.71840061442382,120.32721197182734 -96.75793995876997,32.71777243082621,120.32721197182734</coordinates>
                    </LinearRing>
                  </outerBoundaryIs>
                </Polygon>
                <Polygon>
                  <altitudeMode>absolute</altitudeMode>
                  <outerBoundaryIs>
                    <LinearRing>
                      <coordinates>-96.75885603693884,32.71777243082621,150.31721197182733 -96.75885603693884,32.71840061442382,150.31721197182733 -96.75793995876997,32.71840061442382,150.31721197182733 -96.75793995876997,32.71777243082621,150.31721197182733</coordinates>
                    </LinearRing>
                  </outerBoundaryIs>
                </Polygon>
                <Polygon>
                  <altitudeMode>absolute</altitudeMode>
                  <outerBoundaryIs>
                    <LinearRing>
                      <coordinates>-96.75885603693884,32.71777243082621,120.32721197182734 -96.75885603693884,32.71777243082621,150.31721197182733 -96.75885603693884,32.71840061442382,150.31721197182733 -96.75885603693884,32.71840061442382,120.32721197182734</coordinates>
                    </LinearRing>
                  </outerBoundaryIs>
                </Polygon>
                <Polygon>
                  <altitudeMode>absolute</altitudeMode>
                  <outerBoundaryIs>
                    <LinearRing>
                      <coordinates>-96.75885603693884,32.71840061442382,120.32721197182734 -96.75885603693884,32.71840061442382,150.31721197182733 -96.75793995876997,32.71840061442382,150.31721197182733 -96.75793995876997,32.71840061442382,120.32721197182734</coordinates>
                    </LinearRing>
                  </outerBoundaryIs>
                </Polygon>
                <Polygon>
                  <altitudeMode>absolute</altitudeMode>
                  <outerBoundaryIs>
                    <LinearRing>
                      <coordinates>-96.75793995876997,32.71840061442382,120.32721197182734 -96.75793995876997,32.71840061442382,150.31721197182733 -96.75793995876997,32.71777243082621,150.31721197182733 -96.75793995876997,32.71777243082621,120.32721197182734</coordinates>
                    </LinearRing>
                  </outerBoundaryIs>
                </Polygon>
                <Polygon>
                  <altitudeMode>absolute</altitudeMode>
                  <outerBoundaryIs>
                    <LinearRing>
                      <coordinates>-96.75793995876997,32.71777243082621,120.32721197182734 -96.75793995876997,32.71777243082621,150.31721197182733 -96.75885603693884,32.71777243082621,150.31721197182733 -96.75885603693884,32.71777243082621,120.32721197182734</coordinates>
                    </LinearRing>
                  </outerBoundaryIs>
                </Polygon>
              </MultiGeometry>
            </Placemark>
          </Folder>
        </Folder>
        <Folder>
          <name>Delete Flight 2</name>
        </Folder>
      </Folder>
      <Folder>
        <name>Attempt to modify planned flight in conflict</name>
        <Folder>
          <name>Plan Flight 1</name>
          <Folder>
            <name>E35: uss1_dss astm.f3548.v21.dss.queryOperationalIntentReferences</name>
            <Placemark>
              <name>area_of_interest</name>
              <styleUrl>#QueryArea</styleUrl>
              <description><![CDATA[(no operational intent references found)]]></description>
              <TimeSpan>
                <begin>2026-10-03T16:13:08.104445+00:00</begin>
                <end>2026-10-03T16:58:09.104445+00:00</end>
              </TimeSpan>
              <MultiGeometry>
                <Polygon>
                  <altitudeMode>absolute</altitudeMode>
                  <outerBoundaryIs>
                    <LinearRing>
                      <coordinates>-96.75885603693884,32.71777243082621,120.32721197182734 -96.75885603693884,32.71840061442382,120.32721197182734 -96.75793995876997,32.71840061442382,120.32721197182734 -96.75793995876997,32.71777243082621,120.32721197182734</coordinates>
                    </LinearRing>
                  </outerBoundaryIs>
                </Polygon>
                <Polygon>
                  <altitudeMode>absolute</altitudeMode>
                  <outerBoundaryIs>
                    <LinearRing>
                      <coordinates>-96.75885603693884,32.71777243082621,150.31721197182733 -96.75885603693884,32.71840061442382,150.31721197182733 -96.75793995876997,32.71840061442382,150.31721197182733 -96.75793995876997,32.71777243082621,150.31721197182733</coordinates>
                    </LinearRing>
                  </outerBoundaryIs>
                </Polygon>
                <Polygon>
                  <altitudeMode>absolute</altitudeMode>
                  <outerBoundaryIs>
                    <LinearRing>
                      <coordinates>-96.75885603693884,32.71777243082621,120.32721197182734 -96.75885603693884,32.71777243082621,150.31721197182733 -96.75885603693884,32.71840061442382,150.31721197182733 -96.75885603693884,32.71840061442382,120.32721197182734</coordinates>
                    </LinearRing>
                  </outerBoundaryIs>
                </Polygon>
                <Polygon>
                  <altitudeMode>absolute</altitudeMode>
                  <outerBoundaryIs>
                    <LinearRing>
                      <coordinates>-96.75885603693884,32.71840061442382,120.32721197182734 -96.75885603693884,32.71840061442382,150.31721197182733 -96.75793995876997,32.71840061442382,150.31721197182733 -96.75793995876997,32.71840061442382,120.32721197182734</coordinates>
                    </LinearRing>
                  </outerBoundaryIs>
                </Polygon>
                <Polygon>
                  <altitudeMode>absolute</altitudeMode>
                  <outerBoundaryIs>
                    <LinearRing>
                      <coordinates>-96.75793995876997,32.71840061442382,120.32721197182734 -96.75793995876997,32.71840061442382,150.31721197182733 -96.75793995876997,32.71777243082621,150.31721197182733 -96.75793995876997,32.71777243082621,120.32721197182734</coordinates>
                    </LinearRing>
                  </outerBoundaryIs>
                </Polygon>
                <Polygon>
                  <altitudeMode>absolute</altitudeMode>
                  <outerBoundaryIs>
                    <LinearRing>
                      <coordinates>-96.75793995876997,32.71777243082621,120.32721197182734 -96.75793995876997,32.71777243082621,150.31721197182733 -96.75885603693884,32.71777243082621,150.31721197182733 -96.75885603693884,32.71777243082621,120.32721197182734</coordinates>
                    </LinearRing>
                  </outerBoundaryIs>
                </Polygon>
              </MultiGeometry>
            </Placemark>
          </Folder>
          <Folder>
            <name>E37: uss1_core interuss.automated_testing.flight_planning.v1.UpsertFlightPlan</name>
            <Folder>
              <name>Activity Completed, flight Planned</name>
              <Placemark>
                <name>Volume 0</name>
                <styleUrl>#Planned_Nominal</styleUrl>
                <TimeSpan>
                  <begin>2026-10-03T16:13:08.104445+00:00</begin>
                  <end>2026-10-03T16:58:09.104445+00:00</end>
                </TimeSpan>
                <MultiGeometry>
                  <Polygon>
                    <altitudeMode>absolute</altitudeMode>
                    <outerBoundaryIs>
                      <LinearRing>
                        <coordinates>-96.7586436117025,32.71777243082621,120.32727274253008 -96.75885603693884,32.71801338382339,120.32727274253008 -96.75823551948804,32.71840061442382,120.32727274253008 -96.75793995876997,32.718149288087204,120.32727274253008</coordinates>
                      </LinearRing>
                    </outerBoundaryIs>
                  </Polygon>
                  <Polygon>
                    <altitudeMode>absolute</altitudeMode>
                    <outerBoundaryIs>
                      <LinearRing>
                        <coordinates>-96.7586436117025,32.71777243082621,150.31727274253006 -96.75885603693884,32.71801338382339,150.31727274253006 -96.75823551948804,32.71840061442382,150.31727274253006 -96.75793995876997,32.718149288087204,150.31727274253006</coordinates>
                      </LinearRing>
                    </outerBoundaryIs>
                  </Polygon>
                  <Polygon>
                    <altitudeMode>absolute</altitudeMode>
                    <outerBoundaryIs>
                      <LinearRing>
                        <coordinates>-96.7586436117025,32.71777243082621,120.32727274253008 -96.7586436117025,32.71777243082621,150.31727274253006 -96.75885603693884,32.71801338382339,150.31727274253006 -96.75885603693884,32.71801338382339,120.32727274253008</coordinates>
                      </LinearRing>
                    </outerBoundaryIs>
                  </Polygon>
                  <Polygon>
                    <altitudeMode>absolute</altitudeMode>
                    <outerBoundaryIs>
                      <LinearRing>
                        <coordinates>-96.75885603693884,32.71801338382339,120.32727274253008 -96.75885603693884,32.71801338382339,150.31727274253006 -96.75823551948804,32.71840061442382,150.31727274253006 -96.75823551948804,32.71840061442382,120.32727274253008</coordinates>
                      </LinearRing>
                    </outerBoundaryIs>
                  </Polygon>
                  <Polygon>
                    <altitudeMode>absolute</altitudeMode>
                    <outerBoundaryIs>
                      <LinearRing>
                        <coordinates>-96.75823551948804,32.71840061442382,120.32727274253008 -96.75823551948804,32.71840061442382,150.31727274253006 -96.75793995876997,32.718149288087204,150.31727274253006 -96.75793995876997,32.718149288087204,120.32727274253008</coordinates>
                      </LinearRing>
                    </outerBoundaryIs>
                  </Polygon>
                  <Polygon>
                    <altitudeMode>absolute</altitudeMode>
                    <outerBoundaryIs>
                      <LinearRing>
                        <coordinates>-96.75793995876997,32.718149288087204,120.32727274253008 -96.75793995876997,32.718149288087204,150.31727274253006 -96.7586436117025,32.71777243082621,150.31727274253006 -96.7586436117025,32.71777243082621,120.32727274253008</coordinates>
                      </LinearRing>
                    </outerBoundaryIs>
                  </Polygon>
                </MultiGeometry>
              </Placemark>
            </Folder>
          </Folder>
          <Folder>
            <name>E41: uss1_dss astm.f3548.v21.dss.queryOperationalIntentReferences</name>
            <Placemark>
              <name>area_of_interest</name>
              <styleUrl>#QueryArea</styleUrl>
              <description><![CDATA[<ul><li>uss1's Accepted 1f351a93-47d3-4651-b562-534b67f5ab15[1]</li></ul>]]></description>
              <TimeSpan>
                <begin>2026-10-03T16:13:08.104445+00:00</begin>
                <end>2026-10-03T16:58:09.104445+00:00</end>
              </TimeSpan>
              <MultiGeometry>
                <Polygon>
                  <altitudeMode>absolute</altitudeMode>
                  <outerBoundaryIs>
                    <LinearRing>
                      <coordinates>-96.75885603693884,32.71777243082621,120.32721197182734 -96.75885603693884,32.71840061442382,120.32721197182734 -96.75793995876997,32.71840061442382,120.32721197182734 -96.75793995876997,32.71777243082621,120.32721197182734</coordinates>
                    </LinearRing>
                  </outerBoundaryIs>
                </Polygon>
                <Polygon>
                  <altitudeMode>absolute</altitudeMode>
                  <outerBoundaryIs>
                    <LinearRing>
                      <coordinates>-96.75885603693884,32.71777243082621,150.31721197182733 -96.75885603693884,32.71840061442382,150.31721197182733 -96.75793995876997,32.71840061442382,150.31721197182733 -96.75793995876997,32.71777243082621,150.31721197182733</coordinates>
                    </LinearRing>
                  </outerBoundaryIs>
                </Polygon>
                <Polygon>
                  <altitudeMode>absolute</altitudeMode>
                  <outerBoundaryIs>
                    <LinearRing>
                      <coordinates>-96.75885603693884,32.71777243082621,120.32721197182734 -96.75885603693884,32.71777243082621,150.31721197182733 -96.75885603693884,32.71840061442382,150.31721197182733 -96.75885603693884,32.71840061442382,120.32721197182734</coordinates>
                    </LinearRing>
                  </outerBoundaryIs>
                </Polygon>
                <Polygon>
                  <altitudeMode>absolute</altitudeMode>
                  <outerBoundaryIs>
                    <LinearRing>
                      <coordinates>-96.75885603693884,32.71840061442382,120.32721197182734 -96.75885603693884,32.71840061442382,150.31721197182733 -96.75793995876997,32.71840061442382,150.31721197182733 -96.75793995876997,32.71840061442382,120.32721197182734</coordinates>
                    </LinearRing>
                  </outerBoundaryIs>
                </Polygon>
                <Polygon>
                  <altitudeMode>absolute</altitudeMode>
                  <outerBoundaryIs>
                    <LinearRing>
                      <coordinates>-96.75793995876997,32.71840061442382,120.32721197182734 -96.75793995876997,32.71840061442382,150.31721197182733 -96.75793995876997,32.71777243082621,150.31721197182733 -96.75793995876997,32.71777243082621,120.32721197182734</coordinates>
                    </LinearRing>
                  </outerBoundaryIs>
                </Polygon>
                <Polygon>
                  <altitudeMode>absolute</altitudeMode>
                  <outerBoundaryIs>
                    <LinearRing>
                      <coordinates>-96.75793995876997,32.71777243082621,120.32721197182734 -96.75793995876997,32.71777243082621,150.31721197182733 -96.75885603693884,32.71777243082621,150.31721197182733 -96.75885603693884,32.71777243082621,120.32721197182734</coordinates>
                    </LinearRing>
                  </outerBoundaryIs>
                </Polygon>
              </MultiGeometry>
            </Placemark>
          </Folder>
          <Folder>
            <name>E45: uss1_core astm.f3548.v21.uss.getOperationalIntentDetails</name>
            <Folder>
              <name>uss1's P0 Accepted 1f351a93-47d3-4651-b562-534b67f5ab15[1] @ iw1q8opc.NSKgmiS3Zqs0dnFfrUmNAohw60RSdHK81s_</name>
              <Placemark>
                <name>Nominal volume 0</name>
                <styleUrl>#F3548v21Accepted</styleUrl>
                <TimeSpan>
                  <begin>2026-10-03T16:13:09.124835+00:00</begin>
                  <end>2026-10-03T16:58:09.104445+00:00</end>
                </TimeSpan>
                <MultiGeometry>
                  <Polygon>
                    <altitudeMode>absolute</altitudeMode>
                    <outerBoundaryIs>
                      <LinearRing>
                        <coordinates>-96.7586436117025,32.71777243082621,120.32727274253008 -96.75885603693884,32.71801338382339,120.32727274253008 -96.75823551948804,32.71840061442382,120.32727274253008 -96.75793995876997,32.718149288087204,120.32727274253008</coordinates>
                      </LinearRing>
                    </outerBoundaryIs>
                  </Polygon>
                  <Polygon>
                    <altitudeMode>absolute</altitudeMode>
                    <outerBoundaryIs>
                      <LinearRing>
                        <coordinates>-96.7586436117025,32.71777243082621,150.31727274253006 -96.75885603693884,32.71801338382339,150.31727274253006 -96.75823551948804,32.71840061442382,150.31727274253006 -96.75793995876997,32.718149288087204,150.31727274253006</coordinates>
                      </LinearRing>
                    </outerBoundaryIs>
                  </Polygon>
                  <Polygon>
                    <altitudeMode>absolute</altitudeMode>
                    <outerBoundaryIs>
                      <LinearRing>
                        <coordinates>-96.7586436117025,32.71777243082621,120.32727274253008 -96.7586436117025,32.71777243082621,150.31727274253006 -96.75885603693884,32.71801338382339,150.31727274253006 -96.75885603693884,32.71801338382339,120.32727274253008</coordinates>
                      </LinearRing>
                    </outerBoundaryIs>
                  </Polygon>
                  <Polygon>
                    <altitudeMode>absolute</altitudeMode>
                    <outerBoundaryIs>
                      <LinearRing>
                        <coordinates>-96.75885603693884,32.71801338382339,120.32727274253008 -96.75885603693884,32.71801338382339,150.31727274253006 -96.75823551948804,32.71840061442382,150.31727274253006 -96.75823551948804,32.71840061442382,120.32727274253008</coordinates>
                      </LinearRing>
                    </outerBoundaryIs>
                  </Polygon>
                  <Polygon>
                    <altitudeMode>absolute</altitudeMode>
                    <outerBoundaryIs>
                      <LinearRing>
                        <coordinates>-96.75823551948804,32.71840061442382,120.32727274253008 -96.75823551948804,32.71840061442382,150.31727274253006 -96.75793995876997,32.718149288087204,150.31727274253006 -96.75793995876997,32.718149288087204,120.32727274253008</coordinates>
                      </LinearRing>
                    </outerBoundaryIs>
                  </Polygon>
                  <Polygon>
                    <altitudeMode>absolute</altitudeMode>
                    <outerBoundaryIs>
                      <LinearRing>
                        <coordinates>-96.75793995876997,32.718149288087204,120.32727274253008 -96.75793995876997,32.718149288087204,150.31727274253006 -96.7586436117025,32.71777243082621,150.31727274253006 -96.7586436117025,32.71777243082621,120.32727274253008</coordinates>
                      </LinearRing>
                    </outerBoundaryIs>
                  </Polygon>
                </MultiGeometry>
              </Placemark>
            </Folder>
          </Folder>
        </Folder>
        <Folder>
          <name>Plan Flight 2</name>
          <Folder>
            <name>E58: uss1_dss astm.f3548.v21.dss.queryOperationalIntentReferences</name>
            <Placemark>
              <name>area_of_interest</name>
              <styleUrl>#QueryArea</styleUrl>
              <description><![CDATA[<ul><li>uss1's Accepted 1f351a93-47d3-4651-b562-534b67f5ab15[1]</li></ul>]]></description>
              <TimeSpan>
                <begin>2026-10-03T16:13:08.241174+00:00</begin>
                <end>2026-10-03T16:58:09.241174+00:00</end>
              </TimeSpan>
              <MultiGeometry>
                <Polygon>
                  <altitudeMode>absolute</altitudeMode>
                  <outerBoundaryIs>
                    <LinearRing>
                      <coordinates>-96.75899607628425,32.717821632855895,119.24813014424481 -96.75899607628425,32.718424015430124,119.24813014424481 -96.75846501195453,32.718424015430124,119.24813014424481 -96.75846501195453,32.717821632855895,119.24813014424481</coordinates>
                    </LinearRing>
                  </outerBoundaryIs>
                </Polygon>
                <Polygon>
                  <altitudeMode>absolute</altitudeMode>
                  <outerBoundaryIs>
                    <LinearRing>
                      <coordinates>-96.75899607628425,32.717821632855895,148.3181301442448 -96.75899607628425,32.718424015430124,148.3181301442448 -96.75846501195453,32.718424015430124,148.3181301442448 -96.75846501195453,32.717821632855895,148.3181301442448</coordinates>
                    </LinearRing>
                  </outerBoundaryIs>
                </Polygon>
                <Polygon>
                  <altitudeMode>absolute</altitudeMode>
                  <outerBoundaryIs>
                    <LinearRing>
                      <coordinates>-96.75899607628425,32.717821632855895,119.24813014424481 -96.75899607628425,32.717821632855895,148.3181301442448 -96.75899607628425,32.718424015430124,148.3181301442448 -96.75899607628425,32.718424015430124,119.24813014424481</coordinates>
                    </LinearRing>
                  </outerBoundaryIs>
                </Polygon>
                <Polygon>
                  <altitudeMode>absolute</altitudeMode>
                  <outerBoundaryIs>
                    <LinearRing>
                      <coordinates>-96.75899607628425,32.718424015430124,119.24813014424481 -96.75899607628425,32.718424015430124,148.3181301442448 -96.75846501195453,32.718424015430124,148.3181301442448 -96.75846501195453,32.718424015430124,119.24813014424481</coordinates>
                    </LinearRing>
                  </outerBoundaryIs>
                </Polygon>
                <Polygon>
                  <altitudeMode>absolute</altitudeMode>
                  <outerBoundaryIs>
                    <LinearRing>
                      <coordinates>-96.75846501195453,32.718424015430124,119.24813014424481 -96.75846501195453,32.718424015430124,148.3181301442448 -96.75846501195453,32.717821632855895,148.3181301442448 -96.75846501195453,32.717821632855895,119.24813014424481</coordinates>
                    </LinearRing>
                  </outerBoundaryIs>
                </Polygon>
                <Polygon>
                  <altitudeMode>absolute</altitudeMode>
                  <outerBoundaryIs>
                    <LinearRing>
                      <coordinates>-96.75846501195453,32.717821632855895,119.24813014424481 -96.75846501195453,32.717821632855895,148.3181301442448 -96.75899607628425,32.717821632855895,148.3181301442448 -96.75899607628425,32.717821632855895,119.24813014424481</coordinates>
                    </LinearRing>
                  </outerBoundaryIs>
                </Polygon>
              </MultiGeometry>
            </Placemark>
          </Folder>
          <Folder>
            <name>E60: uss2_core interuss.automated_testing.flight_planning.v1.UpsertFlightPlan</name>
            <Folder>
              <name>Activity Completed, flight Planned</name>
              <Placemark>
                <name>Volume 0</name>
                <styleUrl>#Planned_Nominal</styleUrl>
                <TimeSpan>
                  <begin>2026-10-03T16:13:08.241174+00:00</begin>
                  <end>2026-10-03T16:58:09.241174+00:00</end>
                </TimeSpan>
                <MultiGeometry>
                  <Polygon>
                    <altitudeMode>absolute</altitudeMode>
                    <outerBoundaryIs>
                      <LinearRing>
                        <coordinates>-96.75897457751377,32.71806391428686,119.2481663576577 -96.75846501195453,32.717821632855895,119.2481663576577 -96.75855731707719,32.71826205187991,119.2481663576577 -96.75899607628423,32.71842401543012,119.2481663576577</coordinates>
                      </LinearRing>
                    </outerBoundaryIs>
                  </Polygon>
                  <Polygon>
                    <altitudeMode>absolute</altitudeMode>
                    <outerBoundaryIs>
                      <LinearRing>
                        <coordinates>-96.75897457751377,32.71806391428686,148.3181663576577 -96.75846501195453,32.717821632855895,148.3181663576577 -96.75855731707719,32.71826205187991,148.3181663576577 -96.75899607628423,32.71842401543012,148.3181663576577</coordinates>
                      </LinearRing>
                    </outerBoundaryIs>
                  </Polygon>
                  <Polygon>
                    <altitudeMode>absolute</altitudeMode>
                    <outerBoundaryIs>
                      <LinearRing>
                        <coordinates>-96.75897457751377,32.71806391428686,119.2481663576577 -96.75897457751377,32.71806391428686,148.3181663576577 -96.75846501195453,32.717821632855895,148.3181663576577 -96.75846501195453,32.717821632855895,119.2481663576577</coordinates>
                      </LinearRing>
                    </outerBoundaryIs>
                  </Polygon>
                  <Polygon>
                    <altitudeMode>absolute</altitudeMode>
                    <outerBoundaryIs>
                      <LinearRing>
                        <coordinates>-96.75846501195453,32.717821632855895,119.2481663576577 -96.75846501195453,32.717821632855895,148.3181663576577 -96.75855731707719,32.71826205187991,148.3181663576577 -96.75855731707719,32.71826205187991,119.2481663576577</coordinates>
                      </LinearRing>
                    </outerBoundaryIs>
                  </Polygon>
                  <Polygon>
                    <altitudeMode>absolute</altitudeMode>
                    <outerBoundaryIs>
                      <LinearRing>
                        <coordinates>-96.75855731707719,32.71826205187991,119.2481663576577 -96.75855731707719,32.71826205187991,148.3181663576577 -96.75899607628423,32.71842401543012,148.3181663576577 -96.75899607628423,32.71842401543012,119.2481663576577</coordinates>
                      </LinearRing>
                    </outerBoundaryIs>
                  </Polygon>
                  <Polygon>
                    <altitudeMode>absolute</altitudeMode>
                    <outerBoundaryIs>
                      <LinearRing>
                        <coordinates>-96.75899607628423,32.71842401543012,119.2481663576577 -96.75899607628423,32.71842401543012,148.3181663576577 -96.75897457751377,32.71806391428686,148.3181663576577 -96.75897457751377,32.71806391428686,119.2481663576577</coordinates>
                      </LinearRing>
                    </outerBoundaryIs>
                  </Polygon>
                </MultiGeometry>
              </Placemark>
            </Folder>
          </Folder>
          <Folder>
            <name>E64: uss1_dss astm.f3548.v21.dss.queryOperationalIntentReferences</name>
            <Placemark>
              <name>area_of_interest</name>
              <styleUrl>#QueryArea</styleUrl>
              <description><![CDATA[<ul><li>uss1's Accepted 1f351a93-47d3-4651-b562-534b67f5ab15[1]</li><li>uss2's Accepted 86c8a4fd-223a-43e6-8d5e-5b936f256d3d[1]</li></ul>]]></description>
              <TimeSpan>
                <begin>2026-10-03T16:13:08.241174+00:00</begin>
                <end>2026-10-03T16:58:09.241174+00:00</end>
              </TimeSpan>
              <MultiGeometry>
                <Polygon>
                  <altitudeMode>absolute</altitudeMode>
                  <outerBoundaryIs>
                    <LinearRing>
                      <coordinates>-96.75899607628425,32.717821632855895,119.24813014424481 -96.75899607628425,32.718424015430124,119.24813014424481 -96.75846501195453,32.718424015430124,119.24813014424481 -96.75846501195453,32.717821632855895,119.24813014424481</coordinates>
                    </LinearRing>
                  </outerBoundaryIs>
                </Polygon>
                <Polygon>
                  <altitudeMode>absolute</altitudeMode>
                  <outerBoundaryIs>
                    <LinearRing>
                      <coordinates>-96.75899607628425,32.717821632855895,148.3181301442448 -96.75899607628425,32.718424015430124,148.3181301442448 -96.75846501195453,32.718424015430124,148.3181301442448 -96.75846501195453,32.717821632855895,148.3181301442448</coordinates>
                    </LinearRing>
                  </outerBoundaryIs>
                </Polygon>
                <Polygon>
                  <altitudeMode>absolute</altitudeMode>
                  <outerBoundaryIs>
                    <LinearRing>
                      <coordinates>-96.75899607628425,32.717821632855895,119.24813014424481 -96.75899607628425,32.717821632855895,148.3181301442448 -96.75899607628425,32.718424015430124,148.3181301442448 -96.75899607628425,32.718424015430124,119.24813014424481</coordinates>
                    </LinearRing>
                  </outerBoundaryIs>
                </Polygon>
                <Polygon>
                  <altitudeMode>absolute</altitudeMode>
                  <outerBoundaryIs>
                    <LinearRing>
                      <coordinates>-96.75899607628425,32.718424015430124,119.24813014424481 -96.75899607628425,32.718424015430124,148.3181301442448 -96.75846501195453,32.718424015430124,148.3181301442448 -96.75846501195453,32.718424015430124,119.24813014424481</coordinates>
                    </LinearRing>
                  </outerBoundaryIs>
                </Polygon>
                <Polygon>
                  <altitudeMode>absolute</altitudeMode>
                  <outerBoundaryIs>
                    <LinearRing>
                      <coordinates>-96.75846501195453,32.718424015430124,119.24813014424481 -96.75846501195453,32.718424015430124,148.3181301442448 -96.75846501195453,32.717821632855895,148.3181301442448 -96.75846501195453,32.717821632855895,119.24813014424481</coordinates>
                    </LinearRing>
                  </outerBoundaryIs>
                </Polygon>
                <Polygon>
                  <altitudeMode>absolute</altitudeMode>
                  <outerBoundaryIs>
                    <LinearRing>
                      <coordinates>-96.75846501195453,32.717821632855895,119.24813014424481 -96.75846501195453,32.717821632855895,148.3181301442448 -96.75899607628425,32.717821632855895,148.3181301442448 -96.75899607628425,32.717821632855895,119.24813014424481</coordinates>
                    </LinearRing>
                  </outerBoundaryIs>
                </Polygon>
              </MultiGeometry>
            </Placemark>
          </Folder>
          <Folder>
            <name>E68: uss2_core astm.f3548.v21.uss.getOperationalIntentDetails</name>
            <Folder>
              <name>uss2's P100 Accepted 86c8a4fd-223a-43e6-8d5e-5b936f256d3d[1] @ lwJbZV8j8kAd1etEKt..b1iaa0KPoG8evXv7sFikSVw_</name>
              <Placemark>
                <name>Nominal volume 0</name>
                <styleUrl>#F3548v21Accepted</styleUrl>
                <TimeSpan>
                  <begin>2026-10-03T16:13:09.260602+00:00</begin>
                  <end>2026-10-03T16:58:09.241174+00:00</end>
                </TimeSpan>
                <MultiGeometry>
                  <Polygon>
                    <altitudeMode>absolute</altitudeMode>
                    <outerBoundaryIs>
                      <LinearRing>
                        <coordinates>-96.75897457751377,32.71806391428686,119.2481663576577 -96.75846501195453,32.717821632855895,119.2481663576577 -96.75855731707719,32.71826205187991,119.2481663576577 -96.75899607628423,32.71842401543012,119.2481663576577</coordinates>
                      </LinearRing>
                    </outerBoundaryIs>
                  </Polygon>
                  <Polygon>
                    <altitudeMode>absolute</altitudeMode>
                    <outerBoundaryIs>
                      <LinearRing>
                        <coordinates>-96.75897457751377,32.71806391428686,148.3181663576577 -96.75846501195453,32.717821632855895,148.3181663576577 -96.75855731707719,32.71826205187991,148.3181663576577 -96.75899607628423,32.71842401543012,148.3181663576577</coordinates>
                      </LinearRing>
                    </outerBoundaryIs>
                  </Polygon>
                  <Polygon>
                    <altitudeMode>absolute</altitudeMode>
                    <outerBoundaryIs>
                      <LinearRing>
                        <coordinates>-96.75897457751377,32.71806391428686,119.2481663576577 -96.75897457751377,32.71806391428686,148.3181663576577 -96.75846501195453,32.717821632855895,148.3181663576577 -96.75846501195453,32.717821632855895,119.2481663576577</coordinates>
                      </LinearRing>
                    </outerBoundaryIs>
                  </Polygon>
                  <Polygon>
                    <altitudeMode>absolute</altitudeMode>
                    <outerBoundaryIs>
                      <LinearRing>
                        <coordinates>-96.75846501195453,32.717821632855895,119.2481663576577 -96.75846501195453,32.717821632855895,148.3181663576577 -96.75855731707719,32.71826205187991,148.3181663576577 -96.75855731707719,32.71826205187991,119.2481663576577</coordinates>
                      </LinearRing>
                    </outerBoundaryIs>
                  </Polygon>
                  <Polygon>
                    <altitudeMode>absolute</altitudeMode>
                    <outerBoundaryIs>
                      <LinearRing>
                        <coordinates>-96.75855731707719,32.71826205187991,119.2481663576577 -96.75855731707719,32.71826205187991,148.3181663576577 -96.75899607628423,32.71842401543012,148.3181663576577 -96.75899607628423,32.71842401543012,119.2481663576577</coordinates>
                      </LinearRing>
                    </outerBoundaryIs>
                  </Polygon>
                  <Polygon>
                    <altitudeMode>absolute</altitudeMode>
                    <outerBoundaryIs>
                      <LinearRing>
                        <coordinates>-96.75899607628423,32.71842401543012,119.2481663576577 -96.75899607628423,32.71842401543012,148.3181663576577 -96.75897457751377,32.71806391428686,148.3181663576577 -96.75897457751377,32.71806391428686,119.2481663576577</coordinates>
                      </LinearRing>
                    </outerBoundaryIs>
                  </Polygon>
                </MultiGeometry>
              </Placemark>
            </Folder>
          </Folder>
        </Folder>
        <Folder>
          <name>Check for conflict notifications</name>
        </Folder>
        <Folder>
          <name>Attempt to modify planned Flight 1 in conflict</name>
          <Folder>
            <name>E85: uss1_dss astm.f3548.v21.dss.queryOperationalIntentReferences</name>
            <Placemark>
              <name>area_of_interest</name>
              <styleUrl>#QueryArea</styleUrl>
              <description><![CDATA[<ul><li>uss1's Accepted 1f351a93-47d3-4651-b562-534b67f5ab15[1]</li><li>uss2's Accepted 86c8a4fd-223a-43e6-8d5e-5b936f256d3d[1]</li></ul>]]></description>
              <TimeSpan>
                <begin>2026-10-03T16:13:08.406546+00:00</begin>
                <end>2026-10-03T16:58:09.406546+00:00</end>
              </TimeSpan>
              <MultiGeometry>
                <Polygon>
                  <altitudeMode>absolute</altitudeMode>
                  <outerBoundaryIs>
                    <LinearRing>
                      <coordinates>-96.75885603693884,32.71777243082621,90.28721197182733 -96.75885603693884,32.71840061442382,90.28721197182733 -96.75793995876997,32.71840061442382,90.28721197182733 -96.75793995876997,32.71777243082621,90.28721197182733</coordinates>
                    </LinearRing>
                  </outerBoundaryIs>
                </Polygon>
                <Polygon>
                  <altitudeMode>absolute</altitudeMode>
                  <outerBoundaryIs>
                    <LinearRing>
                      <coordinates>-96.75885603693884,32.71777243082621,150.31721197182733 -96.75885603693884,32.71840061442382,150.31721197182733 -96.75793995876997,32.71840061442382,150.31721197182733 -96.75793995876997,32.71777243082621,150.31721197182733</coordinates>
                    </LinearRing>
                  </outerBoundaryIs>
                </Polygon>
                <Polygon>
                  <altitudeMode>absolute</altitudeMode>
                  <outerBoundaryIs>
                    <LinearRing>
                      <coordinates>-96.75885603693884,32.71777243082621,90.28721197182733 -96.75885603693884,32.71777243082621,150.31721197182733 -96.75885603693884,32.71840061442382,150.31721197182733 -96.75885603693884,32.71840061442382,90.28721197182733</coordinates>
                    </LinearRing>
                  </outerBoundaryIs>
                </Polygon>
                <Polygon>
                  <altitudeMode>absolute</altitudeMode>
                  <outerBoundaryIs>
                    <LinearRing>
                      <coordinates>-96.75885603693884,32.71840061442382,90.28721197182733 -96.75885603693884,32.71840061442382,150.31721197182733 -96.75793995876997,32.71840061442382,150.31721197182733 -96.75793995876997,32.71840061442382,90.28721197182733</coordinates>
                    </LinearRing>
                  </outerBoundaryIs>
                </Polygon>
                <Polygon>
                  <altitudeMode>absolute</altitudeMode>
                  <outerBoundaryIs>
                    <LinearRing>
                      <coordinates>-96.75793995876997,32.71840061442382,90.28721197182733 -96.75793995876997,32.71840061442382,150.31721197182733 -96.75793995876997,32.71777243082621,150.31721197182733 -96.75793995876997,32.71777243082621,90.28721197182733</coordinates>
                    </LinearRing>
                  </outerBoundaryIs>
                </Polygon>
                <Polygon>
                  <altitudeMode>absolute</altitudeMode>
                  <outerBoundaryIs>
                    <LinearRing>
                      <coordinates>-96.75793995876997,32.71777243082621,90.28721197182733 -96.75793995876997,32.71777243082621,150.31721197182733 -96.75885603693884,32.71777243082621,150.31721197182733 -96.75885603693884,32.71777243082621,90.28721197182733</coordinates>
                    </LinearRing>
                  </outerBoundaryIs>
                </Polygon>
              </MultiGeometry>
            </Placemark>
          </Folder>
          <Folder>
            <name>E87: uss1_core interuss.automated_testing.flight_planning.v1.UpsertFlightPlan</name>
            <Folder>
              <name>Activity Rejected, flight Planned</name>
              <Placemark>
                <name>Volume 0</name>
                <styleUrl>#Planned_Nominal</styleUrl>
                <TimeSpan>
                  <begin>2026-10-03T16:13:08.406546+00:00</begin>
                  <end>2026-10-03T16:58:09.406546+00:00</end>
                </TimeSpan>
                <MultiGeometry>
                  <Polygon>
                    <altitudeMode>absolute</altitudeMode>
                    <outerBoundaryIs>
                      <LinearRing>
                        <coordinates>-96.75840495207224,32.71792136563181,90.28688227633265 -96.75861737701852,32.71816231903137,90.28688227633265 -96.75823551948804,32.71840061442382,90.28688227633265 -96.75793995876997,32.718149288087204,90.28688227633265</coordinates>
                      </LinearRing>
                    </outerBoundaryIs>
                  </Polygon>
                  <Polygon>
                    <altitudeMode>absolute</altitudeMode>
                    <outerBoundaryIs>
                      <LinearRing>
                        <coordinates>-96.75840495207224,32.71792136563181,150.31688227633265 -96.75861737701852,32.71816231903137,150.31688227633265 -96.75823551948804,32.71840061442382,150.31688227633265 -96.75793995876997,32.718149288087204,150.31688227633265</coordinates>
                      </LinearRing>
                    </outerBoundaryIs>
                  </Polygon>
                  <Polygon>
                    <altitudeMode>absolute</altitudeMode>
                    <outerBoundaryIs>
                      <LinearRing>
                        <coordinates>-96.75840495207224,32.71792136563181,90.28688227633265 -96.75840495207224,32.71792136563181,150.31688227633265 -96.75861737701852,32.71816231903137,150.31688227633265 -96.75861737701852,32.71816231903137,90.28688227633265</coordinates>
                      </LinearRing>
                    </outerBoundaryIs>
                  </Polygon>
                  <Polygon>
                    <altitudeMode>absolute</altitudeMode>
                    <outerBoundaryIs>
                      <LinearRing>
                        <coordinates>-96.75861737701852,32.71816231903137,90.28688227633265 -96.75861737701852,32.71816231903137,150.31688227633265 -96.75823551948804,32.71840061442382,150.31688227633265 -96.75823551948804,32.71840061442382,90.28688227633265</coordinates>
                      </LinearRing>
                    </outerBoundaryIs>
                  </Polygon>
                  <Polygon>
                    <altitudeMode>absolute</altitudeMode>
                    <outerBoundaryIs>
                      <LinearRing>
                        <coordinates>-96.75823551948804,32.71840061442382,90.28688227633265 -96.75823551948804,32.71840061442382,150.31688227633265 -96.75793995876997,32.718149288087204,150.31688227633265 -96.75793995876997,32.718149288087204,90.28688227633265</coordinates>
                      </LinearRing>
                    </outerBoundaryIs>
                  </Polygon>
                  <Polygon>
                    <altitudeMode>absolute</altitudeMode>
                    <outerBoundaryIs>
                      <LinearRing>
                        <coordinates>-96.75793995876997,32.718149288087204,90.28688227633265 -96.75793995876997,32.718149288087204,150.31688227633265 -96.75840495207224,32.71792136563181,150.31688227633265 -96.75840495207224,32.71792136563181,90.28688227633265</coordinates>
                      </LinearRing>
                    </outerBoundaryIs>
                  </Polygon>
                </MultiGeometry>
              </Placemark>
            </Folder>
          </Folder>
          <Folder>
            <name>E90: uss1_dss astm.f3548.v21.dss.queryOperationalIntentReferences</name>
            <Placemark>
              <name>area_of_interest</name>
              <styleUrl>#QueryArea</styleUrl>
              <description><![CDATA[<ul><li>uss1's Accepted 1f351a93-47d3-4651-b562-534b67f5ab15[1]</li><li>uss2's Accepted 86c8a4fd-223a-43e6-8d5e-5b936f256d3d[1]</li></ul>]]></description>
              <TimeSpan>
                <begin>2026-10-03T16:13:08.406546+00:00</begin>
                <end>2026-10-03T16:58:09.406546+00:00</end>
              </TimeSpan>
              <MultiGeometry>
                <Polygon>
                  <altitudeMode>absolute</altitudeMode>
                  <outerBoundaryIs>
                    <LinearRing>
                      <coordinates>-96.75885603693884,32.71777243082621,90.28721197182733 -96.75885603693884,32.71840061442382,90.28721197182733 -96.75793995876997,32.71840061442382,90.28721197182733 -96.75793995876997,32.71777243082621,90.28721197182733</coordinates>
                    </LinearRing>
                  </outerBoundaryIs>
                </Polygon>
                <Polygon>
                  <altitudeMode>absolute</altitudeMode>
                  <outerBoundaryIs>
                    <LinearRing>
                      <coordinates>-96.75885603693884,32.71777243082621,150.31721197182733 -96.75885603693884,32.71840061442382,150.31721197182733 -96.75793995876997,32.71840061442382,150.31721197182733 -96.75793995876997,32.71777243082621,150.31721197182733</coordinates>
                    </LinearRing>
                  </outerBoundaryIs>
                </Polygon>
                <Polygon>
                  <altitudeMode>absolute</altitudeMode>
                  <outerBoundaryIs>
                    <LinearRing>
                      <coordinates>-96.75885603693884,32.71777243082621,90.28721197182733 -96.75885603693884,32.71777243082621,150.31721197182733 -96.75885603693884,32.71840061442382,150.31721197182733 -96.75885603693884,32.71840061442382,90.28721197182733</coordinates>
                    </LinearRing>
                  </outerBoundaryIs>
                </Polygon>
                <Polygon>
                  <altitudeMode>absolute</altitudeMode>
                  <outerBoundaryIs>
                    <LinearRing>
                      <coordinates>-96.75885603693884,32.71840061442382,90.28721197182733 -96.75885603693884,32.71840061442382,150.31721197182733 -96.75793995876997,32.71840061442382,150.31721197182733 -96.75793995876997,32.71840061442382,90.28721197182733</coordinates>
                    </LinearRing>
                  </outerBoundaryIs>
                </Polygon>
                <Polygon>
                  <altitudeMode>absolute</altitudeMode>
                  <outerBoundaryIs>
                    <LinearRing>
                      <coordinates>-96.75793995876997,32.71840061442382,90.28721197182733 -96.75793995876997,32.71840061442382,150.31721197182733 -96.75793995876997,32.71777243082621,150.31721197182733 -96.75793995876997,32.71777243082621,90.28721197182733</coordinates>
                    </LinearRing>
                  </outerBoundaryIs>
                </Polygon>
                <Polygon>
                  <altitudeMode>absolute</altitudeMode>
                  <outerBoundaryIs>
                    <LinearRing>
                      <coordinates>-96.75793995876997,32.71777243082621,90.28721197182733 -96.75793995876997,32.71777243082621,150.31721197182733 -96.75885603693884,32.71777243082621,150.31721197182733 -96.75885603693884,32.71777243082621,90.28721197182733</coordinates>
                    </LinearRing>
                  </outerBoundaryIs>
                </Polygon>
              </MultiGeometry>
            </Placemark>
          </Folder>
          <Folder>
            <name>E94: uss1_core astm.f3548.v21.uss.getOperationalIntentDetails</name>
            <Folder>
              <name>uss1's P0 Accepted 1f351a93-47d3-4651-b562-534b67f5ab15[1] @ iw1q8opc.NSKgmiS3Zqs0dnFfrUmNAohw60RSdHK81s_</name>
              <Placemark>
                <name>Nominal volume 0</name>
                <styleUrl>#F3548v21Accepted</styleUrl>
                <TimeSpan>
                  <begin>2026-10-03T16:13:09.124835+00:00</begin>
                  <end>2026-10-03T16:58:09.104445+00:00</end>
                </TimeSpan>
                <MultiGeometry>
                  <Polygon>
                    <altitudeMode>absolute</altitudeMode>
                    <outerBoundaryIs>
                      <LinearRing>
                        <coordinates>-96.7586436117025,32.71777243082621,120.32727274253008 -96.75885603693884,32.71801338382339,120.32727274253008 -96.75823551948804,32.71840061442382,120.32727274253008 -96.75793995876997,32.718149288087204,120.32727274253008</coordinates>
                      </LinearRing>
                    </outerBoundaryIs>
                  </Polygon>
                  <Polygon>
                    <altitudeMode>absolute</altitudeMode>
                    <outerBoundaryIs>
                      <LinearRing>
                        <coordinates>-96.7586436117025,32.71777243082621,150.31727274253006 -96.75885603693884,32.71801338382339,150.31727274253006 -96.75823551948804,32.71840061442382,150.31727274253006 -96.75793995876997,32.718149288087204,150.31727274253006</coordinates>
                      </LinearRing>
                    </outerBoundaryIs>
                  </Polygon>
                  <Polygon>
                    <altitudeMode>absolute</altitudeMode>
                    <outerBoundaryIs>
                      <LinearRing>
                        <coordinates>-96.7586436117025,32.71777243082621,120.32727274253008 -96.7586436117025,32.71777243082621,150.31727274253006 -96.75885603693884,32.71801338382339,150.31727274253006 -96.75885603693884,32.71801338382339,120.32727274253008</coordinates>
                      </LinearRing>
                    </outerBoundaryIs>
                  </Polygon>
                  <Polygon>
                    <altitudeMode>absolute</altitudeMode>
                    <outerBoundaryIs>
                      <LinearRing>
                        <coordinates>-96.75885603693884,32.71801338382339,120.32727274253008 -96.75885603693884,32.71801338382339,150.31727274253006 -96.75823551948804,32.71840061442382,150.31727274253006 -96.75823551948804,32.71840061442382,120.32727274253008</coordinates>
                      </LinearRing>
                    </outerBoundaryIs>
                  </Polygon>
                  <Polygon>
                    <altitudeMode>absolute</altitudeMode>
                    <outerBoundaryIs>
                      <LinearRing>
                        <coordinates>-96.75823551948804,32.71840061442382,120.32727274253008 -96.75823551948804,32.71840061442382,150.31727274253006 -96.75793995876997,32.718149288087204,150.31727274253006 -96.75793995876997,32.718149288087204,120.32727274253008</coordinates>
                      </LinearRing>
                    </outerBoundaryIs>
                  </Polygon>
                  <Polygon>
                    <altitudeMode>absolute</altitudeMode>
                    <outerBoundaryIs>
                      <LinearRing>
                        <coordinates>-96.75793995876997,32.718149288087204,120.32727274253008 -96.75793995876997,32.718149288087204,150.31727274253006 -96.7586436117025,32.71777243082621,150.31727274253006 -96.7586436117025,32.71777243082621,120.32727274253008</coordinates>
                      </LinearRing>
                    </outerBoundaryIs>
                  </Polygon>
                </MultiGeometry>
              </Placemark>
            </Folder>
          </Folder>
        </Folder>
      </Folder>
      <Folder>
        <name>Attempt to activate flight in conflict</name>
        <Folder>
          <name>Attempt to activate conflicting Flight 1</name>
          <Folder>
            <name>E103: uss1_dss astm.f3548.v21.dss.queryOperationalIntentReferences</name>
            <Placemark>
              <name>area_of_interest</name>
              <styleUrl>#QueryArea</styleUrl>
              <description><![CDATA[<ul><li>uss1's Accepted 1f351a93-47d3-4651-b562-534b67f5ab15[1]</li><li>uss2's Accepted 86c8a4fd-223a-43e6-8d5e-5b936f256d3d[1]</li></ul>]]></description>
              <TimeSpan>
                <begin>2026-10-03T16:13:08.507477+00:00</begin>
                <end>2026-10-03T16:58:09.507477+00:00</end>
              </TimeSpan>
              <MultiGeometry>
                <Polygon>
                  <altitudeMode>absolute</altitudeMode>
                  <outerBoundaryIs>
                    <LinearRing>
                      <coordinates>-96.75885603693884,32.71777243082621,120.32721197182734 -96.75885603693884,32.71840061442382,120.32721197182734 -96.75793995876997,32.71840061442382,120.32721197182734 -96.75793995876997,32.71777243082621,120.32721197182734</coordinates>
                    </LinearRing>
                  </outerBoundaryIs>
                </Polygon>
                <Polygon>
                  <altitudeMode>absolute</altitudeMode>
                  <outerBoundaryIs>
                    <LinearRing>
                      <coordinates>-96.75885603693884,32.71777243082621,150.31721197182733 -96.75885603693884,32.71840061442382,150.31721197182733 -96.75793995876997,32.71840061442382,150.31721197182733 -96.75793995876997,32.71777243082621,150.31721197182733</coordinates>
                    </LinearRing>
                  </outerBoundaryIs>
                </Polygon>
                <Polygon>
                  <altitudeMode>absolute</altitudeMode>
                  <outerBoundaryIs>
                    <LinearRing>
                      <coordinates>-96.75885603693884,32.71777243082621,120.32721197182734 -96.75885603693884,32.71777243082621,150.31721197182733 -96.75885603693884,32.71840061442382,150.31721197182733 -96.75885603693884,32.71840061442382,120.32721197182734</coordinates>
                    </LinearRing>
                  </outerBoundaryIs>
                </Polygon>
                <Polygon>
                  <altitudeMode>absolute</altitudeMode>
                  <outerBoundaryIs>
                    <LinearRing>
                      <coordinates>-96.75885603693884,32.71840061442382,120.32721197182734 -96.75885603693884,32.71840061442382,150.31721197182733 -96.75793995876997,32.71840061442382,150.31721197182733 -96.75793995876997,32.71840061442382,120.32721197182734</coordinates>
                    </LinearRing>
                  </outerBoundaryIs>
                </Polygon>
                <Polygon>
                  <altitudeMode>absolute</altitudeMode>
                  <outerBoundaryIs>
                    <LinearRing>
                      <coordinates>-96.75793995876997,32.71840061442382,120.32721197182734 -96.75793995876997,32.71840061442382,150.31721197182733 -96.75793995876997,32.71777243082621,150.31721197182733 -96.75793995876997,32.71777243082621,120.32721197182734</coordinates>
                    </LinearRing>
                  </outerBoundaryIs>
                </Polygon>
                <Polygon>
                  <altitudeMode>absolute</altitudeMode>
                  <outerBoundaryIs>
                    <LinearRing>
                      <coordinates>-96.75793995876997,32.71777243082621,120.32721197182734 -96.75793995876997,32.71777243082621,150.31721197182733 -96.75885603693884,32.71777243082621,150.31721197182733 -96.75885603693884,32.71777243082621,120.32721197182734</coordinates>
                    </LinearRing>
                  </outerBoundaryIs>
                </Polygon>
              </MultiGeometry>
            </Placemark>
          </Folder>
          <Folder>
            <name>E105: uss1_core interuss.automated_testing.flight_planning.v1.UpsertFlightPlan</name>
            <Folder>
              <name>Activity Rejected, flight Planned</name>
              <Placemark>
                <name>Volume 0</name>
                <styleUrl>#InUse_Nominal</styleUrl>
                <TimeSpan>
                  <begin>2026-10-03T16:13:08.507477+00:00</begin>
                  <end>2026-10-03T16:58:09.507477+00:00</end>
                </TimeSpan>
                <MultiGeometry>
                  <Polygon>
                    <altitudeMode>absolute</altitudeMode>
                    <outerBoundaryIs>
                      <LinearRing>
                        <coordinates>-96.7586436117025,32.71777243082621,120.33727274253008 -96.75885603693884,32.71801338382339,120.33727274253008 -96.75823551948804,32.71840061442382,120.33727274253008 -96.75793995876997,32.718149288087204,120.33727274253008</coordinates>
                      </LinearRing>
                    </outerBoundaryIs>
                  </Polygon>
                  <Polygon>
                    <altitudeMode>absolute</altitudeMode>
                    <outerBoundaryIs>
                      <LinearRing>
                        <coordinates>-96.7586436117025,32.71777243082621,150.31727274253006 -96.75885603693884,32.71801338382339,150.31727274253006 -96.75823551948804,32.71840061442382,150.31727274253006 -96.75793995876997,32.718149288087204,150.31727274253006</coordinates>
                      </LinearRing>
                    </outerBoundaryIs>
                  </Polygon>
                  <Polygon>
                    <altitudeMode>absolute</altitudeMode>
                    <outerBoundaryIs>
                      <LinearRing>
                        <coordinates>-96.7586436117025,32.71777243082621,120.33727274253008 -96.7586436117025,32.71777243082621,150.31727274253006 -96.75885603693884,32.71801338382339,150.31727274253006 -96.75885603693884,32.71801338382339,120.33727274253008</coordinates>
                      </LinearRing>
                    </outerBoundaryIs>
                  </Polygon>
                  <Polygon>
                    <altitudeMode>absolute</altitudeMode>
                    <outerBoundaryIs>
                      <LinearRing>
                        <coordinates>-96.75885603693884,32.71801338382339,120.33727274253008 -96.75885603693884,32.71801338382339,150.31727274253006 -96.75823551948804,32.71840061442382,150.31727274253006 -96.75823551948804,32.71840061442382,120.33727274253008</coordinates>
                      </LinearRing>
                    </outerBoundaryIs>
                  </Polygon>
                  <Polygon>
                    <altitudeMode>absolute</altitudeMode>
                    <outerBoundaryIs>
                      <LinearRing>
                        <coordinates>-96.75823551948804,32.71840061442382,120.33727274253008 -96.75823551948804,32.71840061442382,150.31727274253006 -96.75793995876997,32.718149288087204,150.31727274253006 -96.75793995876997,32.718149288087204,120.33727274253008</coordinates>
                      </LinearRing>
                    </outerBoundaryIs>
                  </Polygon>
                  <Polygon>
                    <altitudeMode>absolute</altitudeMode>
                    <outerBoundaryIs>
                      <LinearRing>
                        <coordinates>-96.75793995876997,32.718149288087204,120.33727274253008 -96.75793995876997,32.718149288087204,150.31727274253006 -96.7586436117025,32.71777243082621,150.31727274253006 -96.7586436117025,32.71777243082621,120.33727274253008</coordinates>
                      </LinearRing>
                    </outerBoundaryIs>
                  </Polygon>
                </MultiGeometry>
              </Placemark>
            </Folder>
          </Folder>
          <Folder>
            <name>E108: uss1_dss astm.f3548.v21.dss.queryOperationalIntentReferences</name>
            <Placemark>
              <name>area_of_interest</name>
              <styleUrl>#QueryArea</styleUrl>
              <description><![CDATA[<ul><li>uss1's Accepted 1f351a93-47d3-4651-b562-534b67f5ab15[1]</li><li>uss2's Accepted 86c8a4fd-223a-43e6-8d5e-5b936f256d3d[1]</li></ul>]]></description>
              <TimeSpan>
                <begin>2026-10-03T16:13:08.507477+00:00</begin>
                <end>2026-10-03T16:58:09.507477+00:00</end>
              </TimeSpan>
              <MultiGeometry>
                <Polygon>
                  <altitudeMode>absolute</altitudeMode>
                  <outerBoundaryIs>
                    <LinearRing>
                      <coordinates>-96.75885603693884,32.71777243082621,120.32721197182734 -96.75885603693884,32.71840061442382,120.32721197182734 -96.75793995876997,32.71840061442382,120.32721197182734 -96.75793995876997,32.71777243082621,120.32721197182734</coordinates>
                    </LinearRing>
                  </outerBoundaryIs>
                </Polygon>
                <Polygon>
                  <altitudeMode>absolute</altitudeMode>
                  <outerBoundaryIs>
                    <LinearRing>
                      <coordinates>-96.75885603693884,32.71777243082621,150.31721197182733 -96.75885603693884,32.71840061442382,150.31721197182733 -96.75793995876997,32.71840061442382,150.31721197182733 -96.75793995876997,32.71777243082621,150.31721197182733</coordinates>
                    </LinearRing>
                  </outerBoundaryIs>
                </Polygon>
                <Polygon>
                  <altitudeMode>absolute</altitudeMode>
                  <outerBoundaryIs>
                    <LinearRing>
                      <coordinates>-96.75885603693884,32.71777243082621,120.32721197182734 -96.75885603693884,32.71777243082621,150.31721197182733 -96.75885603693884,32.71840061442382,150.31721197182733 -96.75885603693884,32.71840061442382,120.32721197182734</coordinates>
                    </LinearRing>
                  </outerBoundaryIs>
                </Polygon>
                <Polygon>
                  <altitudeMode>absolute</altitudeMode>
                  <outerBoundaryIs>
                    <LinearRing>
                      <coordinates>-96.75885603693884,32.71840061442382,120.32721197182734 -96.75885603693884,32.71840061442382,150.31721197182733 -96.75793995876997,32.71840061442382,150.31721197182733 -96.75793995876997,32.71840061442382,120.32721197182734</coordinates>
                    </LinearRing>
                  </outerBoundaryIs>
                </Polygon>
                <Polygon>
                  <altitudeMode>absolute</altitudeMode>
                  <outerBoundaryIs>
                    <LinearRing>
                      <coordinates>-96.75793995876997,32.71840061442382,120.32721197182734 -96.75793995876997,32.71840061442382,150.31721197182733 -96.75793995876997,32.71777243082621,150.31721197182733 -96.75793995876997,32.71777243082621,120.32721197182734</coordinates>
                    </LinearRing>
                  </outerBoundaryIs>
                </Polygon>
                <Polygon>
                  <altitudeMode>absolute</altitudeMode>
                  <outerBoundaryIs>
                    <LinearRing>
                      <coordinates>-96.75793995876997,32.71777243082621,120.32721197182734 -96.75793995876997,32.71777243082621,150.31721197182733 -96.75885603693884,32.71777243082621,150.31721197182733 -96.75885603693884,32.71777243082621,120.32721197182734</coordinates>
                    </LinearRing>
                  </outerBoundaryIs>
                </Polygon>
              </MultiGeometry>
            </Placemark>
          </Folder>
          <Folder>
            <name>E112: uss1_core astm.f3548.v21.uss.getOperationalIntentDetails</name>
            <Folder>
              <name>uss1's P0 Accepted 1f351a93-47d3-4651-b562-534b67f5ab15[1] @ iw1q8opc.NSKgmiS3Zqs0dnFfrUmNAohw60RSdHK81s_</name>
              <Placemark>
                <name>Nominal volume 0</name>
                <styleUrl>#F3548v21Accepted</styleUrl>
                <TimeSpan>
                  <begin>2026-10-03T16:13:09.124835+00:00</begin>
                  <end>2026-10-03T16:58:09.104445+00:00</end>
                </TimeSpan>
                <MultiGeometry>
                  <Polygon>
                    <altitudeMode>absolute</altitudeMode>
                    <outerBoundaryIs>
                      <LinearRing>
                        <coordinates>-96.7586436117025,32.71777243082621,120.32727274253008 -96.75885603693884,32.71801338382339,120.32727274253008 -96.75823551948804,32.71840061442382,120.32727274253008 -96.75793995876997,32.718149288087204,120.32727274253008</coordinates>
                      </LinearRing>
                    </outerBoundaryIs>
                  </Polygon>
                  <Polygon>
                    <altitudeMode>absolute</altitudeMode>
                    <outerBoundaryIs>
                      <LinearRing>
                        <coordinates>-96.7586436117025,32.71777243082621,150.31727274253006 -96.75885603693884,32.71801338382339,150.31727274253006 -96.75823551948804,32.71840061442382,150.31727274253006 -96.75793995876997,32.718149288087204,150.31727274253006</coordinates>
                      </LinearRing>
                    </outerBoundaryIs>
                  </Polygon>
                  <Polygon>
                    <altitudeMode>absolute</altitudeMode>
                    <outerBoundaryIs>
                      <LinearRing>
                        <coordinates>-96.7586436117025,32.71777243082621,120.32727274253008 -96.7586436117025,32.71777243082621,150.31727274253006 -96.75885603693884,32.71801338382339,150.31727274253006 -96.75885603693884,32.71801338382339,120.32727274253008</coordinates>
                      </LinearRing>
                    </outerBoundaryIs>
                  </Polygon>
                  <Polygon>
                    <altitudeMode>absolute</altitudeMode>
                    <outerBoundaryIs>
                      <LinearRing>
                        <coordinates>-96.75885603693884,32.71801338382339,120.32727274253008 -96.75885603693884,32.71801338382339,150.31727274253006 -96.75823551948804,32.71840061442382,150.31727274253006 -96.75823551948804,32.71840061442382,120.32727274253008</coordinates>
                      </LinearRing>
                    </outerBoundaryIs>
                  </Polygon>
                  <Polygon>
                    <altitudeMode>absolute</altitudeMode>
                    <outerBoundaryIs>
                      <LinearRing>
                        <coordinates>-96.75823551948804,32.71840061442382,120.32727274253008 -96.75823551948804,32.71840061442382,150.31727274253006 -96.75793995876997,32.718149288087204,150.31727274253006 -96.75793995876997,32.718149288087204,120.32727274253008</coordinates>
                      </LinearRing>
                    </outerBoundaryIs>
                  </Polygon>
                  <Polygon>
                    <altitudeMode>absolute</altitudeMode>
                    <outerBoundaryIs>
                      <LinearRing>
                        <coordinates>-96.75793995876997,32.718149288087204,120.32727274253008 -96.75793995876997,32.718149288087204,150.31727274253006 -96.7586436117025,32.71777243082621,150.31727274253006 -96.7586436117025,32.71777243082621,120.32727274253008</coordinates>
                      </LinearRing>
                    </outerBoundaryIs>
                  </Polygon>
                </MultiGeometry>
              </Placemark>
            </Folder>
          </Folder>
        </Folder>
      </Folder>
      <Folder>
        <name>Modify activated flight with pre-existing conflict</name>
        <Folder>
          <name>Delete Flight 2</name>
        </Folder>
        <Folder>
          <name>Activate Flight 1</name>
          <Folder>
            <name>E123: uss1_dss astm.f3548.v21.dss.queryOperationalIntentReferences</name>
            <Placemark>
              <name>area_of_interest</name>
              <styleUrl>#QueryArea</styleUrl>
              <description><![CDATA[<ul><li>uss1's Accepted 1f351a93-47d3-4651-b562-534b67f5ab15[1]</li></ul>]]></description>
              <TimeSpan>
                <begin>2026-10-03T16:13:08.641312+00:00</begin>
                <end>2026-10-03T16:58:09.641312+00:00</end>
              </TimeSpan>
              <MultiGeometry>
                <Polygon>
                  <altitudeMode>absolute</altitudeMode>
                  <outerBoundaryIs>
                    <LinearRing>
                      <coordinates>-96.75885603693884,32.71777243082621,120.33721197182733 -96.75885603693884,32.71840061442382,120.33721197182733 -96.75793995876997,32.71840061442382,120.33721197182733 -96.75793995876997,32.71777243082621,120.33721197182733</coordinates>
                    </LinearRing>
                  </outerBoundaryIs>
                </Polygon>
                <Polygon>
                  <altitudeMode>absolute</altitudeMode>
                  <outerBoundaryIs>
                    <LinearRing>
                      <coordinates>-96.75885603693884,32.71777243082621,150.31721197182733 -96.75885603693884,32.71840061442382,150.31721197182733 -96.75793995876997,32.71840061442382,150.31721197182733 -96.75793995876997,32.71777243082621,150.31721197182733</coordinates>
                    </LinearRing>
                  </outerBoundaryIs>
                </Polygon>
                <Polygon>
                  <altitudeMode>absolute</altitudeMode>
                  <outerBoundaryIs>
                    <LinearRing>
                      <coordinates>-96.75885603693884,32.71777243082621,120.33721197182733 -96.75885603693884,32.71777243082621,150.31721197182733 -96.75885603693884,32.71840061442382,150.31721197182733 -96.75885603693884,32.71840061442382,120.33721197182733</coordinates>
                    </LinearRing>
                  </outerBoundaryIs>
                </Polygon>
                <Polygon>
                  <altitudeMode>absolute</altitudeMode>
                  <outerBoundaryIs>
                    <LinearRing>
                      <coordinates>-96.75885603693884,32.71840061442382,120.33721197182733 -96.75885603693884,32.71840061442382,150.31721197182733 -96.75793995876997,32.71840061442382,150.31721197182733 -96.75793995876997,32.71840061442382,120.33721197182733</coordinates>
                    </LinearRing>
                  </outerBoundaryIs>
                </Polygon>
                <Polygon>
                  <altitudeMode>absolute</altitudeMode>
                  <outerBoundaryIs>
                    <LinearRing>
                      <coordinates>-96.75793995876997,32.71840061442382,120.33721197182733 -96.75793995876997,32.71840061442382,150.31721197182733 -96.75793995876997,32.71777243082621,150.31721197182733 -96.75793995876997,32.71777243082621,120.33721197182733</coordinates>
                    </LinearRing>
                  </outerBoundaryIs>
                </Polygon>
                <Polygon>
                  <altitudeMode>absolute</altitudeMode>
                  <outerBoundaryIs>
                    <LinearRing>
                      <coordinates>-96.75793995876997,32.71777243082621,120.33721197182733 -96.75793995876997,32.71777243082621,150.31721197182733 -96.75885603693884,32.71777243082621,150.31721197182733 -96.75885603693884,32.71777243082621,120.33721197182733</coordinates>
                    </LinearRing>
                  </outerBoundaryIs>
                </Polygon>
              </MultiGeometry>
            </Placemark>
          </Folder>
          <Folder>
            <name>E125: uss1_core interuss.automated_testing.flight_planning.v1.UpsertFlightPlan</name>
            <Folder>
              <name>Activity Completed, flight OkToFly</name>
              <Placemark>
                <name>Volume 0</name>
                <styleUrl>#InUse_Nominal</styleUrl>
                <TimeSpan>
                  <begin>2026-10-03T16:13:08.641312+00:00</begin>
                  <end>2026-10-03T16:58:09.641312+00:00</end>
                </TimeSpan>
                <MultiGeometry>
                  <Polygon>
                    <altitudeMode>absolute</altitudeMode>
                    <outerBoundaryIs>
                      <LinearRing>
                        <coordinates>-96.7586436117025,32.71777243082621,120.33727274253008 -96.75885603693884,32.71801338382339,120.33727274253008 -96.75823551948804,32.71840061442382,120.33727274253008 -96.75793995876997,32.718149288087204,120.33727274253008</coordinates>
                      </LinearRing>
                    </outerBoundaryIs>
                  </Polygon>
                  <Polygon>
                    <altitudeMode>absolute</altitudeMode>
                    <outerBoundaryIs>
                      <LinearRing>
                        <coordinates>-96.7586436117025,32.71777243082621,150.31727274253006 -96.75885603693884,32.71801338382339,150.31727274253006 -96.75823551948804,32.71840061442382,150.31727274253006 -96.75793995876997,32.718149288087204,150.31727274253006</coordinates>
                      </LinearRing>
                    </outerBoundaryIs>
                  </Polygon>
                  <Polygon>
                    <altitudeMode>absolute</altitudeMode>
                    <outerBoundaryIs>
                      <LinearRing>
                        <coordinates>-96.7586436117025,32.71777243082621,120.33727274253008 -96.7586436117025,32.71777243082621,150.31727274253006 -96.75885603693884,32.71801338382339,150.31727274253006 -96.75885603693884,32.71801338382339,120.33727274253008</coordinates>
                      </LinearRing>
                    </outerBoundaryIs>
                  </Polygon>
                  <Polygon>
                    <altitudeMode>absolute</altitudeMode>
                    <outerBoundaryIs>
                      <LinearRing>
                        <coordinates>-96.75885603693884,32.71801338382339,120.33727274253008 -96.75885603693884,32.71801338382339,150.31727274253006 -96.75823551948804,32.71840061442382,150.31727274253006 -96.75823551948804,32.71840061442382,120.33727274253008</coordinates>
                      </LinearRing>
                    </outerBoundaryIs>
                  </Polygon>
                  <Polygon>
                    <altitudeMode>absolute</altitudeMode>
                    <outerBoundaryIs>
                      <LinearRing>
                        <coordinates>-96.75823551948804,32.71840061442382,120.33727274253008 -96.75823551948804,32.71840061442382,150.31727274253006 -96.75793995876997,32.718149288087204,150.31727274253006 -96.75793995876997,32.718149288087204,120.33727274253008</coordinates>
                      </LinearRing>
                    </outerBoundaryIs>
                  </Polygon>
                  <Polygon>
                    <altitudeMode>absolute</altitudeMode>
                    <outerBoundaryIs>
                      <LinearRing>
                        <coordinates>-96.75793995876997,32.718149288087204,120.33727274253008 -96.75793995876997,32.718149288087204,150.31727274253006 -96.7586436117025,32.71777243082621,150.31727274253006 -96.7586436117025,32.71777243082621,120.33727274253008</coordinates>
                      </LinearRing>
                    </outerBoundaryIs>
                  </Polygon>
                </MultiGeometry>
              </Placemark>
            </Folder>
          </Folder>
          <Folder>
            <name>E129: uss1_dss astm.f3548.v21.dss.queryOperationalIntentReferences</name>
            <Placemark>
              <name>area_of_interest</name>
              <styleUrl>#QueryArea</styleUrl>
              <description><![CDATA[<ul><li>uss1's Activated 1f351a93-47d3-4651-b562-534b67f5ab15[2]</li></ul>]]></description>
              <TimeSpan>
                <begin>2026-10-03T16:13:08.641312+00:00</begin>
                <end>2026-10-03T16:58:09.641312+00:00</end>
              </TimeSpan>
              <MultiGeometry>
                <Polygon>
                  <altitudeMode>absolute</altitudeMode>
                  <outerBoundaryIs>
                    <LinearRing>
                      <coordinates>-96.75885603693884,32.71777243082621,120.33721197182733 -96.75885603693884,32.71840061442382,120.33721197182733 -96.75793995876997,32.71840061442382,120.33721197182733 -96.75793995876997,32.71777243082621,120.33721197182733</coordinates>
                    </LinearRing>
                  </outerBoundaryIs>
                </Polygon>
                <Polygon>
                  <altitudeMode>absolute</altitudeMode>
                  <outerBoundaryIs>
                    <LinearRing>
                      <coordinates>-96.75885603693884,32.71777243082621,150.31721197182733 -96.75885603693884,32.71840061442382,150.31721197182733 -96.75793995876997,32.71840061442382,150.31721197182733 -96.75793995876997,32.71777243082621,150.31721197182733</coordinates>
                    </LinearRing>
                  </outerBoundaryIs>
                </Polygon>
                <Polygon>
                  <altitudeMode>absolute</altitudeMode>
                  <outerBoundaryIs>
                    <LinearRing>
                      <coordinates>-96.75885603693884,32.71777243082621,120.33721197182733 -96.75885603693884,32.71777243082621,150.31721197182733 -96.75885603693884,32.71840061442382,150.31721197182733 -96.75885603693884,32.71840061442382,120.33721197182733</coordinates>
                    </LinearRing>
                  </outerBoundaryIs>
                </Polygon>
                <Polygon>
                  <altitudeMode>absolute</altitudeMode>
                  <outerBoundaryIs>
                    <LinearRing>
                      <coordinates>-96.75885603693884,32.71840061442382,120.33721197182733 -96.75885603693884,32.71840061442382,150.31721197182733 -96.75793995876997,32.71840061442382,150.31721197182733 -96.75793995876997,32.71840061442382,120.33721197182733</coordinates>
                    </LinearRing>
                  </outerBoundaryIs>
                </Polygon>
                <Polygon>
                  <altitudeMode>absolute</altitudeMode>
                  <outerBoundaryIs>
                    <LinearRing>
                      <coordinates>-96.75793995876997,32.71840061442382,120.33721197182733 -96.75793995876997,32.71840061442382,150.31721197182733 -96.75793995876997,32.71777243082621,150.31721197182733 -96.75793995876997,32.71777243082621,120.33721197182733</coordinates>
                    </LinearRing>
                  </outerBoundaryIs>
                </Polygon>
                <Polygon>
                  <altitudeMode>absolute</altitudeMode>
                  <outerBoundaryIs>
                    <LinearRing>
                      <coordinates>-96.75793995876997,32.71777243082621,120.33721197182733 -96.75793995876997,32.71777243082621,150.31721197182733 -96.75885603693884,32.71777243082621,150.31721197182733 -96.75885603693884,32.71777243082621,120.33721197182733</coordinates>
                    </LinearRing>
                  </outerBoundaryIs>
                </Polygon>
              </MultiGeometry>
            </Placemark>
          </Folder>
          <Folder>
            <name>E134: uss1_core astm.f3548.v21.uss.getOperationalIntentDetails</name>
            <Folder>
              <name>uss1's P0 Activated 1f351a93-47d3-4651-b562-534b67f5ab15[2] @ kuv0v4k515g6sIhuE6PvM.Hj4Kedl5Df88c9YYpCOwI_</name>
              <Placemark>
                <name>Nominal volume 0</name>
                <styleUrl>#F3548v21Activated</styleUrl>
                <TimeSpan>
                  <begin>2026-10-03T16:13:09.667741+00:00</begin>
                  <end>2026-10-03T16:58:09.641312+00:00</end>
                </TimeSpan>
                <MultiGeometry>
                  <Polygon>
                    <altitudeMode>absolute</altitudeMode>
                    <outerBoundaryIs>
                      <LinearRing>
                        <coordinates>-96.7586436117025,32.71777243082621,120.33727274253008 -96.75885603693884,32.71801338382339,120.33727274253008 -96.75823551948804,32.71840061442382,120.33727274253008 -96.75793995876997,32.718149288087204,120.33727274253008</coordinates>
                      </LinearRing>
                    </outerBoundaryIs>
                  </Polygon>
                  <Polygon>
                    <altitudeMode>absolute</altitudeMode>
                    <outerBoundaryIs>
                      <LinearRing>
                        <coordinates>-96.7586436117025,32.71777243082621,150.31727274253006 -96.75885603693884,32.71801338382339,150.31727274253006 -96.75823551948804,32.71840061442382,150.31727274253006 -96.75793995876997,32.718149288087204,150.31727274253006</coordinates>
                      </LinearRing>
                    </outerBoundaryIs>
                  </Polygon>
                  <Polygon>
                    <altitudeMode>absolute</altitudeMode>
                    <outerBoundaryIs>
                      <LinearRing>
                        <coordinates>-96.7586436117025,32.71777243082621,120.33727274253008 -96.7586436117025,32.71777243082621,150.31727274253006 -96.75885603693884,32.71801338382339,150.31727274253006 -96.75885603693884,32.71801338382339,120.33727274253008</coordinates>
                      </LinearRing>
                    </outerBoundaryIs>
                  </Polygon>
                  <Polygon>
                    <altitudeMode>absolute</altitudeMode>
                    <outerBoundaryIs>
                      <LinearRing>
                        <coordinates>-96.75885603693884,32.71801338382339,120.33727274253008 -96.75885603693884,32.71801338382339,150.31727274253006 -96.75823551948804,32.71840061442382,150.31727274253006 -96.75823551948804,32.71840061442382,120.33727274253008</coordinates>
                      </LinearRing>
                    </outerBoundaryIs>
                  </Polygon>
                  <Polygon>
                    <altitudeMode>absolute</altitudeMode>
                    <outerBoundaryIs>
                      <LinearRing>
                        <coordinates>-96.75823551948804,32.71840061442382,120.33727274253008 -96.75823551948804,32.71840061442382,150.31727274253006 -96.75793995876997,32.718149288087204,150.31727274253006 -96.75793995876997,32.718149288087204,120.33727274253008</coordinates>
                      </LinearRing>
                    </outerBoundaryIs>
                  </Polygon>
                  <Polygon>
                    <altitudeMode>absolute</altitudeMode>
                    <outerBoundaryIs>
                      <LinearRing>
                        <coordinates>-96.75793995876997,32.718149288087204,120.33727274253008 -96.75793995876997,32.718149288087204,150.31727274253006 -96.7586436117025,32.71777243082621,150.31727274253006 -96.7586436117025,32.71777243082621,120.33727274253008</coordinates>
                      </LinearRing>
                    </outerBoundaryIs>
                  </Polygon>
                </MultiGeometry>
              </Placemark>
            </Folder>
          </Folder>
        </Folder>
        <Folder>
          <name>Plan Flight 2</name>
          <Folder>
            <name>E143: uss1_dss astm.f3548.v21.dss.queryOperationalIntentReferences</name>
            <Placemark>
              <name>area_of_interest</name>
              <styleUrl>#QueryArea</styleUrl>
              <description><![CDATA[<ul><li>uss1's Activated 1f351a93-47d3-4651-b562-534b67f5ab15[2]</li></ul>]]></description>
              <TimeSpan>
                <begin>2026-10-03T16:13:08.782935+00:00</begin>
                <end>2026-10-03T16:58:09.782935+00:00</end>
              </TimeSpan>
              <MultiGeometry>
                <Polygon>
                  <altitudeMode>absolute</altitudeMode>
                  <outerBoundaryIs>
                    <LinearRing>
                      <coordinates>-96.75899607628425,32.717821632855895,119.24813014424481 -96.75899607628425,32.718424015430124,119.24813014424481 -96.75846501195453,32.718424015430124,119.24813014424481 -96.75846501195453,32.717821632855895,119.24813014424481</coordinates>
                    </LinearRing>
                  </outerBoundaryIs>
                </Polygon>
                <Polygon>
                  <altitudeMode>absolute</altitudeMode>
                  <outerBoundaryIs>
                    <LinearRing>
                      <coordinates>-96.75899607628425,32.717821632855895,148.3181301442448 -96.75899607628425,32.718424015430124,148.3181301442448 -96.75846501195453,32.718424015430124,148.3181301442448 -96.75846501195453,32.717821632855895,148.3181301442448</coordinates>
                    </LinearRing>
                  </outerBoundaryIs>
                </Polygon>
                <Polygon>
                  <altitudeMode>absolute</altitudeMode>
                  <outerBoundaryIs>
                    <LinearRing>
                      <coordinates>-96.75899607628425,32.717821632855895,119.24813014424481 -96.75899607628425,32.717821632855895,148.3181301442448 -96.75899607628425,32.718424015430124,148.3181301442448 -96.75899607628425,32.718424015430124,119.24813014424481</coordinates>
                    </LinearRing>
                  </outerBoundaryIs>
                </Polygon>
                <Polygon>
                  <altitudeMode>absolute</altitudeMode>
                  <outerBoundaryIs>
                    <LinearRing>
                      <coordinates>-96.75899607628425,32.718424015430124,119.24813014424481 -96.75899607628425,32.718424015430124,148.3181301442448 -96.75846501195453,32.718424015430124,148.3181301442448 -96.75846501195453,32.718424015430124,119.24813014424481</coordinates>
                    </LinearRing>
                  </outerBoundaryIs>
                </Polygon>
                <Polygon>
                  <altitudeMode>absolute</altitudeMode>
                  <outerBoundaryIs>
                    <LinearRing>
                      <coordinates>-96.75846501195453,32.718424015430124,119.24813014424481 -96.75846501195453,32.718424015430124,148.3181301442448 -96.75846501195453,32.717821632855895,148.3181301442448 -96.75846501195453,32.717821632855895,119.24813014424481</coordinates>
                    </LinearRing>
                  </outerBoundaryIs>
                </Polygon>
                <Polygon>
                  <altitudeMode>absolute</altitudeMode>
                  <outerBoundaryIs>
                    <LinearRing>
                      <coordinates>-96.75846501195453,32.717821632855895,119.24813014424481 -96.75846501195453,32.717821632855895,148.3181301442448 -96.75899607628425,32.717821632855895,148.3181301442448 -96.75899607628425,32.717821632855895,119.24813014424481</coordinates>
                    </LinearRing>
                  </outerBoundaryIs>
                </Polygon>
              </MultiGeometry>
            </Placemark>
          </Folder>
          <Folder>
            <name>E145: uss2_core interuss.automated_testing.flight_planning.v1.UpsertFlightPlan</name>
            <Folder>
              <name>Activity Completed, flight Planned</name>
              <Placemark>
                <name>Volume 0</name>
                <styleUrl>#Planned_Nominal</styleUrl>
                <TimeSpan>
                  <begin>2026-10-03T16:13:08.782935+00:00</begin>
                  <end>2026-10-03T16:58:09.782935+00:00</end>
                </TimeSpan>
                <MultiGeometry>
                  <Polygon>
                    <altitudeMode>absolute</altitudeMode>
                    <outerBoundaryIs>
                      <LinearRing>
                        <coordinates>-96.75897457751377,32.71806391428686,119.2481663576577 -96.75846501195453,32.717821632855895,119.2481663576577 -96.75855731707719,32.71826205187991,119.2481663576577 -96.75899607628423,32.71842401543012,119.2481663576577</coordinates>
                      </LinearRing>
                    </outerBoundaryIs>
                  </Polygon>
                  <Polygon>
                    <altitudeMode>absolute</altitudeMode>
                    <outerBoundaryIs>
                      <LinearRing>
                        <coordinates>-96.75897457751377,32.71806391428686,148.3181663576577 -96.75846501195453,32.717821632855895,148.3181663576577 -96.75855731707719,32.71826205187991,148.3181663576577 -96.75899607628423,32.71842401543012,148.3181663576577</coordinates>
                      </LinearRing>
                    </outerBoundaryIs>
                  </Polygon>
                  <Polygon>
                    <altitudeMode>absolute</altitudeMode>
                    <outerBoundaryIs>
                      <LinearRing>
                        <coordinates>-96.75897457751377,32.71806391428686,119.2481663576577 -96.75897457751377,32.71806391428686,148.3181663576577 -96.75846501195453,32.717821632855895,148.3181663576577 -96.75846501195453,32.717821632855895,119.2481663576577</coordinates>
                      </LinearRing>
                    </outerBoundaryIs>
                  </Polygon>
                  <Polygon>
                    <altitudeMode>absolute</altitudeMode>
                    <outerBoundaryIs>
                      <LinearRing>
                        <coordinates>-96.75846501195453,32.717821632855895,119.2481663576577 -96.75846501195453,32.717821632855895,148.3181663576577 -96.75855731707719,32.71826205187991,148.3181663576577 -96.75855731707719,32.71826205187991,119.2481663576577</coordinates>
                      </LinearRing>
                    </outerBoundaryIs>
                  </Polygon>
                  <Polygon>
                    <altitudeMode>absolute</altitudeMode>
                    <outerBoundaryIs>
                      <LinearRing>
                        <coordinates>-96.75855731707719,32.71826205187991,119.2481663576577 -96.75855731707719,32.71826205187991,148.3181663576577 -96.75899607628423,32.71842401543012,148.3181663576577 -96.75899607628423,32.71842401543012,119.2481663576577</coordinates>
                      </LinearRing>
                    </outerBoundaryIs>
                  </Polygon>
                  <Polygon>
                    <altitudeMode>absolute</altitudeMode>
                    <outerBoundaryIs>
                      <LinearRing>
                        <coordinates>-96.75899607628423,32.71842401543012,119.2481663576577 -96.75899607628423,32.71842401543012,148.3181663576577 -96.75897457751377,32.71806391428686,148.3181663576577 -96.75897457751377,32.71806391428686,119.2481663576577</coordinates>
                      </LinearRing>
                    </outerBoundaryIs>
                  </Polygon>
                </MultiGeometry>
              </Placemark>
            </Folder>
          </Folder>
          <Folder>
            <name>E149: uss1_dss astm.f3548.v21.dss.queryOperationalIntentReferences</name>
            <Placemark>
              <name>area_of_interest</name>
              <styleUrl>#QueryArea</styleUrl>
              <description><![CDATA[<ul><li>uss1's Activated 1f351a93-47d3-4651-b562-534b67f5ab15[2]</li><li>uss2's Accepted ad2c7f95-33f0-4b49-9ed2-23248c5f50a2[1]</li></ul>]]></description>
              <TimeSpan>
                <begin>2026-10-03T16:13:08.782935+00:00</begin>
                <end>2026-10-03T16:58:09.782935+00:00</end>
              </TimeSpan>
              <MultiGeometry>
                <Polygon>
                  <altitudeMode>absolute</altitudeMode>
                  <outerBoundaryIs>
                    <LinearRing>
                      <coordinates>-96.75899607628425,32.717821632855895,119.24813014424481 -96.75899607628425,32.718424015430124,119.24813014424481 -96.75846501195453,32.718424015430124,119.24813014424481 -96.75846501195453,32.717821632855895,119.24813014424481</coordinates>
                    </LinearRing>
                  </outerBoundaryIs>
                </Polygon>
                <Polygon>
                  <altitudeMode>absolute</altitudeMode>
                  <outerBoundaryIs>
                    <LinearRing>
                      <coordinates>-96.75899607628425,32.717821632855895,148.3181301442448 -96.75899607628425,32.718424015430124,148.3181301442448 -96.75846501195453,32.718424015430124,148.3181301442448 -96.75846501195453,32.717821632855895,148.3181301442448</coordinates>
                    </LinearRing>
                  </outerBoundaryIs>
                </Polygon>
                <Polygon>
                  <altitudeMode>absolute</altitudeMode>
                  <outerBoundaryIs>
                    <LinearRing>
                      <coordinates>-96.75899607628425,32.717821632855895,119.24813014424481 -96.75899607628425,32.717821632855895,148.3181301442448 -96.75899607628425,32.718424015430124,148.3181301442448 -96.75899607628425,32.718424015430124,119.24813014424481</coordinates>
                    </LinearRing>
                  </outerBoundaryIs>
                </Polygon>
                <Polygon>
                  <altitudeMode>absolute</altitudeMode>
                  <outerBoundaryIs>
                    <LinearRing>
                      <coordinates>-96.75899607628425,32.718424015430124,119.24813014424481 -96.75899607628425,32.718424015430124,148.3181301442448 -96.75846501195453,32.718424015430124,148.3181301442448 -96.75846501195453,32.718424015430124,119.24813014424481</coordinates>
                    </LinearRing>
                  </outerBoundaryIs>
                </Polygon>
                <Polygon>
                  <altitudeMode>absolute</altitudeMode>
                  <outerBoundaryIs>
                    <LinearRing>
                      <coordinates>-96.75846501195453,32.718424015430124,119.24813014424481 -96.75846501195453,32.718424015430124,148.3181301442448 -96.75846501195453,32.717821632855895,148.3181301442448 -96.75846501195453,32.717821632855895,119.24813014424481</coordinates>
                    </LinearRing>
                  </outerBoundaryIs>
                </Polygon>
                <Polygon>
                  <altitudeMode>absolute</altitudeMode>
                  <outerBoundaryIs>
                    <LinearRing>
                      <coordinates>-96.75846501195453,32.717821632855895,119.24813014424481 -96.75846501195453,32.717821632855895,148.3181301442448 -96.75899607628425,32.717821632855895,148.3181301442448 -96.75899607628425,32.717821632855895,119.24813014424481</coordinates>
                    </LinearRing>
                  </outerBoundaryIs>
                </Polygon>
              </MultiGeometry>
            </Placemark>
          </Folder>
          <Folder>
            <name>E153: uss2_core astm.f3548.v21.uss.getOperationalIntentDetails</name>
            <Folder>
              <name>uss2's P100 Accepted ad2c7f95-33f0-4b49-9ed2-23248c5f50a2[1] @ SoHZAQ.EWDn3olOyq0bDiXpkNR.frssG-d6PbuN0cBg_</name>
              <Placemark>
                <name>Nominal volume 0</name>
                <styleUrl>#F3548v21Accepted</styleUrl>
                <TimeSpan>
                  <begin>2026-10-03T16:13:09.803616+00:00</begin>
                  <end>2026-10-03T16:58:09.782935+00:00</end>
                </TimeSpan>
                <MultiGeometry>
                  <Polygon>
                    <altitudeMode>absolute</altitudeMode>
                    <outerBoundaryIs>
                      <LinearRing>
                        <coordinates>-96.75897457751377,32.71806391428686,119.2481663576577 -96.75846501195453,32.717821632855895,119.2481663576577 -96.75855731707719,32.71826205187991,119.2481663576577 -96.75899607628423,32.71842401543012,119.2481663576577</coordinates>
                      </LinearRing>
                    </outerBoundaryIs>
                  </Polygon>
                  <Polygon>
                    <altitudeMode>absolute</altitudeMode>
                    <outerBoundaryIs>
                      <LinearRing>
                        <coordinates>-96.75897457751377,32.71806391428686,148.3181663576577 -96.75846501195453,32.717821632855895,148.3181663576577 -96.75855731707719,32.71826205187991,148.3181663576577 -96.75899607628423,32.71842401543012,148.3181663576577</coordinates>
                      </LinearRing>
                    </outerBoundaryIs>
                  </Polygon>
                  <Polygon>
                    <altitudeMode>absolute</altitudeMode>
                    <outerBoundaryIs>
                      <LinearRing>
                        <coordinates>-96.75897457751377,32.71806391428686,119.2481663576577 -96.75897457751377,32.71806391428686,148.3181663576577 -96.75846501195453,32.717821632855895,148.3181663576577 -96.75846501195453,32.717821632855895,119.2481663576577</coordinates>
                      </LinearRing>
                    </outerBoundaryIs>
                  </Polygon>
                  <Polygon>
                    <altitudeMode>absolute</altitudeMode>
                    <outerBoundaryIs>
                      <LinearRing>
                        <coordinates>-96.75846501195453,32.717821632855895,119.2481663576577 -96.75846501195453,32.717821632855895,148.3181663576577 -96.75855731707719,32.71826205187991,148.3181663576577 -96.75855731707719,32.71826205187991,119.2481663576577</coordinates>
                      </LinearRing>
                    </outerBoundaryIs>
                  </Polygon>
                  <Polygon>
                    <altitudeMode>absolute</altitudeMode>
                    <outerBoundaryIs>
                      <LinearRing>
                        <coordinates>-96.75855731707719,32.71826205187991,119.2481663576577 -96.75855731707719,32.71826205187991,148.3181663576577 -96.75899607628423,32.71842401543012,148.3181663576577 -96.75899607628423,32.71842401543012,119.2481663576577</coordinates>
                      </LinearRing>
                    </outerBoundaryIs>
                  </Polygon>
                  <Polygon>
                    <altitudeMode>absolute</altitudeMode>
                    <outerBoundaryIs>
                      <LinearRing>
                        <coordinates>-96.75899607628423,32.71842401543012,119.2481663576577 -96.75899607628423,32.71842401543012,148.3181663576577 -96.75897457751377,32.71806391428686,148.3181663576577 -96.75897457751377,32.71806391428686,119.2481663576577</coordinates>
                      </LinearRing>
                    </outerBoundaryIs>
                  </Polygon>
                </MultiGeometry>
              </Placemark>
            </Folder>
          </Folder>
        </Folder>
        <Folder>
          <name>Activate Flight 2</name>
          <Folder>
            <name>E166: uss1_dss astm.f3548.v21.dss.queryOperationalIntentReferences</name>
            <Placemark>
              <name>area_of_interest</name>
              <styleUrl>#QueryArea</styleUrl>
              <description><![CDATA[<ul><li>uss1's Activated 1f351a93-47d3-4651-b562-534b67f5ab15[2]</li><li>uss2's Accepted ad2c7f95-33f0-4b49-9ed2-23248c5f50a2[1]</li></ul>]]></description>
              <TimeSpan>
                <begin>2026-10-03T16:13:08.954614+00:00</begin>
                <end>2026-10-03T16:58:09.954614+00:00</end>
              </TimeSpan>
              <MultiGeometry>
                <Polygon>
                  <altitudeMode>absolute</altitudeMode>
                  <outerBoundaryIs>
                    <LinearRing>
                      <coordinates>-96.75899607628425,32.717821632855895,120.3981301442448 -96.75899607628425,32.718424015430124,120.3981301442448 -96.75846501195453,32.718424015430124,120.3981301442448 -96.75846501195453,32.717821632855895,120.3981301442448</coordinates>
                    </LinearRing>
                  </outerBoundaryIs>
                </Polygon>
                <Polygon>
                  <altitudeMode>absolute</altitudeMode>
                  <outerBoundaryIs>
                    <LinearRing>
                      <coordinates>-96.75899607628425,32.717821632855895,148.3181301442448 -96.75899607628425,32.718424015430124,148.3181301442448 -96.75846501195453,32.718424015430124,148.3181301442448 -96.75846501195453,32.717821632855895,148.3181301442448</coordinates>
                    </LinearRing>
                  </outerBoundaryIs>
                </Polygon>
                <Polygon>
                  <altitudeMode>absolute</altitudeMode>
                  <outerBoundaryIs>
                    <LinearRing>
                      <coordinates>-96.75899607628425,32.717821632855895,120.3981301442448 -96.75899607628425,32.717821632855895,148.3181301442448 -96.75899607628425,32.718424015430124,148.3181301442448 -96.75899607628425,32.718424015430124,120.3981301442448</coordinates>
                    </LinearRing>
                  </outerBoundaryIs>
                </Polygon>
                <Polygon>
                  <altitudeMode>absolute</altitudeMode>
                  <outerBoundaryIs>
                    <LinearRing>
                      <coordinates>-96.75899607628425,32.718424015430124,120.3981301442448 -96.75899607628425,32.718424015430124,148.3181301442448 -96.75846501195453,32.718424015430124,148.3181301442448 -96.75846501195453,32.718424015430124,120.3981301442448</coordinates>
                    </LinearRing>
                  </outerBoundaryIs>
                </Polygon>
                <Polygon>
                  <altitudeMode>absolute</altitudeMode>
                  <outerBoundaryIs>
                    <LinearRing>
                      <coordinates>-96.75846501195453,32.718424015430124,120.3981301442448 -96.75846501195453,32.718424015430124,148.3181301442448 -96.75846501195453,32.717821632855895,148.3181301442448 -96.75846501195453,32.717821632855895,120.3981301442448</coordinates>
                    </LinearRing>
                  </outerBoundaryIs>
                </Polygon>
                <Polygon>
                  <altitudeMode>absolute</altitudeMode>
                  <outerBoundaryIs>
                    <LinearRing>
                      <coordinates>-96.75846501195453,32.717821632855895,120.3981301442448 -96.75846501195453,32.717821632855895,148.3181301442448 -96.75899607628425,32.717821632855895,148.3181301442448 -96.75899607628425,32.717821632855895,120.3981301442448</coordinates>
                    </LinearRing>
                  </outerBoundaryIs>
                </Polygon>
              </MultiGeometry>
            </Placemark>
          </Folder>
          <Folder>
            <name>E168: uss2_core interuss.automated_testing.flight_planning.v1.UpsertFlightPlan</name>
            <Folder>
              <name>Activity Completed, flight OkToFly</name>
              <Placemark>
                <name>Volume 0</name>
                <styleUrl>#InUse_Nominal</styleUrl>
                <TimeSpan>
                  <begin>2026-10-03T16:13:08.954614+00:00</begin>
                  <end>2026-10-03T16:58:09.954614+00:00</end>
                </TimeSpan>
                <MultiGeometry>
                  <Polygon>
                    <altitudeMode>absolute</altitudeMode>
                    <outerBoundaryIs>
                      <LinearRing>
                        <coordinates>-96.75897457751377,32.71806391428686,120.39816635765769 -96.75846501195453,32.717821632855895,120.39816635765769 -96.75855731707719,32.71826205187991,120.39816635765769 -96.75899607628423,32.71842401543012,120.39816635765769</coordinates>
                      </LinearRing>
                    </outerBoundaryIs>
                  </Polygon>
                  <Polygon>
                    <altitudeMode>absolute</altitudeMode>
                    <outerBoundaryIs>
                      <LinearRing>
                        <coordinates>-96.75897457751377,32.71806391428686,148.3181663576577 -96.75846501195453,32.717821632855895,148.3181663576577 -96.75855731707719,32.71826205187991,148.3181663576577 -96.75899607628423,32.71842401543012,148.3181663576577</coordinates>
                      </LinearRing>
                    </outerBoundaryIs>
                  </Polygon>
                  <Polygon>
                    <altitudeMode>absolute</altitudeMode>
                    <outerBoundaryIs>
                      <LinearRing>
                        <coordinates>-96.75897457751377,32.71806391428686,120.39816635765769 -96.75897457751377,32.71806391428686,148.3181663576577 -96.75846501195453,32.717821632855895,148.3181663576577 -96.75846501195453,32.717821632855895,120.39816635765769</coordinates>
                      </LinearRing>
                    </outerBoundaryIs>
                  </Polygon>
                  <Polygon>
                    <altitudeMode>absolute</altitudeMode>
                    <outerBoundaryIs>
                      <LinearRing>
                        <coordinates>-96.75846501195453,32.717821632855895,120.39816635765769 -96.75846501195453,32.717821632855895,148.3181663576577 -96.75855731707719,32.71826205187991,148.3181663576577 -96.75855731707719,32.71826205187991,120.39816635765769</coordinates>
                      </LinearRing>
                    </outerBoundaryIs>
                  </Polygon>
                  <Polygon>
                    <altitudeMode>absolute</altitudeMode>
                    <outerBoundaryIs>
                      <LinearRing>
                        <coordinates>-96.75855731707719,32.71826205187991,120.39816635765769 -96.75855731707719,32.71826205187991,148.3181663576577 -96.75899607628423,32.71842401543012,148.3181663576577 -96.75899607628423,32.71842401543012,120.39816635765769</coordinates>
                      </LinearRing>
                    </outerBoundaryIs>
                  </Polygon>
                  <Polygon>
                    <altitudeMode>absolute</altitudeMode>
                    <outerBoundaryIs>
                      <LinearRing>
                        <coordinates>-96.75899607628423,32.71842401543012,120.39816635765769 -96.75899607628423,32.71842401543012,148.3181663576577 -96.75897457751377,32.71806391428686,148.3181663576577 -96.75897457751377,32.71806391428686,120.39816635765769</coordinates>
                      </LinearRing>
                    </outerBoundaryIs>
                  </Polygon>
                </MultiGeometry>
              </Placemark>
            </Folder>
          </Folder>
          <Folder>
            <name>E172: uss1_dss astm.f3548.v21.dss.queryOperationalIntentReferences</name>
            <Placemark>
              <name>area_of_interest</name>
              <styleUrl>#QueryArea</styleUrl>
              <description><![CDATA[<ul><li>uss1's Activated 1f351a93-47d3-4651-b562-534b67f5ab15[2]</li><li>uss2's Activated ad2c7f95-33f0-4b49-9ed2-23248c5f50a2[2]</li></ul>]]></description>
              <TimeSpan>
                <begin>2026-10-03T16:13:08.954614+00:00</begin>
                <end>2026-10-03T16:58:09.954614+00:00</end>
              </TimeSpan>
              <MultiGeometry>
                <Polygon>
                  <altitudeMode>absolute</altitudeMode>
                  <outerBoundaryIs>
                    <LinearRing>
                      <coordinates>-96.75899607628425,32.717821632855895,120.3981301442448 -96.75899607628425,32.718424015430124,120.3981301442448 -96.75846501195453,32.718424015430124,120.3981301442448 -96.75846501195453,32.717821632855895,120.3981301442448</coordinates>
                    </LinearRing>
                  </outerBoundaryIs>
                </Polygon>
                <Polygon>
                  <altitudeMode>absolute</altitudeMode>
                  <outerBoundaryIs>
                    <LinearRing>
                      <coordinates>-96.75899607628425,32.717821632855895,148.3181301442448 -96.75899607628425,32.718424015430124,148.3181301442448 -96.75846501195453,32.718424015430124,148.3181301442448 -96.75846501195453,32.717821632855895,148.3181301442448</coordinates>
                    </LinearRing>
                  </outerBoundaryIs>
                </Polygon>
                <Polygon>
                  <altitudeMode>absolute</altitudeMode>
                  <outerBoundaryIs>
                    <LinearRing>
                      <coordinates>-96.75899607628425,32.717821632855895,120.3981301442448 -96.75899607628425,32.717821632855895,148.3181301442448 -96.75899607628425,32.718424015430124,148.3181301442448 -96.75899607628425,32.718424015430124,120.3981301442448</coordinates>
                    </LinearRing>
                  </outerBoundaryIs>
                </Polygon>
                <Polygon>
                  <altitudeMode>absolute</altitudeMode>
                  <outerBoundaryIs>
                    <LinearRing>
                      <coordinates>-96.75899607628425,32.718424015430124,120.3981301442448 -96.75899607628425,32.718424015430124,148.3181301442448 -96.75846501195453,32.718424015430124,148.3181301442448 -96.75846501195453,32.718424015430124,120.3981301442448</coordinates>
                    </LinearRing>
                  </outerBoundaryIs>
                </Polygon>
                <Polygon>
                  <altitudeMode>absolute</altitudeMode>
                  <outerBoundaryIs>
                    <LinearRing>
                      <coordinates>-96.75846501195453,32.718424015430124,120.3981301442448 -96.75846501195453,32.718424015430124,148.3181301442448 -96.75846501195453,32.717821632855895,148.3181301442448 -96.75846501195453,32.717821632855895,120.3981301442448</coordinates>
                    </LinearRing>
                  </outerBoundaryIs>
                </Polygon>
                <Polygon>
                  <altitudeMode>absolute</altitudeMode>
                  <outerBoundaryIs>
                    <LinearRing>
                      <coordinates>-96.75846501195453,32.717821632855895,120.3981301442448 -96.75846501195453,32.717821632855895,148.3181301442448 -96.75899607628425,32.717821632855895,148.3181301442448 -96.75899607628425,32.717821632855895,120.3981301442448</coordinates>
                    </LinearRing>
                  </outerBoundaryIs>
                </Polygon>
              </MultiGeometry>
            </Placemark>
          </Folder>
          <Folder>
            <name>E177: uss2_core astm.f3548.v21.uss.getOperationalIntentDetails</name>
            <Folder>
              <name>uss2's P100 Activated ad2c7f95-33f0-4b49-9ed2-23248c5f50a2[2] @ QMNBWEAWL62nnUulI-MKs6g956PypoiP25M3.PphH24_</name>
              <Placemark>
                <name>Nominal volume 0</name>
                <styleUrl>#F3548v21Activated</styleUrl>
                <TimeSpan>
                  <begin>2026-10-03T16:13:09.978598+00:00</begin>
                  <end>2026-10-03T16:58:09.954614+00:00</end>
                </TimeSpan>
                <MultiGeometry>
                  <Polygon>
                    <altitudeMode>absolute</altitudeMode>
                    <outerBoundaryIs>
                      <LinearRing>
                        <coordinates>-96.75897457751377,32.71806391428686,120.39816635765769 -96.75846501195453,32.717821632855895,120.39816635765769 -96.75855731707719,32.71826205187991,120.39816635765769 -96.75899607628423,32.71842401543012,120.39816635765769</coordinates>
                      </LinearRing>
                    </outerBoundaryIs>
                  </Polygon>
                  <Polygon>
                    <altitudeMode>absolute</altitudeMode>
                    <outerBoundaryIs>
                      <LinearRing>
                        <coordinates>-96.75897457751377,32.71806391428686,148.3181663576577 -96.75846501195453,32.717821632855895,148.3181663576577 -96.75855731707719,32.71826205187991,148.3181663576577 -96.75899607628423,32.71842401543012,148.3181663576577</coordinates>
                      </LinearRing>
                    </outerBoundaryIs>
                  </Polygon>
                  <Polygon>
                    <altitudeMode>absolute</altitudeMode>
                    <outerBoundaryIs>
                      <LinearRing>
                        <coordinates>-96.75897457751377,32.71806391428686,120.39816635765769 -96.75897457751377,32.71806391428686,148.3181663576577 -96.75846501195453,32.717821632855895,148.3181663576577 -96.75846501195453,32.717821632855895,120.39816635765769</coordinates>
                      </LinearRing>
                    </outerBoundaryIs>
                  </Polygon>
                  <Polygon>
                    <altitudeMode>absolute</altitudeMode>
                    <outerBoundaryIs>
                      <LinearRing>
                        <coordinates>-96.75846501195453,32.717821632855895,120.39816635765769 -96.75846501195453,32.717821632855895,148.3181663576577 -96.75855731707719,32.71826205187991,148.3181663576577 -96.75855731707719,32.71826205187991,120.39816635765769</coordinates>
                      </LinearRing>
                    </outerBoundaryIs>
                  </Polygon>
                  <Polygon>
                    <altitudeMode>absolute</altitudeMode>
                    <outerBoundaryIs>
                      <LinearRing>
                        <coordinates>-96.75855731707719,32.71826205187991,120.39816635765769 -96.75855731707719,32.71826205187991,148.3181663576577 -96.75899607628423,32.71842401543012,148.3181663576577 -96.75899607628423,32.71842401543012,120.39816635765769</coordinates>
                      </LinearRing>
                    </outerBoundaryIs>
                  </Polygon>
                  <Polygon>
                    <altitudeMode>absolute</altitudeMode>
                    <outerBoundaryIs>
                      <LinearRing>
                        <coordinates>-96.75899607628423,32.71842401543012,120.39816635765769 -96.75899607628423,32.71842401543012,148.3181663576577 -96.75897457751377,32.71806391428686,148.3181663576577 -96.75897457751377,32.71806391428686,120.39816635765769</coordinates>
                      </LinearRing>
                    </outerBoundaryIs>
                  </Polygon>
                </MultiGeometry>
              </Placemark>
            </Folder>
          </Folder>
        </Folder>
        <Folder>
          <name>Check for conflict notifications</name>
        </Folder>
        <Folder>
          <name>Modify activated Flight 1 in conflict with activated Flight 2</name>
          <Folder>
            <name>E194: uss1_dss astm.f3548.v21.dss.queryOperationalIntentReferences</name>
            <Placemark>
              <name>area_of_interest</name>
              <styleUrl>#QueryArea</styleUrl>
              <description><![CDATA[<ul><li>uss1's Activated 1f351a93-47d3-4651-b562-534b67f5ab15[2]</li><li>uss2's Activated ad2c7f95-33f0-4b49-9ed2-23248c5f50a2[2]</li></ul>]]></description>
              <TimeSpan>
                <begin>2026-10-03T16:13:09.131350+00:00</begin>
                <end>2026-10-03T16:58:10.131350+00:00</end>
              </TimeSpan>
              <MultiGeometry>
                <Polygon>
                  <altitudeMode>absolute</altitudeMode>
                  <outerBoundaryIs>
                    <LinearRing>
                      <coordinates>-96.75885603693884,32.71777243082621,90.26721197182734 -96.75885603693884,32.71840061442382,90.26721197182734 -96.75793995876997,32.71840061442382,90.26721197182734 -96.75793995876997,32.71777243082621,90.26721197182734</coordinates>
                    </LinearRing>
                  </outerBoundaryIs>
                </Polygon>
                <Polygon>
                  <altitudeMode>absolute</altitudeMode>
                  <outerBoundaryIs>
                    <LinearRing>
                      <coordinates>-96.75885603693884,32.71777243082621,150.31721197182733 -96.75885603693884,32.71840061442382,150.31721197182733 -96.75793995876997,32.71840061442382,150.31721197182733 -96.75793995876997,32.71777243082621,150.31721197182733</coordinates>
                    </LinearRing>
                  </outerBoundaryIs>
                </Polygon>
                <Polygon>
                  <altitudeMode>absolute</altitudeMode>
                  <outerBoundaryIs>
                    <LinearRing>
                      <coordinates>-96.75885603693884,32.71777243082621,90.26721197182734 -96.75885603693884,32.71777243082621,150.31721197182733 -96.75885603693884,32.71840061442382,150.31721197182733 -96.75885603693884,32.71840061442382,90.26721197182734</coordinates>
                    </LinearRing>
                  </outerBoundaryIs>
                </Polygon>
                <Polygon>
                  <altitudeMode>absolute</altitudeMode>
                  <outerBoundaryIs>
                    <LinearRing>
                      <coordinates>-96.75885603693884,32.71840061442382,90.26721197182734 -96.75885603693884,32.71840061442382,150.31721197182733 -96.75793995876997,32.71840061442382,150.31721197182733 -96.75793995876997,32.71840061442382,90.26721197182734</coordinates>
                    </LinearRing>
                  </outerBoundaryIs>
                </Polygon>
                <Polygon>
                  <altitudeMode>absolute</altitudeMode>
                  <outerBoundaryIs>
                    <LinearRing>
                      <coordinates>-96.75793995876997,32.71840061442382,90.26721197182734 -96.75793995876997,32.71840061442382,150.31721197182733 -96.75793995876997,32.71777243082621,150.31721197182733 -96.75793995876997,32.71777243082621,90.26721197182734</coordinates>
                    </LinearRing>
                  </outerBoundaryIs>
                </Polygon>
                <Polygon>
                  <altitudeMode>absolute</altitudeMode>
                  <outerBoundaryIs>
                    <LinearRing>
                      <coordinates>-96.75793995876997,32.71777243082621,90.26721197182734 -96.75793995876997,32.71777243082621,150.31721197182733 -96.75885603693884,32.71777243082621,150.31721197182733 -96.75885603693884,32.71777243082621,90.26721197182734</coordinates>
                    </LinearRing>
                  </outerBoundaryIs>
                </Polygon>
              </MultiGeometry>
            </Placemark>
          </Folder>
          <Folder>
            <name>E196: uss1_core interuss.automated_testing.flight_planning.v1.UpsertFlightPlan</name>
            <Folder>
              <name>Activity Completed, flight OkToFly</name>
              <Placemark>
                <name>Volume 0</name>
                <styleUrl>#InUse_Nominal</styleUrl>
                <TimeSpan>
                  <begin>2026-10-03T16:13:09.131350+00:00</begin>
                  <end>2026-10-03T16:58:10.131350+00:00</end>
                </TimeSpan>
                <MultiGeometry>
                  <Polygon>
                    <altitudeMode>absolute</altitudeMode>
                    <outerBoundaryIs>
                      <LinearRing>
                        <coordinates>-96.75840495207224,32.71792136563181,90.26688227633265 -96.75861737701852,32.71816231903137,90.26688227633265 -96.75823551948804,32.71840061442382,90.26688227633265 -96.75793995876997,32.718149288087204,90.26688227633265</coordinates>
                      </LinearRing>
                    </outerBoundaryIs>
                  </Polygon>
                  <Polygon>
                    <altitudeMode>absolute</altitudeMode>
                    <outerBoundaryIs>
                      <LinearRing>
                        <coordinates>-96.75840495207224,32.71792136563181,150.31688227633265 -96.75861737701852,32.71816231903137,150.31688227633265 -96.75823551948804,32.71840061442382,150.31688227633265 -96.75793995876997,32.718149288087204,150.31688227633265</coordinates>
                      </LinearRing>
                    </outerBoundaryIs>
                  </Polygon>
                  <Polygon>
                    <altitudeMode>absolute</altitudeMode>
                    <outerBoundaryIs>
                      <LinearRing>
                        <coordinates>-96.75840495207224,32.71792136563181,90.26688227633265 -96.75840495207224,32.71792136563181,150.31688227633265 -96.75861737701852,32.71816231903137,150.31688227633265 -96.75861737701852,32.71816231903137,90.26688227633265</coordinates>
                      </LinearRing>
                    </outerBoundaryIs>
                  </Polygon>
                  <Polygon>
                    <altitudeMode>absolute</altitudeMode>
                    <outerBoundaryIs>
                      <LinearRing>
                        <coordinates>-96.75861737701852,32.71816231903137,90.26688227633265 -96.75861737701852,32.71816231903137,150.31688227633265 -96.75823551948804,32.71840061442382,150.31688227633265 -96.75823551948804,32.71840061442382,90.26688227633265</coordinates>
                      </LinearRing>
                    </outerBoundaryIs>
                  </Polygon>
                  <Polygon>
                    <altitudeMode>absolute</altitudeMode>
                    <outerBoundaryIs>
                      <LinearRing>
                        <coordinates>-96.75823551948804,32.71840061442382,90.26688227633265 -96.75823551948804,32.71840061442382,150.31688227633265 -96.75793995876997,32.718149288087204,150.31688227633265 -96.75793995876997,32.718149288087204,90.26688227633265</coordinates>
                      </LinearRing>
                    </outerBoundaryIs>
                  </Polygon>
                  <Polygon>
                    <altitudeMode>absolute</altitudeMode>
                    <outerBoundaryIs>
                      <LinearRing>
                        <coordinates>-96.75793995876997,32.718149288087204,90.26688227633265 -96.75793995876997,32.718149288087204,150.31688227633265 -96.75840495207224,32.71792136563181,150.31688227633265 -96.75840495207224,32.71792136563181,90.26688227633265</coordinates>
                      </LinearRing>
                    </outerBoundaryIs>
                  </Polygon>
                </MultiGeometry>
              </Placemark>
            </Folder>
          </Folder>
          <Folder>
            <name>E201: uss1_dss astm.f3548.v21.dss.queryOperationalIntentReferences</name>
            <Placemark>
              <name>area_of_interest</name>
              <styleUrl>#QueryArea</styleUrl>
              <description><![CDATA[<ul><li>uss1's Activated 1f351a93-47d3-4651-b562-534b67f5ab15[3]</li><li>uss2's Activated ad2c7f95-33f0-4b49-9ed2-23248c5f50a2[2]</li></ul>]]></description>
              <TimeSpan>
                <begin>2026-10-03T16:13:09.131350+00:00</begin>
                <end>2026-10-03T16:58:10.131350+00:00</end>
              </TimeSpan>
              <MultiGeometry>
                <Polygon>
                  <altitudeMode>absolute</altitudeMode>
                  <outerBoundaryIs>
                    <LinearRing>
                      <coordinates>-96.75885603693884,32.71777243082621,90.26721197182734 -96.75885603693884,32.71840061442382,90.26721197182734 -96.75793995876997,32.71840061442382,90.26721197182734 -96.75793995876997,32.71777243082621,90.26721197182734</coordinates>
                    </LinearRing>
                  </outerBoundaryIs>
                </Polygon>
                <Polygon>
                  <altitudeMode>absolute</altitudeMode>
                  <outerBoundaryIs>
                    <LinearRing>
                      <coordinates>-96.75885603693884,32.71777243082621,150.31721197182733 -96.75885603693884,32.71840061442382,150.31721197182733 -96.75793995876997,32.71840061442382,150.31721197182733 -96.75793995876997,32.71777243082621,150.31721197182733</coordinates>
                    </LinearRing>
                  </outerBoundaryIs>
                </Polygon>
                <Polygon>
                  <altitudeMode>absolute</altitudeMode>
                  <outerBoundaryIs>
                    <LinearRing>
                      <coordinates>-96.75885603693884,32.71777243082621,90.26721197182734 -96.75885603693884,32.71777243082621,150.31721197182733 -96.75885603693884,32.71840061442382,150.31721197182733 -96.75885603693884,32.71840061442382,90.26721197182734</coordinates>
                    </LinearRing>
                  </outerBoundaryIs>
                </Polygon>
                <Polygon>
                  <altitudeMode>absolute</altitudeMode>
                  <outerBoundaryIs>
                    <LinearRing>
                      <coordinates>-96.75885603693884,32.71840061442382,90.26721197182734 -96.75885603693884,32.71840061442382,150.31721197182733 -96.75793995876997,32.71840061442382,150.31721197182733 -96.75793995876997,32.71840061442382,90.26721197182734</coordinates>
                    </LinearRing>
                  </outerBoundaryIs>
                </Polygon>
                <Polygon>
                  <altitudeMode>absolute</altitudeMode>
                  <outerBoundaryIs>
                    <LinearRing>
                      <coordinates>-96.75793995876997,32.71840061442382,90.26721197182734 -96.75793995876997,32.71840061442382,150.31721197182733 -96.75793995876997,32.71777243082621,150.31721197182733 -96.75793995876997,32.71777243082621,90.26721197182734</coordinates>
                    </LinearRing>
                  </outerBoundaryIs>
                </Polygon>
                <Polygon>
                  <altitudeMode>absolute</altitudeMode>
                  <outerBoundaryIs>
                    <LinearRing>
                      <coordinates>-96.75793995876997,32.71777243082621,90.26721197182734 -96.75793995876997,32.71777243082621,150.31721197182733 -96.75885603693884,32.71777243082621,150.31721197182733 -96.75885603693884,32.71777243082621,90.26721197182734</coordinates>
                    </LinearRing>
                  </outerBoundaryIs>
                </Polygon>
              </MultiGeometry>
            </Placemark>
          </Folder>
          <Folder>
            <name>E206: uss1_core astm.f3548.v21.uss.getOperationalIntentDetails</name>
            <Folder>
              <name>uss1's P0 Activated 1f351a93-47d3-4651-b562-534b67f5ab15[3] @ uTeXc6m5GgZHHo9ERRkEa6nBeeL8c1-E0exzTTTTQbs_</name>
              <Placemark>
                <name>Nominal volume 0</name>
                <styleUrl>#F3548v21Activated</styleUrl>
                <TimeSpan>
                  <begin>2026-10-03T16:13:10.161069+00:00</begin>
                  <end>2026-10-03T16:58:10.131350+00:00</end>
                </TimeSpan>
                <MultiGeometry>
                  <Polygon>
                    <altitudeMode>absolute</altitudeMode>
                    <outerBoundaryIs>
                      <LinearRing>
                        <coordinates>-96.75840495207224,32.71792136563181,90.26688227633265 -96.75861737701852,32.71816231903137,90.26688227633265 -96.75823551948804,32.71840061442382,90.26688227633265 -96.75793995876997,32.718149288087204,90.26688227633265</coordinates>
                      </LinearRing>
                    </outerBoundaryIs>
                  </Polygon>
                  <Polygon>
                    <altitudeMode>absolute</altitudeMode>
                    <outerBoundaryIs>
                      <LinearRing>
                        <coordinates>-96.75840495207224,32.71792136563181,150.31688227633265 -96.75861737701852,32.71816231903137,150.31688227633265 -96.75823551948804,32.71840061442382,150.31688227633265 -96.75793995876997,32.718149288087204,150.31688227633265</coordinates>
                      </LinearRing>
                    </outerBoundaryIs>
                  </Polygon>
                  <Polygon>
                    <altitudeMode>absolute</altitudeMode>
                    <outerBoundaryIs>
                      <LinearRing>
                        <coordinates>-96.75840495207224,32.71792136563181,90.26688227633265 -96.75840495207224,32.71792136563181,150.31688227633265 -96.75861737701852,32.71816231903137,150.31688227633265 -96.75861737701852,32.71816231903137,90.26688227633265</coordinates>
                      </LinearRing>
                    </outerBoundaryIs>
                  </Polygon>
                  <Polygon>
                    <altitudeMode>absolute</altitudeMode>
                    <outerBoundaryIs>
                      <LinearRing>
                        <coordinates>-96.75861737701852,32.71816231903137,90.26688227633265 -96.75861737701852,32.71816231903137,150.31688227633265 -96.75823551948804,32.71840061442382,150.31688227633265 -96.75823551948804,32.71840061442382,90.26688227633265</coordinates>
                      </LinearRing>
                    </outerBoundaryIs>
                  </Polygon>
                  <Polygon>
                    <altitudeMode>absolute</altitudeMode>
                    <outerBoundaryIs>
                      <LinearRing>
                        <coordinates>-96.75823551948804,32.71840061442382,90.26688227633265 -96.75823551948804,32.71840061442382,150.31688227633265 -96.75793995876997,32.718149288087204,150.31688227633265 -96.75793995876997,32.718149288087204,90.26688227633265</coordinates>
                      </LinearRing>
                    </outerBoundaryIs>
                  </Polygon>
                  <Polygon>
                    <altitudeMode>absolute</altitudeMode>
                    <outerBoundaryIs>
                      <LinearRing>
                        <coordinates>-96.75793995876997,32.718149288087204,90.26688227633265 -96.75793995876997,32.718149288087204,150.31688227633265 -96.75840495207224,32.71792136563181,150.31688227633265 -96.75840495207224,32.71792136563181,90.26688227633265</coordinates>
                      </LinearRing>
                    </outerBoundaryIs>
                  </Polygon>
                </MultiGeometry>
              </Placemark>
            </Folder>
          </Folder>
        </Folder>
      </Folder>
      <Folder>
        <name>Attempt to modify activated flight into conflict</name>
        <Folder>
          <name>Modify activated Flight 2 to not conflict with activated Flight 1</name>
          <Folder>
            <name>E215: uss1_dss astm.f3548.v21.dss.queryOperationalIntentReferences</name>
            <Placemark>
              <name>area_of_interest</name>
              <styleUrl>#QueryArea</styleUrl>
              <description><![CDATA[<ul><li>uss1's Activated 1f351a93-47d3-4651-b562-534b67f5ab15[3]</li><li>uss2's Activated ad2c7f95-33f0-4b49-9ed2-23248c5f50a2[2]</li></ul>]]></description>
              <TimeSpan>
                <begin>2026-10-03T16:13:09.307598+00:00</begin>
                <end>2026-10-03T16:58:10.307598+00:00</end>
              </TimeSpan>
              <MultiGeometry>
                <Polygon>
                  <altitudeMode>absolute</altitudeMode>
                  <outerBoundaryIs>
                    <LinearRing>
                      <coordinates>-96.75899607628425,32.71806391428686,117.22790564880842 -96.75899607628425,32.718424015430124,117.22790564880842 -96.75836638827326,32.718424015430124,117.22790564880842 -96.75836638827326,32.71806391428686,117.22790564880842</coordinates>
                    </LinearRing>
                  </outerBoundaryIs>
                </Polygon>
                <Polygon>
                  <altitudeMode>absolute</altitudeMode>
                  <outerBoundaryIs>
                    <LinearRing>
                      <coordinates>-96.75899607628425,32.71806391428686,170.31790564880842 -96.75899607628425,32.718424015430124,170.31790564880842 -96.75836638827326,32.718424015430124,170.31790564880842 -96.75836638827326,32.71806391428686,170.31790564880842</coordinates>
                    </LinearRing>
                  </outerBoundaryIs>
                </Polygon>
                <Polygon>
                  <altitudeMode>absolute</altitudeMode>
                  <outerBoundaryIs>
                    <LinearRing>
                      <coordinates>-96.75899607628425,32.71806391428686,117.22790564880842 -96.75899607628425,32.71806391428686,170.31790564880842 -96.75899607628425,32.718424015430124,170.31790564880842 -96.75899607628425,32.718424015430124,117.22790564880842</coordinates>
                    </LinearRing>
                  </outerBoundaryIs>
                </Polygon>
                <Polygon>
                  <altitudeMode>absolute</altitudeMode>
                  <outerBoundaryIs>
                    <LinearRing>
                      <coordinates>-96.75899607628425,32.718424015430124,117.22790564880842 -96.75899607628425,32.718424015430124,170.31790564880842 -96.75836638827326,32.718424015430124,170.31790564880842 -96.75836638827326,32.718424015430124,117.22790564880842</coordinates>
                    </LinearRing>
                  </outerBoundaryIs>
                </Polygon>
                <Polygon>
                  <altitudeMode>absolute</altitudeMode>
                  <outerBoundaryIs>
                    <LinearRing>
                      <coordinates>-96.75836638827326,32.718424015430124,117.22790564880842 -96.75836638827326,32.718424015430124,170.31790564880842 -96.75836638827326,32.71806391428686,170.31790564880842 -96.75836638827326,32.71806391428686,117.22790564880842</coordinates>
                    </LinearRing>
                  </outerBoundaryIs>
                </Polygon>
                <Polygon>
                  <altitudeMode>absolute</altitudeMode>
                  <outerBoundaryIs>
                    <LinearRing>
                      <coordinates>-96.75836638827326,32.71806391428686,117.22790564880842 -96.75836638827326,32.71806391428686,170.31790564880842 -96.75899607628425,32.71806391428686,170.31790564880842 -96.75899607628425,32.71806391428686,117.22790564880842</coordinates>
                    </LinearRing>
                  </outerBoundaryIs>
                </Polygon>
              </MultiGeometry>
            </Placemark>
          </Folder>
          <Folder>
            <name>E217: uss2_core interuss.automated_testing.flight_planning.v1.UpsertFlightPlan</name>
            <Folder>
              <name>Activity Completed, flight OkToFly</name>
              <Placemark>
                <name>Volume 0</name>
                <styleUrl>#InUse_Nominal</styleUrl>
                <TimeSpan>
                  <begin>2026-10-03T16:13:09.307598+00:00</begin>
                  <end>2026-10-03T16:58:10.307598+00:00</end>
                </TimeSpan>
                <MultiGeometry>
                  <Polygon>
                    <altitudeMode>absolute</altitudeMode>
                    <outerBoundaryIs>
                      <LinearRing>
                        <coordinates>-96.75897457751377,32.71806391428686,117.2281511510925 -96.75836638827326,32.71838119962978,117.2281511510925 -96.75899607628423,32.71842401543012,117.2281511510925</coordinates>
                      </LinearRing>
                    </outerBoundaryIs>
                  </Polygon>
                  <Polygon>
                    <altitudeMode>absolute</altitudeMode>
                    <outerBoundaryIs>
                      <LinearRing>
                        <coordinates>-96.75897457751377,32.71806391428686,170.3181511510925 -96.75836638827326,32.71838119962978,170.3181511510925 -96.75899607628423,32.71842401543012,170.3181511510925</coordinates>
                      </LinearRing>
                    </outerBoundaryIs>
                  </Polygon>
                  <Polygon>
                    <altitudeMode>absolute</altitudeMode>
                    <outerBoundaryIs>
                      <LinearRing>
                        <coordinates>-96.75897457751377,32.71806391428686,117.2281511510925 -96.75897457751377,32.71806391428686,170.3181511510925 -96.75836638827326,32.71838119962978,170.3181511510925 -96.75836638827326,32.71838119962978,117.2281511510925</coordinates>
                      </LinearRing>
                    </outerBoundaryIs>
                  </Polygon>
                  <Polygon>
                    <altitudeMode>absolute</altitudeMode>
                    <outerBoundaryIs>
                      <LinearRing>
                        <coordinates>-96.75836638827326,32.71838119962978,117.2281511510925 -96.75836638827326,32.71838119962978,170.3181511510925 -96.75899607628423,32.71842401543012,170.3181511510925 -96.75899607628423,32.71842401543012,117.2281511510925</coordinates>
                      </LinearRing>
                    </outerBoundaryIs>
                  </Polygon>
                  <Polygon>
                    <altitudeMode>absolute</altitudeMode>
                    <outerBoundaryIs>
                      <LinearRing>
                        <coordinates>-96.75899607628423,32.71842401543012,117.2281511510925 -96.75899607628423,32.71842401543012,170.3181511510925 -96.75897457751377,32.71806391428686,170.3181511510925 -96.75897457751377,32.71806391428686,117.2281511510925</coordinates>
                      </LinearRing>
                    </outerBoundaryIs>
                  </Polygon>
                </MultiGeometry>
              </Placemark>
            </Folder>
          </Folder>
          <Folder>
            <name>E221: uss1_dss astm.f3548.v21.dss.queryOperationalIntentReferences</name>
            <Placemark>
              <name>area_of_interest</name>
              <styleUrl>#QueryArea</styleUrl>
              <description><![CDATA[<ul><li>uss1's Activated 1f351a93-47d3-4651-b562-534b67f5ab15[3]</li><li>uss2's Activated ad2c7f95-33f0-4b49-9ed2-23248c5f50a2[3]</li></ul>]]></description>
              <TimeSpan>
                <begin>2026-10-03T16:13:09.307598+00:00</begin>
                <end>2026-10-03T16:58:10.307598+00:00</end>
              </TimeSpan>
              <MultiGeometry>
                <Polygon>
                  <altitudeMode>absolute</altitudeMode>
                  <outerBoundaryIs>
                    <LinearRing>
                      <coordinates>-96.75899607628425,32.71806391428686,117.22790564880842 -96.75899607628425,32.718424015430124,117.22790564880842 -96.75836638827326,32.718424015430124,117.22790564880842 -96.75836638827326,32.71806391428686,117.22790564880842</coordinates>
                    </LinearRing>
                  </outerBoundaryIs>
                </Polygon>
                <Polygon>
                  <altitudeMode>absolute</altitudeMode>
                  <outerBoundaryIs>
                    <LinearRing>
                      <coordinates>-96.75899607628425,32.71806391428686,170.31790564880842 -96.75899607628425,32.718424015430124,170.31790564880842 -96.75836638827326,32.718424015430124,170.31790564880842 -96.75836638827326,32.71806391428686,170.31790564880842</coordinates>
                    </LinearRing>
                  </outerBoundaryIs>
                </Polygon>
                <Polygon>
                  <altitudeMode>absolute</altitudeMode>
                  <outerBoundaryIs>
                    <LinearRing>
                      <coordinates>-96.75899607628425,32.71806391428686,117.22790564880842 -96.75899607628425,32.71806391428686,170.31790564880842 -96.75899607628425,32.718424015430124,170.31790564880842 -96.75899607628425,32.718424015430124,117.22790564880842</coordinates>
                    </LinearRing>
                  </outerBoundaryIs>
                </Polygon>
                <Polygon>
                  <altitudeMode>absolute</altitudeMode>
                  <outerBoundaryIs>
                    <LinearRing>
                      <coordinates>-96.75899607628425,32.718424015430124,117.22790564880842 -96.75899607628425,32.718424015430124,170.31790564880842 -96.75836638827326,32.718424015430124,170.31790564880842 -96.75836638827326,32.718424015430124,117.22790564880842</coordinates>
                    </LinearRing>
                  </outerBoundaryIs>
                </Polygon>
                <Polygon>
                  <altitudeMode>absolute</altitudeMode>
                  <outerBoundaryIs>
                    <LinearRing>
                      <coordinates>-96.75836638827326,32.718424015430124,117.22790564880842 -96.75836638827326,32.718424015430124,170.31790564880842 -96.75836638827326,32.71806391428686,170.31790564880842 -96.75836638827326,32.71806391428686,117.22790564880842</coordinates>
                    </LinearRing>
                  </outerBoundaryIs>
                </Polygon>
                <Polygon>
                  <altitudeMode>absolute</altitudeMode>
                  <outerBoundaryIs>
                    <LinearRing>
                      <coordinates>-96.75836638827326,32.71806391428686,117.22790564880842 -96.75836638827326,32.71806391428686,170.31790564880842 -96.75899607628425,32.71806391428686,170.31790564880842 -96.75899607628425,32.71806391428686,117.22790564880842</coordinates>
                    </LinearRing>
                  </outerBoundaryIs>
                </Polygon>
              </MultiGeometry>
            </Placemark>
          </Folder>
          <Folder>
            <name>E226: uss2_core astm.f3548.v21.uss.getOperationalIntentDetails</name>
            <Folder>
              <name>uss2's P100 Activated ad2c7f95-33f0-4b49-9ed2-23248c5f50a2[3] @ 1Dsyu03uAa3Bq.tldjMj7BcF-iXIKqEUSMONSbuQq7Y_</name>
              <Placemark>
                <name>Nominal volume 0</name>
                <styleUrl>#F3548v21Activated</styleUrl>
                <TimeSpan>
                  <begin>2026-10-03T16:13:10.332145+00:00</begin>
                  <end>2026-10-03T16:58:10.307598+00:00</end>
                </TimeSpan>
                <MultiGeometry>
                  <Polygon>
                    <altitudeMode>absolute</altitudeMode>
                    <outerBoundaryIs>
                      <LinearRing>
                        <coordinates>-96.75897457751377,32.71806391428686,117.2281511510925 -96.75836638827326,32.71838119962978,117.2281511510925 -96.75899607628423,32.71842401543012,117.2281511510925</coordinates>
                      </LinearRing>
                    </outerBoundaryIs>
                  </Polygon>
                  <Polygon>
                    <altitudeMode>absolute</altitudeMode>
                    <outerBoundaryIs>
                      <LinearRing>
                        <coordinates>-96.75897457751377,32.71806391428686,170.3181511510925 -96.75836638827326,32.71838119962978,170.3181511510925 -96.75899607628423,32.71842401543012,170.3181511510925</coordinates>
                      </LinearRing>
                    </outerBoundaryIs>
                  </Polygon>
                  <Polygon>
                    <altitudeMode>absolute</altitudeMode>
                    <outerBoundaryIs>
                      <LinearRing>
                        <coordinates>-96.75897457751377,32.71806391428686,117.2281511510925 -96.75897457751377,32.71806391428686,170.3181511510925 -96.75836638827326,32.71838119962978,170.3181511510925 -96.75836638827326,32.71838119962978,117.2281511510925</coordinates>
                      </LinearRing>
                    </outerBoundaryIs>
                  </Polygon>
                  <Polygon>
                    <altitudeMode>absolute</altitudeMode>
                    <outerBoundaryIs>
                      <LinearRing>
                        <coordinates>-96.75836638827326,32.71838119962978,117.2281511510925 -96.75836638827326,32.71838119962978,170.3181511510925 -96.75899607628423,32.71842401543012,170.3181511510925 -96.75899607628423,32.71842401543012,117.2281511510925</coordinates>
                      </LinearRing>
                    </outerBoundaryIs>
                  </Polygon>
                  <Polygon>
                    <altitudeMode>absolute</altitudeMode>
                    <outerBoundaryIs>
                      <LinearRing>
                        <coordinates>-96.75899607628423,32.71842401543012,117.2281511510925 -96.75899607628423,32.71842401543012,170.3181511510925 -96.75897457751377,32.71806391428686,170.3181511510925 -96.75897457751377,32.71806391428686,117.2281511510925</coordinates>
                      </LinearRing>
                    </outerBoundaryIs>
                  </Polygon>
                </MultiGeometry>
              </Placemark>
            </Folder>
          </Folder>
        </Folder>
        <Folder>
          <name>Attempt to modify activated Flight 1 into conflict</name>
          <Folder>
            <name>E235: uss1_dss astm.f3548.v21.dss.queryOperationalIntentReferences</name>
            <Placemark>
              <name>area_of_interest</name>
              <styleUrl>#QueryArea</styleUrl>
              <description><![CDATA[<ul><li>uss1's Activated 1f351a93-47d3-4651-b562-534b67f5ab15[3]</li><li>uss2's Activated ad2c7f95-33f0-4b49-9ed2-23248c5f50a2[3]</li></ul>]]></description>
              <TimeSpan>
                <begin>2026-10-03T16:13:09.474981+00:00</begin>
                <end>2026-10-03T16:58:10.474981+00:00</end>
              </TimeSpan>
              <MultiGeometry>
                <Polygon>
                  <altitudeMode>absolute</altitudeMode>
                  <outerBoundaryIs>
                    <LinearRing>
                      <coordinates>-96.75870968324621,32.71792136563181,90.26688189362217 -96.75870968324621,32.718602737943755,90.26688189362217 -96.75793995876997,32.718602737943755,90.26688189362217 -96.75793995876997,32.71792136563181,90.26688189362217</coordinates>
                    </LinearRing>
                  </outerBoundaryIs>
                </Polygon>
                <Polygon>
                  <altitudeMode>absolute</altitudeMode>
                  <outerBoundaryIs>
                    <LinearRing>
                      <coordinates>-96.75870968324621,32.71792136563181,155.31688189362217 -96.75870968324621,32.718602737943755,155.31688189362217 -96.75793995876997,32.718602737943755,155.31688189362217 -96.75793995876997,32.71792136563181,155.31688189362217</coordinates>
                    </LinearRing>
                  </outerBoundaryIs>
                </Polygon>
                <Polygon>
                  <altitudeMode>absolute</altitudeMode>
                  <outerBoundaryIs>
                    <LinearRing>
                      <coordinates>-96.75870968324621,32.71792136563181,90.26688189362217 -96.75870968324621,32.71792136563181,155.31688189362217 -96.75870968324621,32.718602737943755,155.31688189362217 -96.75870968324621,32.718602737943755,90.26688189362217</coordinates>
                    </LinearRing>
                  </outerBoundaryIs>
                </Polygon>
                <Polygon>
                  <altitudeMode>absolute</altitudeMode>
                  <outerBoundaryIs>
                    <LinearRing>
                      <coordinates>-96.75870968324621,32.718602737943755,90.26688189362217 -96.75870968324621,32.718602737943755,155.31688189362217 -96.75793995876997,32.718602737943755,155.31688189362217 -96.75793995876997,32.718602737943755,90.26688189362217</coordinates>
                    </LinearRing>
                  </outerBoundaryIs>
                </Polygon>
                <Polygon>
                  <altitudeMode>absolute</altitudeMode>
                  <outerBoundaryIs>
                    <LinearRing>
                      <coordinates>-96.75793995876997,32.718602737943755,90.26688189362217 -96.75793995876997,32.718602737943755,155.31688189362217 -96.75793995876997,32.71792136563181,155.31688189362217 -96.75793995876997,32.71792136563181,90.26688189362217</coordinates>
                    </LinearRing>
                  </outerBoundaryIs>
                </Polygon>
                <Polygon>
                  <altitudeMode>absolute</altitudeMode>
                  <outerBoundaryIs>
                    <LinearRing>
                      <coordinates>-96.75793995876997,32.71792136563181,90.26688189362217 -96.75793995876997,32.71792136563181,155.31688189362217 -96.75870968324621,32.71792136563181,155.31688189362217 -96.75870968324621,32.71792136563181,90.26688189362217</coordinates>
                    </LinearRing>
                  </outerBoundaryIs>
                </Polygon>
              </MultiGeometry>
            </Placemark>
          </Folder>
          <Folder>
            <name>E237: uss1_core interuss.automated_testing.flight_planning.v1.UpsertFlightPlan</name>
            <Folder>
              <name>Activity Rejected, flight OkToFly</name>
              <Placemark>
                <name>Volume 0</name>
                <styleUrl>#InUse_Nominal</styleUrl>
                <TimeSpan>
                  <begin>2026-10-03T16:13:09.474981+00:00</begin>
                  <end>2026-10-03T16:58:10.474981+00:00</end>
                </TimeSpan>
                <MultiGeometry>
                  <Polygon>
                    <altitudeMode>absolute</altitudeMode>
                    <outerBoundaryIs>
                      <LinearRing>
                        <coordinates>-96.75821402379411,32.7180405131508,120.37671470082516 -96.75870968324621,32.718602737943755,120.37671470082516 -96.75823551948804,32.71840061442382,120.37671470082516 -96.75793995876997,32.718149288087204,120.37671470082516</coordinates>
                      </LinearRing>
                    </outerBoundaryIs>
                  </Polygon>
                  <Polygon>
                    <altitudeMode>absolute</altitudeMode>
                    <outerBoundaryIs>
                      <LinearRing>
                        <coordinates>-96.75821402379411,32.7180405131508,155.31671470082514 -96.75870968324621,32.718602737943755,155.31671470082514 -96.75823551948804,32.71840061442382,155.31671470082514 -96.75793995876997,32.718149288087204,155.31671470082514</coordinates>
                      </LinearRing>
                    </outerBoundaryIs>
                  </Polygon>
                  <Polygon>
                    <altitudeMode>absolute</altitudeMode>
                    <outerBoundaryIs>
                      <LinearRing>
                        <coordinates>-96.75821402379411,32.7180405131508,120.37671470082516 -96.75821402379411,32.7180405131508,155.31671470082514 -96.75870968324621,32.718602737943755,155.31671470082514 -96.75870968324621,32.718602737943755,120.37671470082516</coordinates>
                      </LinearRing>
                    </outerBoundaryIs>
                  </Polygon>
                  <Polygon>
                    <altitudeMode>absolute</altitudeMode>
                    <outerBoundaryIs>
                      <LinearRing>
                        <coordinates>-96.75870968324621,32.718602737943755,120.37671470082516 -96.75870968324621,32.718602737943755,155.31671470082514 -96.75823551948804,32.71840061442382,155.31671470082514 -96.75823551948804,32.71840061442382,120.37671470082516</coordinates>
                      </LinearRing>
                    </outerBoundaryIs>
                  </Polygon>
                  <Polygon>
                    <altitudeMode>absolute</altitudeMode>
                    <outerBoundaryIs>
                      <LinearRing>
                        <coordinates>-96.75823551948804,32.71840061442382,120.37671470082516 -96.75823551948804,32.71840061442382,155.31671470082514 -96.75793995876997,32.718149288087204,155.31671470082514 -96.75793995876997,32.718149288087204,120.37671470082516</coordinates>
                      </LinearRing>
                    </outerBoundaryIs>
                  </Polygon>
                  <Polygon>
                    <altitudeMode>absolute</altitudeMode>
                    <outerBoundaryIs>
                      <LinearRing>
                        <coordinates>-96.75793995876997,32.718149288087204,120.37671470082516 -96.75793995876997,32.718149288087204,155.31671470082514 -96.75821402379411,32.7180405131508,155.31671470082514 -96.75821402379411,32.7180405131508,120.37671470082516</coordinates>
                      </LinearRing>
                    </outerBoundaryIs>
                  </Polygon>
                </MultiGeometry>
              </Placemark>
            </Folder>
          </Folder>
          <Folder>
            <name>E240: uss1_dss astm.f3548.v21.dss.queryOperationalIntentReferences</name>
            <Placemark>
              <name>area_of_interest</name>
              <styleUrl>#QueryArea</styleUrl>
              <description><![CDATA[<ul><li>uss1's Activated 1f351a93-47d3-4651-b562-534b67f5ab15[3]</li><li>uss2's Activated ad2c7f95-33f0-4b49-9ed2-23248c5f50a2[3]</li></ul>]]></description>
              <TimeSpan>
                <begin>2026-10-03T16:13:09.474981+00:00</begin>
                <end>2026-10-03T16:58:10.474981+00:00</end>
              </TimeSpan>
              <MultiGeometry>
                <Polygon>
                  <altitudeMode>absolute</altitudeMode>
                  <outerBoundaryIs>
                    <LinearRing>
                      <coordinates>-96.75870968324621,32.71792136563181,90.26688189362217 -96.75870968324621,32.718602737943755,90.26688189362217 -96.75793995876997,32.718602737943755,90.26688189362217 -96.75793995876997,32.71792136563181,90.26688189362217</coordinates>
                    </LinearRing>
                  </outerBoundaryIs>
                </Polygon>
                <Polygon>
                  <altitudeMode>absolute</altitudeMode>
                  <outerBoundaryIs>
                    <LinearRing>
                      <coordinates>-96.75870968324621,32.71792136563181,155.31688189362217 -96.75870968324621,32.718602737943755,155.31688189362217 -96.75793995876997,32.718602737943755,155.31688189362217 -96.75793995876997,32.71792136563181,155.31688189362217</coordinates>
                    </LinearRing>
                  </outerBoundaryIs>
                </Polygon>
                <Polygon>
                  <altitudeMode>absolute</altitudeMode>
                  <outerBoundaryIs>
                    <LinearRing>
                      <coordinates>-96.75870968324621,32.71792136563181,90.26688189362217 -96.75870968324621,32.71792136563181,155.31688189362217 -96.75870968324621,32.718602737943755,155.31688189362217 -96.75870968324621,32.718602737943755,90.26688189362217</coordinates>
                    </LinearRing>
                  </outerBoundaryIs>
                </Polygon>
                <Polygon>
                  <altitudeMode>absolute</altitudeMode>
                  <outerBoundaryIs>
                    <LinearRing>
                      <coordinates>-96.75870968324621,32.718602737943755,90.26688189362217 -96.75870968324621,32.718602737943755,155.31688189362217 -96.75793995876997,32.718602737943755,155.31688189362217 -96.75793995876997,32.718602737943755,90.26688189362217</coordinates>
                    </LinearRing>
                  </outerBoundaryIs>
                </Polygon>
                <Polygon>
                  <altitudeMode>absolute</altitudeMode>
                  <outerBoundaryIs>
                    <LinearRing>
                      <coordinates>-96.75793995876997,32.718602737943755,90.26688189362217 -96.75793995876997,32.718602737943755,155.31688189362217 -96.75793995876997,32.71792136563181,155.31688189362217 -96.75793995876997,32.71792136563181,90.26688189362217</coordinates>
                    </LinearRing>
                  </outerBoundaryIs>
                </Polygon>
                <Polygon>
                  <altitudeMode>absolute</altitudeMode>
                  <outerBoundaryIs>
                    <LinearRing>
                      <coordinates>-96.75793995876997,32.71792136563181,90.26688189362217 -96.75793995876997,32.71792136563181,155.31688189362217 -96.75870968324621,32.71792136563181,155.31688189362217 -96.75870968324621,32.71792136563181,90.26688189362217</coordinates>
                    </LinearRing>
                  </outerBoundaryIs>
                </Polygon>
              </MultiGeometry>
            </Placemark>
          </Folder>
        </Folder>
      </Folder>
      <Folder>
        <name/>
        <Folder>
          <name>Cleanup</name>
        </Folder>
      </Folder>
    </Folder>
  </Document>
</kml>
