<kml xmlns="http://www.opengis.net/kml/2.2" xmlns:atom="http://www.w3.org/2005/Atom" xmlns:gx="http://www.google.com/kml/ext/2.2">
  <Document>
    <Style id="QueryArea">
      <LineStyle>
        <color>ffc0c000</color>
        <width>3</width>
      </LineStyle>
      <PolyStyle>
        <color>80ffffaa</color>
      </PolyStyle>
    </Style>
    <Style id="F3548v21Accepted">
      <LineStyle>
        <color>ff00c000</color>
        <width>3</width>
      </LineStyle>
      <PolyStyle>
        <color>80c0c0c0</color>
      </PolyStyle>
    </Style>
    <Style id="F3548v21Activated">
      <LineStyle>
        <color>ff00c000</color>
        <width>3</width>
      </LineStyle>
      <PolyStyle>
        <color>8000ff00</color>
      </PolyStyle>
    </Style>
    <Style id="F3548v21Nonconforming">
      <LineStyle>
        <color>ff00ffff</color>
        <width>5</width>
      </LineStyle>
      <PolyStyle>
        <color>8000ffff</color>
      </PolyStyle>
    </Style>
    <Style id="F3548v21Contingent">
      <LineStyle>
        <color>ff0000ff</color>
        <width>5</width>
      </LineStyle>
      <PolyStyle>
        <color>80ff0000ff</color>
      </PolyStyle>
    </Style>
    <Style id="F3548v21AcceptedFuture">
      <LineStyle>
        <color>80c0c0c0</color>
        <width>1</width>
      </LineStyle>
      <PolyStyle>
        <color>00000000</color>
      </PolyStyle>
    </Style>
    <Style id="F3548v21ActivatedFuture">
      <LineStyle>
        <color>8040c040</color>
        <width>1</width>
      </LineStyle>
      <PolyStyle>
        <color>00000000</color>
      </PolyStyle>
    </Style>
    <Style id="F3548v21NonconformingFuture">
      <LineStyle>
        <color>8000ffff</color>
        <width>1</width>
      </LineStyle>
      <PolyStyle>
        <color>00000000</color>
      </PolyStyle>
    </Style>
    <Style id="F3548v21ContingentFuture">
      <LineStyle>
        <color>80ff0000ff</color>
        <width>1</width>
      </LineStyle>
      <PolyStyle>
        <color>00000000</color>
      </PolyStyle>
    </Style>
    <Style id="Planned_Nominal">
      <LineStyle>
        <color>ff00c000</color>
        <width>3</width>
      </LineStyle>
      <PolyStyle>
        <color>80808080</color>
      </PolyStyle>
    </Style>
    <Style id="InUse_Nominal">
      <LineStyle>
        <color>ff00c000</color>
        <width>3</width>
      </LineStyle>
      <PolyStyle>
        <color>8000ff00</color>
      </PolyStyle>
    </Style>
    <Style id="InUse_OffNominal">
      <LineStyle>
        <color>ff00ffff</color>
        <width>5</width>
      </LineStyle>
      <PolyStyle>
        <color>8000ff00</color>
      </PolyStyle>
    </Style>
    <Style id="InUse_Contingent">
      <LineStyle>
        <color>ff0000ff</color>
        <width>5</width>
      </LineStyle>
      <PolyStyle>
        <color>8000ff00</color>
      </PolyStyle>
    </Style>
    <Style id="unmodifiedtelemetry">
      <IconStyle>
        <scale>1.4</scale>
        <Icon>
          <href>http://maps.google.com/mapfiles/kml/shapes/placemark_circle.png</href>
        </Icon>
      </IconStyle>
    </Style>
    <Style id="modifiedtelemetry">
      <IconStyle>
        <scale>1.4</scale>
        <Icon>
          <href>http://maps.google.com/mapfiles/kml/shapes/placemark_square.png</href>
        </Icon>
      </IconStyle>
    </Style>
    <Style id="aircraft">
      <IconStyle>
        <scale>1.4</scale>
        <Icon>
          <href>http://maps.google.com/mapfiles/kml/shapes/airports.png</href>
        </Icon>
      </IconStyle>
    </Style>
    <Folder>
      <name>ASTM NetRID Service Provider operator notification on missing fields</name>
      <Folder>
        <name>Missing fields flight</name>
        <Folder>
          <name>Retrieve pre-existing operator notification</name>
        </Folder>
        <Folder>
          <name>Injection</name>
          <Folder>
            <name>E4: uss2 interuss.automated_testing.rid.v1.injection.createTest</name>
            <Folder>
              <name>Test flight 2d660519-aeeb-47b8-b9e3-1c9ff636f4ea</name>
              <Placemark>
                <name>Telemetry 0</name>
                <styleUrl>#modifiedtelemetry</styleUrl>
                <TimeSpan>
                  <begin>2026-10-03T16:14:21.447489+00:00</begin>
                  <end>2026-10-03T16:14:22.447489+00:00</end>
                </TimeSpan>
                <Point>
                  <coordinates>-80.57798081614081,37.197059404721635,0</coordinates>
                </Point>
              </Placemark>
              <Placemark>
                <name>Telemetry 1</name>
                <styleUrl>#modifiedtelemetry</styleUrl>
                <TimeSpan>
                  <begin>2026-10-03T16:14:22.447489+00:00</begin>
                  <end>2026-10-03T16:14:23.447489+00:00</end>
                </TimeSpan>
                <Point>
                  <coordinates>-80.57798798375362,37.197016214133484,0</coordinates>
                </Point>
              </Placemark>
              <Placemark>
                <name>Telemetry 2</name>
                <styleUrl>#modifiedtelemetry</styleUrl>
                <TimeSpan>
                  <begin>2026-10-03T16:14:23.447489+00:00</begin>
                  <end>2026-10-03T16:14:24.447489+00:00</end>
                </TimeSpan>
                <Point>
                  <coordinates>-80.57800212690604,37.196972734164305,0</coordinates>
                </Point>
              </Placemark>
              <Placemark>
                <name>Telemetry 3</name>
                <styleUrl>#modifiedtelemetry</styleUrl>
                <TimeSpan>
                  <begin>2026-10-03T16:14:24.447489+00:00</begin>
                  <end>2026-10-03T16:14:25.447489+00:00</end>
                </TimeSpan>
                <Point>
                  <coordinates>-80.57802342452034,37.196931703788785,0</coordinates>
                </Point>
              </Placemark>
              <Placemark>
                <name>Telemetry 4</name>
                <styleUrl>#modifiedtelemetry</styleUrl>
                <TimeSpan>
                  <begin>2026-10-03T16:14:25.447489+00:00</begin>
                  <end>2026-10-03T16:14:26.447489+00:00</end>
                </TimeSpan>
                <Point>
                  <coordinates>-80.57805344862881,37.19689368575391,0</coordinates>
                </Point>
              </Placemark>
              <Placemark>
                <name>Telemetry 5</name>
                <styleUrl>#modifiedtelemetry</styleUrl>
                <TimeSpan>
                  <begin>2026-10-03T16:14:26.447489+00:00</begin>
                  <end>2026-10-03T16:14:27.447489+00:00</end>
                </TimeSpan>
                <Point>
                  <coordinates>-80.57808720822365,37.19685213076737,0</coordinates>
                </Point>
              </Placemark>
              <Placemark>
                <name>Telemetry 6</name>
                <styleUrl>#modifiedtelemetry</styleUrl>
                <TimeSpan>
                  <begin>2026-10-03T16:14:27.447489+00:00</begin>
                  <end>2026-10-03T16:14:28.447489+00:00</end>
                </TimeSpan>
                <Point>
                  <coordinates>-80.57811722777369,37.19680923519623,0</coordinates>
                </Point>
              </Placemark>
              <Placemark>
                <name>Telemetry 7</name>
                <styleUrl>#modifiedtelemetry</styleUrl>
                <TimeSpan>
                  <begin>2026-10-03T16:14:28.447489+00:00</begin>
                  <end>2026-10-03T16:14:29.447489+00:00</end>
                </TimeSpan>
                <Point>
                  <coordinates>-80.5781323958596,37.1967658046547,0</coordinates>
                </Point>
              </Placemark>
              <Placemark>
                <name>Telemetry 8</name>
                <styleUrl>#modifiedtelemetry</styleUrl>
                <TimeSpan>
                  <begin>2026-10-03T16:14:29.447489+00:00</begin>
                  <end>2026-10-03T16:14:30.447489+00:00</end>
                </TimeSpan>
                <Point>
                  <coordinates>-80.57814392771789,37.19670166260832,0</coordinates>
                </Point>
              </Placemark>
              <Placemark>
                <name>Telemetry 9</name>
                <styleUrl>#modifiedtelemetry</styleUrl>
                <TimeSpan>
                  <begin>2026-10-03T16:14:30.447489+00:00</begin>
                  <end>2026-10-03T16:14:31.447489+00:00</end>
                </TimeSpan>
                <Point>
                  <coordinates>-80.57812974002694,37.19663489860375,0</coordinates>
                </Point>
              </Placemark>
              <Placemark>
                <name>Telemetry 10</name>
                <styleUrl>#modifiedtelemetry</styleUrl>
                <TimeSpan>
                  <begin>2026-10-03T16:14:31.447489+00:00</begin>
                  <end>2026-10-03T16:14:32.447489+00:00</end>
                </TimeSpan>
                <Point>
                  <coordinates>-80.57808680009781,37.19657292090538,0</coordinates>
                </Point>
              </Placemark>
              <Placemark>
                <name>Telemetry 11</name>
                <styleUrl>#modifiedtelemetry</styleUrl>
                <TimeSpan>
                  <begin>2026-10-03T16:14:32.447489+00:00</begin>
                  <end>2026-10-03T16:14:33.447489+00:00</end>
                </TimeSpan>
                <Point>
                  <coordinates>-80.57801685035301,37.19652877181478,0</coordinates>
                </Point>
              </Placemark>
              <Placemark>
                <name>Telemetry 12</name>
                <styleUrl>#modifiedtelemetry</styleUrl>
                <TimeSpan>
                  <begin>2026-10-03T16:14:33.447489+00:00</begin>
                  <end>2026-10-03T16:14:34.447489+00:00</end>
                </TimeSpan>
                <Point>
                  <coordinates>-80.57795541973255,37.19650790849303,0</coordinates>
                </Point>
              </Placemark>
              <Placemark>
                <name>Telemetry 13</name>
                <styleUrl>#modifiedtelemetry</styleUrl>
                <TimeSpan>
                  <begin>2026-10-03T16:14:34.447489+00:00</begin>
                  <end>2026-10-03T16:14:35.447489+00:00</end>
                </TimeSpan>
                <Point>
                  <coordinates>-80.57779490248247,37.19643592110631,0</coordinates>
                </Point>
              </Placemark>
              <Placemark>
                <name>Telemetry 14</name>
                <styleUrl>#modifiedtelemetry</styleUrl>
                <TimeSpan>
                  <begin>2026-10-03T16:14:35.447489+00:00</begin>
                  <end>2026-10-03T16:14:36.447489+00:00</end>
                </TimeSpan>
                <Point>
                  <coordinates>-80.57771381708879,37.19639543761661,0</coordinates>
                </Point>
              </Placemark>
              <Placemark>
                <name>Telemetry 15</name>
                <styleUrl>#modifiedtelemetry</styleUrl>
                <TimeSpan>
                  <begin>2026-10-03T16:14:36.447489+00:00</begin>
                  <end>2026-10-03T16:14:37.447489+00:00</end>
                </TimeSpan>
                <Point>
                  <coordinates>-80.5776456115435,37.19635960981006,0</coordinates>
                </Point>
              </Placemark>
              <Placemark>
                <name>Telemetry 16</name>
                <styleUrl>#modifiedtelemetry</styleUrl>
                <TimeSpan>
                  <begin>2026-10-03T16:14:37.447489+00:00</begin>
                  <end>2026-10-03T16:14:38.447489+00:00</end>
                </TimeSpan>
                <Point>
                  <coordinates>-80.57757190904874,37.19632841915715,0</coordinates>
                </Point>
              </Placemark>
              <Placemark>
                <name>Telemetry 17</name>
                <styleUrl>#modifiedtelemetry</styleUrl>
                <TimeSpan>
                  <begin>2026-10-03T16:14:38.447489+00:00</begin>
                  <end>2026-10-03T16:14:39.447489+00:00</end>
                </TimeSpan>
                <Point>
                  <coordinates>-80.57751114071674,37.19631735230622,0</coordinates>
                </Point>
              </Placemark>
              <Placemark>
                <name>Telemetry 18</name>
                <styleUrl>#modifiedtelemetry</styleUrl>
                <TimeSpan>
                  <begin>2026-10-03T16:14:39.447489+00:00</begin>
                  <end>2026-10-03T16:14:40.447489+00:00</end>
                </TimeSpan>
                <Point>
                  <coordinates>-80.57742677046657,37.19631370494702,0</coordinates>
                </Point>
              </Placemark>
              <Placemark>
                <name>Telemetry 19</name>
                <styleUrl>#modifiedtelemetry</styleUrl>
                <TimeSpan>
                  <begin>2026-10-03T16:14:40.447489+00:00</begin>
                  <end>2026-10-03T16:14:41.447489+00:00</end>
                </TimeSpan>
                <Point>
                  <coordinates>-80.5773706,37.1963054,0</coordinates>
                </Point>
              </Placemark>
              <Placemark>
                <name>Telemetry 20</name>
                <styleUrl>#modifiedtelemetry</styleUrl>
                <TimeSpan>
                  <begin>2026-10-03T16:14:41.447489+00:00</begin>
                  <end>2026-10-03T16:14:42.447489+00:00</end>
                </TimeSpan>
                <Point>
                  <coordinates>-80.5771453,37.1963577,0</coordinates>
                </Point>
              </Placemark>
              <Placemark>
                <name>Telemetry 21</name>
                <styleUrl>#modifiedtelemetry</styleUrl>
                <TimeSpan>
                  <begin>2026-10-03T16:14:42.447489+00:00</begin>
                  <end>2026-10-03T16:14:43.447489+00:00</end>
                </TimeSpan>
                <Point>
                  <coordinates>-80.5771265,37.1965735,0</coordinates>
                </Point>
              </Placemark>
              <Placemark>
                <name>Telemetry 22</name>
                <styleUrl>#modifiedtelemetry</styleUrl>
                <TimeSpan>
                  <begin>2026-10-03T16:14:43.447489+00:00</begin>
                  <end>2026-10-03T16:14:44.447489+00:00</end>
                </TimeSpan>
                <Point>
                  <coordinates>-80.57744590087025,37.19665029738701,0</coordinates>
                </Point>
              </Placemark>
              <Placemark>
                <name>Telemetry 23</name>
                <styleUrl>#modifiedtelemetry</styleUrl>
                <TimeSpan>
                  <begin>2026-10-03T16:14:44.447489+00:00</begin>
                  <end>2026-10-03T16:14:45.447489+00:00</end>
                </TimeSpan>
                <Point>
                  <coordinates>-80.5776442,37.1966013,0</coordinates>
                </Point>
              </Placemark>
              <Placemark>
                <name>Telemetry 24</name>
                <styleUrl>#modifiedtelemetry</styleUrl>
                <TimeSpan>
                  <begin>2026-10-03T16:14:45.447489+00:00</begin>
                  <end>2026-10-03T16:14:46.447489+00:00</end>
                </TimeSpan>
                <Point>
                  <coordinates>-80.57776806176655,37.1964375298218,0</coordinates>
                </Point>
              </Placemark>
              <Placemark>
                <name>Telemetry 25</name>
                <styleUrl>#modifiedtelemetry</styleUrl>
                <TimeSpan>
                  <begin>2026-10-03T16:14:46.447489+00:00</begin>
                  <end>2026-10-03T16:14:47.447489+00:00</end>
                </TimeSpan>
                <Point>
                  <coordinates>-80.57784172323511,37.1962376762061,0</coordinates>
                </Point>
              </Placemark>
              <Placemark>
                <name>Telemetry 26</name>
                <styleUrl>#modifiedtelemetry</styleUrl>
                <TimeSpan>
                  <begin>2026-10-03T16:14:47.447489+00:00</begin>
                  <end>2026-10-03T16:14:48.447489+00:00</end>
                </TimeSpan>
                <Point>
                  <coordinates>-80.5777311,37.1960563,0</coordinates>
                </Point>
              </Placemark>
              <Placemark>
                <name>Telemetry 27</name>
                <styleUrl>#modifiedtelemetry</styleUrl>
                <TimeSpan>
                  <begin>2026-10-03T16:14:48.447489+00:00</begin>
                  <end>2026-10-03T16:14:49.447489+00:00</end>
                </TimeSpan>
                <Point>
                  <coordinates>-80.57739321491916,37.19605837098315,0</coordinates>
                </Point>
              </Placemark>
              <Placemark>
                <name>Telemetry 28</name>
                <styleUrl>#modifiedtelemetry</styleUrl>
                <TimeSpan>
                  <begin>2026-10-03T16:14:49.447489+00:00</begin>
                  <end>2026-10-03T16:14:50.447489+00:00</end>
                </TimeSpan>
                <Point>
                  <coordinates>-80.5771357,37.1961151,0</coordinates>
                </Point>
              </Placemark>
              <Placemark>
                <name>Telemetry 29</name>
                <styleUrl>#modifiedtelemetry</styleUrl>
                <TimeSpan>
                  <begin>2026-10-03T16:14:50.447489+00:00</begin>
                  <end>2026-10-03T16:14:51.447489+00:00</end>
                </TimeSpan>
                <Point>
                  <coordinates>-80.5769627,37.1962283,0</coordinates>
                </Point>
              </Placemark>
              <Placemark>
                <name>Telemetry 30</name>
                <styleUrl>#modifiedtelemetry</styleUrl>
                <TimeSpan>
                  <begin>2026-10-03T16:14:51.447489+00:00</begin>
                  <end>2026-10-03T16:14:52.447489+00:00</end>
                </TimeSpan>
                <Point>
                  <coordinates>-80.5769184,37.1963885,0</coordinates>
                </Point>
              </Placemark>
              <Placemark>
                <name>Telemetry 31</name>
                <styleUrl>#modifiedtelemetry</styleUrl>
                <TimeSpan>
                  <begin>2026-10-03T16:14:52.447489+00:00</begin>
                  <end>2026-10-03T16:14:53.447489+00:00</end>
                </TimeSpan>
                <Point>
                  <coordinates>-80.5767347,37.1964356,0</coordinates>
                </Point>
              </Placemark>
              <Placemark>
                <name>Telemetry 32</name>
                <styleUrl>#modifiedtelemetry</styleUrl>
                <TimeSpan>
                  <begin>2026-10-03T16:14:53.447489+00:00</begin>
                  <end>2026-10-03T16:14:54.447489+00:00</end>
                </TimeSpan>
                <Point>
                  <coordinates>-80.5766366,37.1963538,0</coordinates>
                </Point>
              </Placemark>
              <Placemark>
                <name>Telemetry 33</name>
                <styleUrl>#modifiedtelemetry</styleUrl>
                <TimeSpan>
                  <begin>2026-10-03T16:14:54.447489+00:00</begin>
                  <end>2026-10-03T16:14:55.447489+00:00</end>
                </TimeSpan>
                <Point>
                  <coordinates>-80.5766634,37.1962096,0</coordinates>
                </Point>
              </Placemark>
              <Placemark>
                <name>Telemetry 34</name>
                <styleUrl>#modifiedtelemetry</styleUrl>
                <TimeSpan>
                  <begin>2026-10-03T16:14:55.447489+00:00</begin>
                  <end>2026-10-03T16:14:56.447489+00:00</end>
                </TimeSpan>
                <Point>
                  <coordinates>-80.5767707,37.1961284,0</coordinates>
                </Point>
              </Placemark>
              <Placemark>
                <name>Telemetry 35</name>
                <styleUrl>#modifiedtelemetry</styleUrl>
                <TimeSpan>
                  <begin>2026-10-03T16:14:56.447489+00:00</begin>
                  <end>2026-10-03T16:14:57.447489+00:00</end>
                </TimeSpan>
                <Point>
                  <coordinates>-80.5768887,37.1960493,0</coordinates>
                </Point>
              </Placemark>
              <Placemark>
                <name>Telemetry 36</name>
                <styleUrl>#modifiedtelemetry</styleUrl>
                <TimeSpan>
                  <begin>2026-10-03T16:14:57.447489+00:00</begin>
                  <end>2026-10-03T16:14:58.447489+00:00</end>
                </TimeSpan>
                <Point>
                  <coordinates>-80.5770684,37.1959745,0</coordinates>
                </Point>
              </Placemark>
              <Placemark>
                <name>Telemetry 37</name>
                <styleUrl>#modifiedtelemetry</styleUrl>
                <TimeSpan>
                  <begin>2026-10-03T16:14:58.447489+00:00</begin>
                  <end>2026-10-03T16:14:59.447489+00:00</end>
                </TimeSpan>
                <Point>
                  <coordinates>-80.5771757,37.19596070000001,0</coordinates>
                </Point>
              </Placemark>
              <Placemark>
                <name>Telemetry 38</name>
                <styleUrl>#modifiedtelemetry</styleUrl>
                <TimeSpan>
                  <begin>2026-10-03T16:14:59.447489+00:00</begin>
                  <end>2026-10-03T16:15:00.447489+00:00</end>
                </TimeSpan>
                <Point>
                  <coordinates>-80.5772937,37.19598200000001,0</coordinates>
                </Point>
              </Placemark>
              <Placemark>
                <name>Telemetry 39</name>
                <styleUrl>#modifiedtelemetry</styleUrl>
                <TimeSpan>
                  <begin>2026-10-03T16:15:00.447489+00:00</begin>
                  <end>2026-10-03T16:15:01.447489+00:00</end>
                </TimeSpan>
                <Point>
                  <coordinates>-80.5773326,37.1960942,0</coordinates>
                </Point>
              </Placemark>
              <Placemark>
                <name>Telemetry 40</name>
                <styleUrl>#modifiedtelemetry</styleUrl>
                <TimeSpan>
                  <begin>2026-10-03T16:15:01.447489+00:00</begin>
                  <end>2026-10-03T16:15:02.447489+00:00</end>
                </TimeSpan>
                <Point>
                  <coordinates>-80.577283,37.19619780000001,0</coordinates>
                </Point>
              </Placemark>
              <Placemark>
                <name>Telemetry 41</name>
                <styleUrl>#modifiedtelemetry</styleUrl>
                <TimeSpan>
                  <begin>2026-10-03T16:15:02.447489+00:00</begin>
                  <end>2026-10-03T16:15:03.447489+00:00</end>
                </TimeSpan>
                <Point>
                  <coordinates>-80.5772602,37.1963495,0</coordinates>
                </Point>
              </Placemark>
              <Placemark>
                <name>Telemetry 42</name>
                <styleUrl>#modifiedtelemetry</styleUrl>
                <TimeSpan>
                  <begin>2026-10-03T16:15:03.447489+00:00</begin>
                  <end>2026-10-03T16:15:04.447489+00:00</end>
                </TimeSpan>
                <Point>
                  <coordinates>-80.5772817,37.1964692,0</coordinates>
                </Point>
              </Placemark>
              <Placemark>
                <name>Telemetry 43</name>
                <styleUrl>#modifiedtelemetry</styleUrl>
                <TimeSpan>
                  <begin>2026-10-03T16:15:04.447489+00:00</begin>
                  <end>2026-10-03T16:15:05.447489+00:00</end>
                </TimeSpan>
                <Point>
                  <coordinates>-80.5773863,37.1965546,0</coordinates>
                </Point>
              </Placemark>
              <Placemark>
                <name>Telemetry 44</name>
                <styleUrl>#modifiedtelemetry</styleUrl>
                <TimeSpan>
                  <begin>2026-10-03T16:15:05.447489+00:00</begin>
                  <end>2026-10-03T16:15:06.447489+00:00</end>
                </TimeSpan>
                <Point>
                  <coordinates>-80.5775406,37.1965589,0</coordinates>
                </Point>
              </Placemark>
              <Placemark>
                <name>Telemetry 45</name>
                <styleUrl>#modifiedtelemetry</styleUrl>
                <TimeSpan>
                  <begin>2026-10-03T16:15:06.447489+00:00</begin>
                  <end>2026-10-03T16:15:07.447489+00:00</end>
                </TimeSpan>
                <Point>
                  <coordinates>-80.57763850000002,37.1965782,0</coordinates>
                </Point>
              </Placemark>
              <Placemark>
                <name>Telemetry 46</name>
                <styleUrl>#modifiedtelemetry</styleUrl>
                <TimeSpan>
                  <begin>2026-10-03T16:15:07.447489+00:00</begin>
                  <end>2026-10-03T16:15:08.447489+00:00</end>
                </TimeSpan>
                <Point>
                  <coordinates>-80.57763850000002,37.1966679,0</coordinates>
                </Point>
              </Placemark>
              <Placemark>
                <name>Telemetry 47</name>
                <styleUrl>#modifiedtelemetry</styleUrl>
                <TimeSpan>
                  <begin>2026-10-03T16:15:08.447489+00:00</begin>
                  <end>2026-10-03T16:15:09.447489+00:00</end>
                </TimeSpan>
                <Point>
                  <coordinates>-80.5775473,37.1967074,0</coordinates>
                </Point>
              </Placemark>
              <Placemark>
                <name>Telemetry 48</name>
                <styleUrl>#modifiedtelemetry</styleUrl>
                <TimeSpan>
                  <begin>2026-10-03T16:15:09.447489+00:00</begin>
                  <end>2026-10-03T16:15:10.447489+00:00</end>
                </TimeSpan>
                <Point>
                  <coordinates>-80.5773823,37.1966967,0</coordinates>
                </Point>
              </Placemark>
              <Placemark>
                <name>Telemetry 49</name>
                <styleUrl>#modifiedtelemetry</styleUrl>
                <TimeSpan>
                  <begin>2026-10-03T16:15:10.447489+00:00</begin>
                  <end>2026-10-03T16:15:11.447489+00:00</end>
                </TimeSpan>
                <Point>
                  <coordinates>-80.5773421,37.1966241,0</coordinates>
                </Point>
              </Placemark>
              <Placemark>
                <name>Telemetry 50</name>
                <styleUrl>#modifiedtelemetry</styleUrl>
                <TimeSpan>
                  <begin>2026-10-03T16:15:11.447489+00:00</begin>
                  <end>2026-10-03T16:15:12.447489+00:00</end>
                </TimeSpan>
                <Point>
                  <coordinates>-80.5773005,37.196528,0</coordinates>
                </Point>
              </Placemark>
              <Placemark>
                <name>Telemetry 51</name>
                <styleUrl>#modifiedtelemetry</styleUrl>
                <TimeSpan>
                  <begin>2026-10-03T16:15:12.447489+00:00</begin>
                  <end>2026-10-03T16:15:13.447489+00:00</end>
                </TimeSpan>
                <Point>
                  <coordinates>-80.5771557,37.1965055,0</coordinates>
                </Point>
              </Placemark>
              <Placemark>
                <name>Telemetry 52</name>
                <styleUrl>#modifiedtelemetry</styleUrl>
                <TimeSpan>
                  <begin>2026-10-03T16:15:13.447489+00:00</begin>
                  <end>2026-10-03T16:15:14.447489+00:00</end>
                </TimeSpan>
                <Point>
                  <coordinates>-80.5770457,37.19654400000001,0</coordinates>
                </Point>
              </Placemark>
              <Placemark>
                <name>Telemetry 53</name>
                <styleUrl>#modifiedtelemetry</styleUrl>
                <TimeSpan>
                  <begin>2026-10-03T16:15:14.447489+00:00</begin>
                  <end>2026-10-03T16:15:15.447489+00:00</end>
                </TimeSpan>
                <Point>
                  <coordinates>-80.5768834,37.19654500000001,0</coordinates>
                </Point>
              </Placemark>
              <Placemark>
                <name>Telemetry 54</name>
                <styleUrl>#modifiedtelemetry</styleUrl>
                <TimeSpan>
                  <begin>2026-10-03T16:15:15.447489+00:00</begin>
                  <end>2026-10-03T16:15:16.447489+00:00</end>
                </TimeSpan>
                <Point>
                  <coordinates>-80.5767869,37.1964831,0</coordinates>
                </Point>
              </Placemark>
              <Placemark>
                <name>Telemetry 55</name>
                <styleUrl>#modifiedtelemetry</styleUrl>
                <TimeSpan>
                  <begin>2026-10-03T16:15:16.447489+00:00</begin>
                  <end>2026-10-03T16:15:17.447489+00:00</end>
                </TimeSpan>
                <Point>
                  <coordinates>-80.5767547,37.1964083,0</coordinates>
                </Point>
              </Placemark>
              <Placemark>
                <name>Telemetry 56</name>
                <styleUrl>#modifiedtelemetry</styleUrl>
                <TimeSpan>
                  <begin>2026-10-03T16:15:17.447489+00:00</begin>
                  <end>2026-10-03T16:15:18.447489+00:00</end>
                </TimeSpan>
                <Point>
                  <coordinates>-80.5767587,37.1963228,0</coordinates>
                </Point>
              </Placemark>
              <Placemark>
                <name>Telemetry 57</name>
                <styleUrl>#modifiedtelemetry</styleUrl>
                <TimeSpan>
                  <begin>2026-10-03T16:15:18.447489+00:00</begin>
                  <end>2026-10-03T16:15:19.447489+00:00</end>
                </TimeSpan>
                <Point>
                  <coordinates>-80.5767587,37.1961893,0</coordinates>
                </Point>
              </Placemark>
              <Placemark>
                <name>Telemetry 58</name>
                <styleUrl>#modifiedtelemetry</styleUrl>
                <TimeSpan>
                  <begin>2026-10-03T16:15:19.447489+00:00</begin>
                  <end>2026-10-03T16:15:20.447489+00:00</end>
                </TimeSpan>
                <Point>
                  <coordinates>-80.5766836,37.1961348,0</coordinates>
                </Point>
              </Placemark>
              <Placemark>
                <name>Telemetry 59</name>
                <styleUrl>#modifiedtelemetry</styleUrl>
                <TimeSpan>
                  <begin>2026-10-03T16:15:20.447489+00:00</begin>
                  <end>2026-10-03T16:15:21.447489+00:00</end>
                </TimeSpan>
                <Point>
                  <coordinates>-80.5766836,37.1960205,0</coordinates>
                </Point>
              </Placemark>
              <Placemark>
                <name>Telemetry 60</name>
                <styleUrl>#modifiedtelemetry</styleUrl>
                <TimeSpan>
                  <begin>2026-10-03T16:15:21.447489+00:00</begin>
                  <end>2026-10-03T16:15:22.447489+00:00</end>
                </TimeSpan>
                <Point>
                  <coordinates>-80.5767896,37.1960077,0</coordinates>
                </Point>
              </Placemark>
              <Placemark>
                <name>Telemetry 61</name>
                <styleUrl>#modifiedtelemetry</styleUrl>
                <TimeSpan>
                  <begin>2026-10-03T16:15:22.447489+00:00</begin>
                  <end>2026-10-03T16:15:23.447489+00:00</end>
                </TimeSpan>
                <Point>
                  <coordinates>-80.5769277,37.1959671,0</coordinates>
                </Point>
              </Placemark>
              <Placemark>
                <name>Telemetry 62</name>
                <styleUrl>#modifiedtelemetry</styleUrl>
                <TimeSpan>
                  <begin>2026-10-03T16:15:23.447489+00:00</begin>
                  <end>2026-10-03T16:15:24.447489+00:00</end>
                </TimeSpan>
                <Point>
                  <coordinates>-80.5770806,37.1959051,0</coordinates>
                </Point>
              </Placemark>
              <Placemark>
                <name>Telemetry 63</name>
                <styleUrl>#modifiedtelemetry</styleUrl>
                <TimeSpan>
                  <begin>2026-10-03T16:15:24.447489+00:00</begin>
                  <end>2026-10-03T16:15:25.447489+00:00</end>
                </TimeSpan>
                <Point>
                  <coordinates>-80.5771999,37.195896600000005,0</coordinates>
                </Point>
              </Placemark>
            </Folder>
          </Folder>
        </Folder>
        <Folder>
          <name>Service Provider polling</name>
        </Folder>
        <Folder>
          <name>Service Provider polling</name>
        </Folder>
        <Folder>
          <name>Service Provider polling</name>
        </Folder>
        <Folder>
          <name>Service Provider polling</name>
        </Folder>
        <Folder>
          <name>Service Provider polling</name>
        </Folder>
        <Folder>
          <name>Verify operator notification</name>
        </Folder>
        <Folder>
          <name>Intermediate cleanup</name>
        </Folder>
        <Folder>
          <name>Retrieve pre-existing operator notification</name>
        </Folder>
        <Folder>
          <name>Injection</name>
          <Folder>
            <name>E24: uss2 interuss.automated_testing.rid.v1.injection.createTest</name>
            <Folder>
              <name>Test flight f95945db-10c5-4b7f-9ee6-c97e3bdbe266</name>
              <Placemark>
                <name>Telemetry 0</name>
                <styleUrl>#modifiedtelemetry</styleUrl>
                <TimeSpan>
                  <begin>2026-10-03T16:14:32.070090+00:00</begin>
                  <end>2026-10-03T16:14:33.070090+00:00</end>
                </TimeSpan>
                <Point>
                  <coordinates>-80.57798081614081,37.197059404721635,0</coordinates>
                </Point>
              </Placemark>
              <Placemark>
                <name>Telemetry 1</name>
                <styleUrl>#modifiedtelemetry</styleUrl>
                <TimeSpan>
                  <begin>2026-10-03T16:14:33.070090+00:00</begin>
                  <end>2026-10-03T16:14:34.070090+00:00</end>
                </TimeSpan>
                <Point>
                  <coordinates>-80.57798798375362,37.197016214133484,0</coordinates>
                </Point>
              </Placemark>
              <Placemark>
                <name>Telemetry 2</name>
                <styleUrl>#modifiedtelemetry</styleUrl>
                <TimeSpan>
                  <begin>2026-10-03T16:14:34.070090+00:00</begin>
                  <end>2026-10-03T16:14:35.070090+00:00</end>
                </TimeSpan>
                <Point>
                  <coordinates>-80.57800212690604,37.196972734164305,0</coordinates>
                </Point>
              </Placemark>
              <Placemark>
                <name>Telemetry 3</name>
                <styleUrl>#modifiedtelemetry</styleUrl>
                <TimeSpan>
                  <begin>2026-10-03T16:14:35.070090+00:00</begin>
                  <end>2026-10-03T16:14:36.070090+00:00</end>
                </TimeSpan>
                <Point>
                  <coordinates>-80.57802342452034,37.196931703788785,0</coordinates>
                </Point>
              </Placemark>
              <Placemark>
                <name>Telemetry 4</name>
                <styleUrl>#modifiedtelemetry</styleUrl>
                <TimeSpan>
                  <begin>2026-10-03T16:14:36.070090+00:00</begin>
                  <end>2026-10-03T16:14:37.070090+00:00</end>
                </TimeSpan>
                <Point>
                  <coordinates>-80.57805344862881,37.19689368575391,0</coordinates>
                </Point>
              </Placemark>
              <Placemark>
                <name>Telemetry 5</name>
                <styleUrl>#modifiedtelemetry</styleUrl>
                <TimeSpan>
                  <begin>2026-10-03T16:14:37.070090+00:00</begin>
                  <end>2026-10-03T16:14:38.070090+00:00</end>
                </TimeSpan>
                <Point>
                  <coordinates>-80.57808720822365,37.19685213076737,0</coordinates>
                </Point>
              </Placemark>
              <Placemark>
                <name>Telemetry 6</name>
                <styleUrl>#modifiedtelemetry</styleUrl>
                <TimeSpan>
                  <begin>2026-10-03T16:14:38.070090+00:00</begin>
                  <end>2026-10-03T16:14:39.070090+00:00</end>
                </TimeSpan>
                <Point>
                  <coordinates>-80.57811722777369,37.19680923519623,0</coordinates>
                </Point>
              </Placemark>
              <Placemark>
                <name>Telemetry 7</name>
                <styleUrl>#modifiedtelemetry</styleUrl>
                <TimeSpan>
                  <begin>2026-10-03T16:14:39.070090+00:00</begin>
                  <end>2026-10-03T16:14:40.070090+00:00</end>
                </TimeSpan>
                <Point>
                  <coordinates>-80.5781323958596,37.1967658046547,0</coordinates>
                </Point>
              </Placemark>
              <Placemark>
                <name>Telemetry 8</name>
                <styleUrl>#modifiedtelemetry</styleUrl>
                <TimeSpan>
                  <begin>2026-10-03T16:14:40.070090+00:00</begin>
                  <end>2026-10-03T16:14:41.070090+00:00</end>
                </TimeSpan>
                <Point>
                  <coordinates>-80.57814392771789,37.19670166260832,0</coordinates>
                </Point>
              </Placemark>
              <Placemark>
                <name>Telemetry 9</name>
                <styleUrl>#modifiedtelemetry</styleUrl>
                <TimeSpan>
                  <begin>2026-10-03T16:14:41.070090+00:00</begin>
                  <end>2026-10-03T16:14:42.070090+00:00</end>
                </TimeSpan>
                <Point>
                  <coordinates>-80.57812974002694,37.19663489860375,0</coordinates>
                </Point>
              </Placemark>
              <Placemark>
                <name>Telemetry 10</name>
                <styleUrl>#modifiedtelemetry</styleUrl>
                <TimeSpan>
                  <begin>2026-10-03T16:14:42.070090+00:00</begin>
                  <end>2026-10-03T16:14:43.070090+00:00</end>
                </TimeSpan>
                <Point>
                  <coordinates>-80.57808680009781,37.19657292090538,0</coordinates>
                </Point>
              </Placemark>
              <Placemark>
                <name>Telemetry 11</name>
                <styleUrl>#modifiedtelemetry</styleUrl>
                <TimeSpan>
                  <begin>2026-10-03T16:14:43.070090+00:00</begin>
                  <end>2026-10-03T16:14:44.070090+00:00</end>
                </TimeSpan>
                <Point>
                  <coordinates>-80.57801685035301,37.19652877181478,0</coordinates>
                </Point>
              </Placemark>
              <Placemark>
                <name>Telemetry 12</name>
                <styleUrl>#modifiedtelemetry</styleUrl>
                <TimeSpan>
                  <begin>2026-10-03T16:14:44.070090+00:00</begin>
                  <end>2026-10-03T16:14:45.070090+00:00</end>
                </TimeSpan>
                <Point>
                  <coordinates>-80.57795541973255,37.19650790849303,0</coordinates>
                </Point>
              </Placemark>
              <Placemark>
                <name>Telemetry 13</name>
                <styleUrl>#modifiedtelemetry</styleUrl>
                <TimeSpan>
                  <begin>2026-10-03T16:14:45.070090+00:00</begin>
                  <end>2026-10-03T16:14:46.070090+00:00</end>
                </TimeSpan>
                <Point>
                  <coordinates>-80.57779490248247,37.19643592110631,0</coordinates>
                </Point>
              </Placemark>
              <Placemark>
                <name>Telemetry 14</name>
                <styleUrl>#modifiedtelemetry</styleUrl>
                <TimeSpan>
                  <begin>2026-10-03T16:14:46.070090+00:00</begin>
                  <end>2026-10-03T16:14:47.070090+00:00</end>
                </TimeSpan>
                <Point>
                  <coordinates>-80.57771381708879,37.19639543761661,0</coordinates>
                </Point>
              </Placemark>
              <Placemark>
                <name>Telemetry 15</name>
                <styleUrl>#modifiedtelemetry</styleUrl>
                <TimeSpan>
                  <begin>2026-10-03T16:14:47.070090+00:00</begin>
                  <end>2026-10-03T16:14:48.070090+00:00</end>
                </TimeSpan>
                <Point>
                  <coordinates>-80.5776456115435,37.19635960981006,0</coordinates>
                </Point>
              </Placemark>
              <Placemark>
                <name>Telemetry 16</name>
                <styleUrl>#modifiedtelemetry</styleUrl>
                <TimeSpan>
                  <begin>2026-10-03T16:14:48.070090+00:00</begin>
                  <end>2026-10-03T16:14:49.070090+00:00</end>
                </TimeSpan>
                <Point>
                  <coordinates>-80.57757190904874,37.19632841915715,0</coordinates>
                </Point>
              </Placemark>
              <Placemark>
                <name>Telemetry 17</name>
                <styleUrl>#modifiedtelemetry</styleUrl>
                <TimeSpan>
                  <begin>2026-10-03T16:14:49.070090+00:00</begin>
                  <end>2026-10-03T16:14:50.070090+00:00</end>
                </TimeSpan>
                <Point>
                  <coordinates>-80.57751114071674,37.19631735230622,0</coordinates>
                </Point>
              </Placemark>
              <Placemark>
                <name>Telemetry 18</name>
                <styleUrl>#modifiedtelemetry</styleUrl>
                <TimeSpan>
                  <begin>2026-10-03T16:14:50.070090+00:00</begin>
                  <end>2026-10-03T16:14:51.070090+00:00</end>
                </TimeSpan>
                <Point>
                  <coordinates>-80.57742677046657,37.19631370494702,0</coordinates>
                </Point>
              </Placemark>
              <Placemark>
                <name>Telemetry 19</name>
                <styleUrl>#modifiedtelemetry</styleUrl>
                <TimeSpan>
                  <begin>2026-10-03T16:14:51.070090+00:00</begin>
                  <end>2026-10-03T16:14:52.070090+00:00</end>
                </TimeSpan>
                <Point>
                  <coordinates>-80.5773706,37.1963054,0</coordinates>
                </Point>
              </Placemark>
              <Placemark>
                <name>Telemetry 20</name>
                <styleUrl>#modifiedtelemetry</styleUrl>
                <TimeSpan>
                  <begin>2026-10-03T16:14:52.070090+00:00</begin>
                  <end>2026-10-03T16:14:53.070090+00:00</end>
                </TimeSpan>
                <Point>
                  <coordinates>-80.5771453,37.1963577,0</coordinates>
                </Point>
              </Placemark>
              <Placemark>
                <name>Telemetry 21</name>
                <styleUrl>#modifiedtelemetry</styleUrl>
                <TimeSpan>
                  <begin>2026-10-03T16:14:53.070090+00:00</begin>
                  <end>2026-10-03T16:14:54.070090+00:00</end>
                </TimeSpan>
                <Point>
                  <coordinates>-80.5771265,37.1965735,0</coordinates>
                </Point>
              </Placemark>
              <Placemark>
                <name>Telemetry 22</name>
                <styleUrl>#modifiedtelemetry</styleUrl>
                <TimeSpan>
                  <begin>2026-10-03T16:14:54.070090+00:00</begin>
                  <end>2026-10-03T16:14:55.070090+00:00</end>
                </TimeSpan>
                <Point>
                  <coordinates>-80.57744590087025,37.19665029738701,0</coordinates>
                </Point>
              </Placemark>
              <Placemark>
                <name>Telemetry 23</name>
                <styleUrl>#modifiedtelemetry</styleUrl>
                <TimeSpan>
                  <begin>2026-10-03T16:14:55.070090+00:00</begin>
                  <end>2026-10-03T16:14:56.070090+00:00</end>
                </TimeSpan>
                <Point>
                  <coordinates>-80.5776442,37.1966013,0</coordinates>
                </Point>
              </Placemark>
              <Placemark>
                <name>Telemetry 24</name>
                <styleUrl>#modifiedtelemetry</styleUrl>
                <TimeSpan>
                  <begin>2026-10-03T16:14:56.070090+00:00</begin>
                  <end>2026-10-03T16:14:57.070090+00:00</end>
                </TimeSpan>
                <Point>
                  <coordinates>-80.57776806176655,37.1964375298218,0</coordinates>
                </Point>
              </Placemark>
              <Placemark>
                <name>Telemetry 25</name>
                <styleUrl>#modifiedtelemetry</styleUrl>
                <TimeSpan>
                  <begin>2026-10-03T16:14:57.070090+00:00</begin>
                  <end>2026-10-03T16:14:58.070090+00:00</end>
                </TimeSpan>
                <Point>
                  <coordinates>-80.57784172323511,37.1962376762061,0</coordinates>
                </Point>
              </Placemark>
              <Placemark>
                <name>Telemetry 26</name>
                <styleUrl>#modifiedtelemetry</styleUrl>
                <TimeSpan>
                  <begin>2026-10-03T16:14:58.070090+00:00</begin>
                  <end>2026-10-03T16:14:59.070090+00:00</end>
                </TimeSpan>
                <Point>
                  <coordinates>-80.5777311,37.1960563,0</coordinates>
                </Point>
              </Placemark>
              <Placemark>
                <name>Telemetry 27</name>
                <styleUrl>#modifiedtelemetry</styleUrl>
                <TimeSpan>
                  <begin>2026-10-03T16:14:59.070090+00:00</begin>
                  <end>2026-10-03T16:15:00.070090+00:00</end>
                </TimeSpan>
                <Point>
                  <coordinates>-80.57739321491916,37.19605837098315,0</coordinates>
                </Point>
              </Placemark>
              <Placemark>
                <name>Telemetry 28</name>
                <styleUrl>#modifiedtelemetry</styleUrl>
                <TimeSpan>
                  <begin>2026-10-03T16:15:00.070090+00:00</begin>
                  <end>2026-10-03T16:15:01.070090+00:00</end>
                </TimeSpan>
                <Point>
                  <coordinates>-80.5771357,37.1961151,0</coordinates>
                </Point>
              </Placemark>
              <Placemark>
                <name>Telemetry 29</name>
                <styleUrl>#modifiedtelemetry</styleUrl>
                <TimeSpan>
                  <begin>2026-10-03T16:15:01.070090+00:00</begin>
                  <end>2026-10-03T16:15:02.070090+00:00</end>
                </TimeSpan>
                <Point>
                  <coordinates>-80.5769627,37.1962283,0</coordinates>
                </Point>
              </Placemark>
              <Placemark>
                <name>Telemetry 30</name>
                <styleUrl>#modifiedtelemetry</styleUrl>
                <TimeSpan>
                  <begin>2026-10-03T16:15:02.070090+00:00</begin>
                  <end>2026-10-03T16:15:03.070090+00:00</end>
                </TimeSpan>
                <Point>
                  <coordinates>-80.5769184,37.1963885,0</coordinates>
                </Point>
              </Placemark>
              <Placemark>
                <name>Telemetry 31</name>
                <styleUrl>#modifiedtelemetry</styleUrl>
                <TimeSpan>
                  <begin>2026-10-03T16:15:03.070090+00:00</begin>
                  <end>2026-10-03T16:15:04.070090+00:00</end>
                </TimeSpan>
                <Point>
                  <coordinates>-80.5767347,37.1964356,0</coordinates>
                </Point>
              </Placemark>
              <Placemark>
                <name>Telemetry 32</name>
                <styleUrl>#modifiedtelemetry</styleUrl>
                <TimeSpan>
                  <begin>2026-10-03T16:15:04.070090+00:00</begin>
                  <end>2026-10-03T16:15:05.070090+00:00</end>
                </TimeSpan>
                <Point>
                  <coordinates>-80.5766366,37.1963538,0</coordinates>
                </Point>
              </Placemark>
              <Placemark>
                <name>Telemetry 33</name>
                <styleUrl>#modifiedtelemetry</styleUrl>
                <TimeSpan>
                  <begin>2026-10-03T16:15:05.070090+00:00</begin>
                  <end>2026-10-03T16:15:06.070090+00:00</end>
                </TimeSpan>
                <Point>
                  <coordinates>-80.5766634,37.1962096,0</coordinates>
                </Point>
              </Placemark>
              <Placemark>
                <name>Telemetry 34</name>
                <styleUrl>#modifiedtelemetry</styleUrl>
                <TimeSpan>
                  <begin>2026-10-03T16:15:06.070090+00:00</begin>
                  <end>2026-10-03T16:15:07.070090+00:00</end>
                </TimeSpan>
                <Point>
                  <coordinates>-80.5767707,37.1961284,0</coordinates>
                </Point>
              </Placemark>
              <Placemark>
                <name>Telemetry 35</name>
                <styleUrl>#modifiedtelemetry</styleUrl>
                <TimeSpan>
                  <begin>2026-10-03T16:15:07.070090+00:00</begin>
                  <end>2026-10-03T16:15:08.070090+00:00</end>
                </TimeSpan>
                <Point>
                  <coordinates>-80.5768887,37.1960493,0</coordinates>
                </Point>
              </Placemark>
              <Placemark>
                <name>Telemetry 36</name>
                <styleUrl>#modifiedtelemetry</styleUrl>
                <TimeSpan>
                  <begin>2026-10-03T16:15:08.070090+00:00</begin>
                  <end>2026-10-03T16:15:09.070090+00:00</end>
                </TimeSpan>
                <Point>
                  <coordinates>-80.5770684,37.1959745,0</coordinates>
                </Point>
              </Placemark>
              <Placemark>
                <name>Telemetry 37</name>
                <styleUrl>#modifiedtelemetry</styleUrl>
                <TimeSpan>
                  <begin>2026-10-03T16:15:09.070090+00:00</begin>
                  <end>2026-10-03T16:15:10.070090+00:00</end>
                </TimeSpan>
                <Point>
                  <coordinates>-80.5771757,37.19596070000001,0</coordinates>
                </Point>
              </Placemark>
              <Placemark>
                <name>Telemetry 38</name>
                <styleUrl>#modifiedtelemetry</styleUrl>
                <TimeSpan>
                  <begin>2026-10-03T16:15:10.070090+00:00</begin>
                  <end>2026-10-03T16:15:11.070090+00:00</end>
                </TimeSpan>
                <Point>
                  <coordinates>-80.5772937,37.19598200000001,0</coordinates>
                </Point>
              </Placemark>
              <Placemark>
                <name>Telemetry 39</name>
                <styleUrl>#modifiedtelemetry</styleUrl>
                <TimeSpan>
                  <begin>2026-10-03T16:15:11.070090+00:00</begin>
                  <end>2026-10-03T16:15:12.070090+00:00</end>
                </TimeSpan>
                <Point>
                  <coordinates>-80.5773326,37.1960942,0</coordinates>
                </Point>
              </Placemark>
              <Placemark>
                <name>Telemetry 40</name>
                <styleUrl>#modifiedtelemetry</styleUrl>
                <TimeSpan>
                  <begin>2026-10-03T16:15:12.070090+00:00</begin>
                  <end>2026-10-03T16:15:13.070090+00:00</end>
                </TimeSpan>
                <Point>
                  <coordinates>-80.577283,37.19619780000001,0</coordinates>
                </Point>
              </Placemark>
              <Placemark>
                <name>Telemetry 41</name>
                <styleUrl>#modifiedtelemetry</styleUrl>
                <TimeSpan>
                  <begin>2026-10-03T16:15:13.070090+00:00</begin>
                  <end>2026-10-03T16:15:14.070090+00:00</end>
                </TimeSpan>
                <Point>
                  <coordinates>-80.5772602,37.1963495,0</coordinates>
                </Point>
              </Placemark>
              <Placemark>
                <name>Telemetry 42</name>
                <styleUrl>#modifiedtelemetry</styleUrl>
                <TimeSpan>
                  <begin>2026-10-03T16:15:14.070090+00:00</begin>
                  <end>2026-10-03T16:15:15.070090+00:00</end>
                </TimeSpan>
                <Point>
                  <coordinates>-80.5772817,37.1964692,0</coordinates>
                </Point>
              </Placemark>
              <Placemark>
                <name>Telemetry 43</name>
                <styleUrl>#modifiedtelemetry</styleUrl>
                <TimeSpan>
                  <begin>2026-10-03T16:15:15.070090+00:00</begin>
                  <end>2026-10-03T16:15:16.070090+00:00</end>
                </TimeSpan>
                <Point>
                  <coordinates>-80.5773863,37.1965546,0</coordinates>
                </Point>
              </Placemark>
              <Placemark>
                <name>Telemetry 44</name>
                <styleUrl>#modifiedtelemetry</styleUrl>
                <TimeSpan>
                  <begin>2026-10-03T16:15:16.070090+00:00</begin>
                  <end>2026-10-03T16:15:17.070090+00:00</end>
                </TimeSpan>
                <Point>
                  <coordinates>-80.5775406,37.1965589,0</coordinates>
                </Point>
              </Placemark>
              <Placemark>
                <name>Telemetry 45</name>
                <styleUrl>#modifiedtelemetry</styleUrl>
                <TimeSpan>
                  <begin>2026-10-03T16:15:17.070090+00:00</begin>
                  <end>2026-10-03T16:15:18.070090+00:00</end>
                </TimeSpan>
                <Point>
                  <coordinates>-80.57763850000002,37.1965782,0</coordinates>
                </Point>
              </Placemark>
              <Placemark>
                <name>Telemetry 46</name>
                <styleUrl>#modifiedtelemetry</styleUrl>
                <TimeSpan>
                  <begin>2026-10-03T16:15:18.070090+00:00</begin>
                  <end>2026-10-03T16:15:19.070090+00:00</end>
                </TimeSpan>
                <Point>
                  <coordinates>-80.57763850000002,37.1966679,0</coordinates>
                </Point>
              </Placemark>
              <Placemark>
                <name>Telemetry 47</name>
                <styleUrl>#modifiedtelemetry</styleUrl>
                <TimeSpan>
                  <begin>2026-10-03T16:15:19.070090+00:00</begin>
                  <end>2026-10-03T16:15:20.070090+00:00</end>
                </TimeSpan>
                <Point>
                  <coordinates>-80.5775473,37.1967074,0</coordinates>
                </Point>
              </Placemark>
              <Placemark>
                <name>Telemetry 48</name>
                <styleUrl>#modifiedtelemetry</styleUrl>
                <TimeSpan>
                  <begin>2026-10-03T16:15:20.070090+00:00</begin>
                  <end>2026-10-03T16:15:21.070090+00:00</end>
                </TimeSpan>
                <Point>
                  <coordinates>-80.5773823,37.1966967,0</coordinates>
                </Point>
              </Placemark>
              <Placemark>
                <name>Telemetry 49</name>
                <styleUrl>#modifiedtelemetry</styleUrl>
                <TimeSpan>
                  <begin>2026-10-03T16:15:21.070090+00:00</begin>
                  <end>2026-10-03T16:15:22.070090+00:00</end>
                </TimeSpan>
                <Point>
                  <coordinates>-80.5773421,37.1966241,0</coordinates>
                </Point>
              </Placemark>
              <Placemark>
                <name>Telemetry 50</name>
                <styleUrl>#modifiedtelemetry</styleUrl>
                <TimeSpan>
                  <begin>2026-10-03T16:15:22.070090+00:00</begin>
                  <end>2026-10-03T16:15:23.070090+00:00</end>
                </TimeSpan>
                <Point>
                  <coordinates>-80.5773005,37.196528,0</coordinates>
                </Point>
              </Placemark>
              <Placemark>
                <name>Telemetry 51</name>
                <styleUrl>#modifiedtelemetry</styleUrl>
                <TimeSpan>
                  <begin>2026-10-03T16:15:23.070090+00:00</begin>
                  <end>2026-10-03T16:15:24.070090+00:00</end>
                </TimeSpan>
                <Point>
                  <coordinates>-80.5771557,37.1965055,0</coordinates>
                </Point>
              </Placemark>
              <Placemark>
                <name>Telemetry 52</name>
                <styleUrl>#modifiedtelemetry</styleUrl>
                <TimeSpan>
                  <begin>2026-10-03T16:15:24.070090+00:00</begin>
                  <end>2026-10-03T16:15:25.070090+00:00</end>
                </TimeSpan>
                <Point>
                  <coordinates>-80.5770457,37.19654400000001,0</coordinates>
                </Point>
              </Placemark>
              <Placemark>
                <name>Telemetry 53</name>
                <styleUrl>#modifiedtelemetry</styleUrl>
                <TimeSpan>
                  <begin>2026-10-03T16:15:25.070090+00:00</begin>
                  <end>2026-10-03T16:15:26.070090+00:00</end>
                </TimeSpan>
                <Point>
                  <coordinates>-80.5768834,37.19654500000001,0</coordinates>
                </Point>
              </Placemark>
              <Placemark>
                <name>Telemetry 54</name>
                <styleUrl>#modifiedtelemetry</styleUrl>
                <TimeSpan>
                  <begin>2026-10-03T16:15:26.070090+00:00</begin>
                  <end>2026-10-03T16:15:27.070090+00:00</end>
                </TimeSpan>
                <Point>
                  <coordinates>-80.5767869,37.1964831,0</coordinates>
                </Point>
              </Placemark>
              <Placemark>
                <name>Telemetry 55</name>
                <styleUrl>#modifiedtelemetry</styleUrl>
                <TimeSpan>
                  <begin>2026-10-03T16:15:27.070090+00:00</begin>
                  <end>2026-10-03T16:15:28.070090+00:00</end>
                </TimeSpan>
                <Point>
                  <coordinates>-80.5767547,37.1964083,0</coordinates>
                </Point>
              </Placemark>
              <Placemark>
                <name>Telemetry 56</name>
                <styleUrl>#modifiedtelemetry</styleUrl>
                <TimeSpan>
                  <begin>2026-10-03T16:15:28.070090+00:00</begin>
                  <end>2026-10-03T16:15:29.070090+00:00</end>
                </TimeSpan>
                <Point>
                  <coordinates>-80.5767587,37.1963228,0</coordinates>
                </Point>
              </Placemark>
              <Placemark>
                <name>Telemetry 57</name>
                <styleUrl>#modifiedtelemetry</styleUrl>
                <TimeSpan>
                  <begin>2026-10-03T16:15:29.070090+00:00</begin>
                  <end>2026-10-03T16:15:30.070090+00:00</end>
                </TimeSpan>
                <Point>
                  <coordinates>-80.5767587,37.1961893,0</coordinates>
                </Point>
              </Placemark>
              <Placemark>
                <name>Telemetry 58</name>
                <styleUrl>#modifiedtelemetry</styleUrl>
                <TimeSpan>
                  <begin>2026-10-03T16:15:30.070090+00:00</begin>
                  <end>2026-10-03T16:15:31.070090+00:00</end>
                </TimeSpan>
                <Point>
                  <coordinates>-80.5766836,37.1961348,0</coordinates>
                </Point>
              </Placemark>
              <Placemark>
                <name>Telemetry 59</name>
                <styleUrl>#modifiedtelemetry</styleUrl>
                <TimeSpan>
                  <begin>2026-10-03T16:15:31.070090+00:00</begin>
                  <end>2026-10-03T16:15:32.070090+00:00</end>
                </TimeSpan>
                <Point>
                  <coordinates>-80.5766836,37.1960205,0</coordinates>
                </Point>
              </Placemark>
              <Placemark>
                <name>Telemetry 60</name>
                <styleUrl>#modifiedtelemetry</styleUrl>
                <TimeSpan>
                  <begin>2026-10-03T16:15:32.070090+00:00</begin>
                  <end>2026-10-03T16:15:33.070090+00:00</end>
                </TimeSpan>
                <Point>
                  <coordinates>-80.5767896,37.1960077,0</coordinates>
                </Point>
              </Placemark>
              <Placemark>
                <name>Telemetry 61</name>
                <styleUrl>#modifiedtelemetry</styleUrl>
                <TimeSpan>
                  <begin>2026-10-03T16:15:33.070090+00:00</begin>
                  <end>2026-10-03T16:15:34.070090+00:00</end>
                </TimeSpan>
                <Point>
                  <coordinates>-80.5769277,37.1959671,0</coordinates>
                </Point>
              </Placemark>
              <Placemark>
                <name>Telemetry 62</name>
                <styleUrl>#modifiedtelemetry</styleUrl>
                <TimeSpan>
                  <begin>2026-10-03T16:15:34.070090+00:00</begin>
                  <end>2026-10-03T16:15:35.070090+00:00</end>
                </TimeSpan>
                <Point>
                  <coordinates>-80.5770806,37.1959051,0</coordinates>
                </Point>
              </Placemark>
              <Placemark>
                <name>Telemetry 63</name>
                <styleUrl>#modifiedtelemetry</styleUrl>
                <TimeSpan>
                  <begin>2026-10-03T16:15:35.070090+00:00</begin>
                  <end>2026-10-03T16:15:36.070090+00:00</end>
                </TimeSpan>
                <Point>
                  <coordinates>-80.5771999,37.195896600000005,0</coordinates>
                </Point>
              </Placemark>
            </Folder>
          </Folder>
        </Folder>
        <Folder>
          <name>Service Provider polling</name>
        </Folder>
        <Folder>
          <name>Service Provider polling</name>
        </Folder>
        <Folder>
          <name>Service Provider polling</name>
        </Folder>
        <Folder>
          <name>Service Provider polling</name>
        </Folder>
        <Folder>
          <name>Service Provider polling</name>
        </Folder>
        <Folder>
          <name>Verify operator notification</name>
        </Folder>
        <Folder>
          <name>Intermediate cleanup</name>
        </Folder>
        <Folder>
          <name>Retrieve pre-existing operator notification</name>
        </Folder>
        <Folder>
          <name>Injection</name>
          <Folder>
            <name>E44: uss2 interuss.automated_testing.rid.v1.injection.createTest</name>
            <Folder>
              <name>Test flight 862a1185-cfdb-4369-af71-301a84ce32d4</name>
              <Placemark>
                <name>Telemetry 0</name>
                <styleUrl>#modifiedtelemetry</styleUrl>
                <TimeSpan>
                  <begin>2026-10-03T16:14:42.743582+00:00</begin>
                  <end>2026-10-03T16:14:43.743582+00:00</end>
                </TimeSpan>
                <Point>
                  <coordinates>-80.57798081614081,37.197059404721635,0</coordinates>
                </Point>
              </Placemark>
              <Placemark>
                <name>Telemetry 1</name>
                <styleUrl>#modifiedtelemetry</styleUrl>
                <TimeSpan>
                  <begin>2026-10-03T16:14:43.743582+00:00</begin>
                  <end>2026-10-03T16:14:44.743582+00:00</end>
                </TimeSpan>
                <Point>
                  <coordinates>-80.57798798375362,37.197016214133484,0</coordinates>
                </Point>
              </Placemark>
              <Placemark>
                <name>Telemetry 2</name>
                <styleUrl>#modifiedtelemetry</styleUrl>
                <TimeSpan>
                  <begin>2026-10-03T16:14:44.743582+00:00</begin>
                  <end>2026-10-03T16:14:45.743582+00:00</end>
                </TimeSpan>
                <Point>
                  <coordinates>-80.57800212690604,37.196972734164305,0</coordinates>
                </Point>
              </Placemark>
              <Placemark>
                <name>Telemetry 3</name>
                <styleUrl>#modifiedtelemetry</styleUrl>
                <TimeSpan>
                  <begin>2026-10-03T16:14:45.743582+00:00</begin>
                  <end>2026-10-03T16:14:46.743582+00:00</end>
                </TimeSpan>
                <Point>
                  <coordinates>-80.57802342452034,37.196931703788785,0</coordinates>
                </Point>
              </Placemark>
              <Placemark>
                <name>Telemetry 4</name>
                <styleUrl>#modifiedtelemetry</styleUrl>
                <TimeSpan>
                  <begin>2026-10-03T16:14:46.743582+00:00</begin>
                  <end>2026-10-03T16:14:47.743582+00:00</end>
                </TimeSpan>
                <Point>
                  <coordinates>-80.57805344862881,37.19689368575391,0</coordinates>
                </Point>
              </Placemark>
              <Placemark>
                <name>Telemetry 5</name>
                <styleUrl>#modifiedtelemetry</styleUrl>
                <TimeSpan>
                  <begin>2026-10-03T16:14:47.743582+00:00</begin>
                  <end>2026-10-03T16:14:48.743582+00:00</end>
                </TimeSpan>
                <Point>
                  <coordinates>-80.57808720822365,37.19685213076737,0</coordinates>
                </Point>
              </Placemark>
              <Placemark>
                <name>Telemetry 6</name>
                <styleUrl>#modifiedtelemetry</styleUrl>
                <TimeSpan>
                  <begin>2026-10-03T16:14:48.743582+00:00</begin>
                  <end>2026-10-03T16:14:49.743582+00:00</end>
                </TimeSpan>
                <Point>
                  <coordinates>-80.57811722777369,37.19680923519623,0</coordinates>
                </Point>
              </Placemark>
              <Placemark>
                <name>Telemetry 7</name>
                <styleUrl>#modifiedtelemetry</styleUrl>
                <TimeSpan>
                  <begin>2026-10-03T16:14:49.743582+00:00</begin>
                  <end>2026-10-03T16:14:50.743582+00:00</end>
                </TimeSpan>
                <Point>
                  <coordinates>-80.5781323958596,37.1967658046547,0</coordinates>
                </Point>
              </Placemark>
              <Placemark>
                <name>Telemetry 8</name>
                <styleUrl>#modifiedtelemetry</styleUrl>
                <TimeSpan>
                  <begin>2026-10-03T16:14:50.743582+00:00</begin>
                  <end>2026-10-03T16:14:51.743582+00:00</end>
                </TimeSpan>
                <Point>
                  <coordinates>-80.57814392771789,37.19670166260832,0</coordinates>
                </Point>
              </Placemark>
              <Placemark>
                <name>Telemetry 9</name>
                <styleUrl>#modifiedtelemetry</styleUrl>
                <TimeSpan>
                  <begin>2026-10-03T16:14:51.743582+00:00</begin>
                  <end>2026-10-03T16:14:52.743582+00:00</end>
                </TimeSpan>
                <Point>
                  <coordinates>-80.57812974002694,37.19663489860375,0</coordinates>
                </Point>
              </Placemark>
              <Placemark>
                <name>Telemetry 10</name>
                <styleUrl>#modifiedtelemetry</styleUrl>
                <TimeSpan>
                  <begin>2026-10-03T16:14:52.743582+00:00</begin>
                  <end>2026-10-03T16:14:53.743582+00:00</end>
                </TimeSpan>
                <Point>
                  <coordinates>-80.57808680009781,37.19657292090538,0</coordinates>
                </Point>
              </Placemark>
              <Placemark>
                <name>Telemetry 11</name>
                <styleUrl>#modifiedtelemetry</styleUrl>
                <TimeSpan>
                  <begin>2026-10-03T16:14:53.743582+00:00</begin>
                  <end>2026-10-03T16:14:54.743582+00:00</end>
                </TimeSpan>
                <Point>
                  <coordinates>-80.57801685035301,37.19652877181478,0</coordinates>
                </Point>
              </Placemark>
              <Placemark>
                <name>Telemetry 12</name>
                <styleUrl>#modifiedtelemetry</styleUrl>
                <TimeSpan>
                  <begin>2026-10-03T16:14:54.743582+00:00</begin>
                  <end>2026-10-03T16:14:55.743582+00:00</end>
                </TimeSpan>
                <Point>
                  <coordinates>-80.57795541973255,37.19650790849303,0</coordinates>
                </Point>
              </Placemark>
              <Placemark>
                <name>Telemetry 13</name>
                <styleUrl>#modifiedtelemetry</styleUrl>
                <TimeSpan>
                  <begin>2026-10-03T16:14:55.743582+00:00</begin>
                  <end>2026-10-03T16:14:56.743582+00:00</end>
                </TimeSpan>
                <Point>
                  <coordinates>-80.57779490248247,37.19643592110631,0</coordinates>
                </Point>
              </Placemark>
              <Placemark>
                <name>Telemetry 14</name>
                <styleUrl>#modifiedtelemetry</styleUrl>
                <TimeSpan>
                  <begin>2026-10-03T16:14:56.743582+00:00</begin>
                  <end>2026-10-03T16:14:57.743582+00:00</end>
                </TimeSpan>
                <Point>
                  <coordinates>-80.57771381708879,37.19639543761661,0</coordinates>
                </Point>
              </Placemark>
              <Placemark>
                <name>Telemetry 15</name>
                <styleUrl>#modifiedtelemetry</styleUrl>
                <TimeSpan>
                  <begin>2026-10-03T16:14:57.743582+00:00</begin>
                  <end>2026-10-03T16:14:58.743582+00:00</end>
                </TimeSpan>
                <Point>
                  <coordinates>-80.5776456115435,37.19635960981006,0</coordinates>
                </Point>
              </Placemark>
              <Placemark>
                <name>Telemetry 16</name>
                <styleUrl>#modifiedtelemetry</styleUrl>
                <TimeSpan>
                  <begin>2026-10-03T16:14:58.743582+00:00</begin>
                  <end>2026-10-03T16:14:59.743582+00:00</end>
                </TimeSpan>
                <Point>
                  <coordinates>-80.57757190904874,37.19632841915715,0</coordinates>
                </Point>
              </Placemark>
              <Placemark>
                <name>Telemetry 17</name>
                <styleUrl>#modifiedtelemetry</styleUrl>
                <TimeSpan>
                  <begin>2026-10-03T16:14:59.743582+00:00</begin>
                  <end>2026-10-03T16:15:00.743582+00:00</end>
                </TimeSpan>
                <Point>
                  <coordinates>-80.57751114071674,37.19631735230622,0</coordinates>
                </Point>
              </Placemark>
              <Placemark>
                <name>Telemetry 18</name>
                <styleUrl>#modifiedtelemetry</styleUrl>
                <TimeSpan>
                  <begin>2026-10-03T16:15:00.743582+00:00</begin>
                  <end>2026-10-03T16:15:01.743582+00:00</end>
                </TimeSpan>
                <Point>
                  <coordinates>-80.57742677046657,37.19631370494702,0</coordinates>
                </Point>
              </Placemark>
              <Placemark>
                <name>Telemetry 19</name>
                <styleUrl>#modifiedtelemetry</styleUrl>
                <TimeSpan>
                  <begin>2026-10-03T16:15:01.743582+00:00</begin>
                  <end>2026-10-03T16:15:02.743582+00:00</end>
                </TimeSpan>
                <Point>
                  <coordinates>-80.5773706,37.1963054,0</coordinates>
                </Point>
              </Placemark>
              <Placemark>
                <name>Telemetry 20</name>
                <styleUrl>#modifiedtelemetry</styleUrl>
                <TimeSpan>
                  <begin>2026-10-03T16:15:02.743582+00:00</begin>
                  <end>2026-10-03T16:15:03.743582+00:00</end>
                </TimeSpan>
                <Point>
                  <coordinates>-80.5771453,37.1963577,0</coordinates>
                </Point>
              </Placemark>
              <Placemark>
                <name>Telemetry 21</name>
                <styleUrl>#modifiedtelemetry</styleUrl>
                <TimeSpan>
                  <begin>2026-10-03T16:15:03.743582+00:00</begin>
                  <end>2026-10-03T16:15:04.743582+00:00</end>
                </TimeSpan>
                <Point>
                  <coordinates>-80.5771265,37.1965735,0</coordinates>
                </Point>
              </Placemark>
              <Placemark>
                <name>Telemetry 22</name>
                <styleUrl>#modifiedtelemetry</styleUrl>
                <TimeSpan>
                  <begin>2026-10-03T16:15:04.743582+00:00</begin>
                  <end>2026-10-03T16:15:05.743582+00:00</end>
                </TimeSpan>
                <Point>
                  <coordinates>-80.57744590087025,37.19665029738701,0</coordinates>
                </Point>
              </Placemark>
              <Placemark>
                <name>Telemetry 23</name>
                <styleUrl>#modifiedtelemetry</styleUrl>
                <TimeSpan>
                  <begin>2026-10-03T16:15:05.743582+00:00</begin>
                  <end>2026-10-03T16:15:06.743582+00:00</end>
                </TimeSpan>
                <Point>
                  <coordinates>-80.5776442,37.1966013,0</coordinates>
                </Point>
              </Placemark>
              <Placemark>
                <name>Telemetry 24</name>
                <styleUrl>#modifiedtelemetry</styleUrl>
                <TimeSpan>
                  <begin>2026-10-03T16:15:06.743582+00:00</begin>
                  <end>2026-10-03T16:15:07.743582+00:00</end>
                </TimeSpan>
                <Point>
                  <coordinates>-80.57776806176655,37.1964375298218,0</coordinates>
                </Point>
              </Placemark>
              <Placemark>
                <name>Telemetry 25</name>
                <styleUrl>#modifiedtelemetry</styleUrl>
                <TimeSpan>
                  <begin>2026-10-03T16:15:07.743582+00:00</begin>
                  <end>2026-10-03T16:15:08.743582+00:00</end>
                </TimeSpan>
                <Point>
                  <coordinates>-80.57784172323511,37.1962376762061,0</coordinates>
                </Point>
              </Placemark>
              <Placemark>
                <name>Telemetry 26</name>
                <styleUrl>#modifiedtelemetry</styleUrl>
                <TimeSpan>
                  <begin>2026-10-03T16:15:08.743582+00:00</begin>
                  <end>2026-10-03T16:15:09.743582+00:00</end>
                </TimeSpan>
                <Point>
                  <coordinates>-80.5777311,37.1960563,0</coordinates>
                </Point>
              </Placemark>
              <Placemark>
                <name>Telemetry 27</name>
                <styleUrl>#modifiedtelemetry</styleUrl>
                <TimeSpan>
                  <begin>2026-10-03T16:15:09.743582+00:00</begin>
                  <end>2026-10-03T16:15:10.743582+00:00</end>
                </TimeSpan>
                <Point>
                  <coordinates>-80.57739321491916,37.19605837098315,0</coordinates>
                </Point>
              </Placemark>
              <Placemark>
                <name>Telemetry 28</name>
                <styleUrl>#modifiedtelemetry</styleUrl>
                <TimeSpan>
                  <begin>2026-10-03T16:15:10.743582+00:00</begin>
                  <end>2026-10-03T16:15:11.743582+00:00</end>
                </TimeSpan>
                <Point>
                  <coordinates>-80.5771357,37.1961151,0</coordinates>
                </Point>
              </Placemark>
              <Placemark>
                <name>Telemetry 29</name>
                <styleUrl>#modifiedtelemetry</styleUrl>
                <TimeSpan>
                  <begin>2026-10-03T16:15:11.743582+00:00</begin>
                  <end>2026-10-03T16:15:12.743582+00:00</end>
                </TimeSpan>
                <Point>
                  <coordinates>-80.5769627,37.1962283,0</coordinates>
                </Point>
              </Placemark>
              <Placemark>
                <name>Telemetry 30</name>
                <styleUrl>#modifiedtelemetry</styleUrl>
                <TimeSpan>
                  <begin>2026-10-03T16:15:12.743582+00:00</begin>
                  <end>2026-10-03T16:15:13.743582+00:00</end>
                </TimeSpan>
                <Point>
                  <coordinates>-80.5769184,37.1963885,0</coordinates>
                </Point>
              </Placemark>
              <Placemark>
                <name>Telemetry 31</name>
                <styleUrl>#modifiedtelemetry</styleUrl>
                <TimeSpan>
                  <begin>2026-10-03T16:15:13.743582+00:00</begin>
                  <end>2026-10-03T16:15:14.743582+00:00</end>
                </TimeSpan>
                <Point>
                  <coordinates>-80.5767347,37.1964356,0</coordinates>
                </Point>
              </Placemark>
              <Placemark>
                <name>Telemetry 32</name>
                <styleUrl>#modifiedtelemetry</styleUrl>
                <TimeSpan>
                  <begin>2026-10-03T16:15:14.743582+00:00</begin>
                  <end>2026-10-03T16:15:15.743582+00:00</end>
                </TimeSpan>
                <Point>
                  <coordinates>-80.5766366,37.1963538,0</coordinates>
                </Point>
              </Placemark>
              <Placemark>
                <name>Telemetry 33</name>
                <styleUrl>#modifiedtelemetry</styleUrl>
                <TimeSpan>
                  <begin>2026-10-03T16:15:15.743582+00:00</begin>
                  <end>2026-10-03T16:15:16.743582+00:00</end>
                </TimeSpan>
                <Point>
                  <coordinates>-80.5766634,37.1962096,0</coordinates>
                </Point>
              </Placemark>
              <Placemark>
                <name>Telemetry 34</name>
                <styleUrl>#modifiedtelemetry</styleUrl>
                <TimeSpan>
                  <begin>2026-10-03T16:15:16.743582+00:00</begin>
                  <end>2026-10-03T16:15:17.743582+00:00</end>
                </TimeSpan>
                <Point>
                  <coordinates>-80.5767707,37.1961284,0</coordinates>
                </Point>
              </Placemark>
              <Placemark>
                <name>Telemetry 35</name>
                <styleUrl>#modifiedtelemetry</styleUrl>
                <TimeSpan>
                  <begin>2026-10-03T16:15:17.743582+00:00</begin>
                  <end>2026-10-03T16:15:18.743582+00:00</end>
                </TimeSpan>
                <Point>
                  <coordinates>-80.5768887,37.1960493,0</coordinates>
                </Point>
              </Placemark>
              <Placemark>
                <name>Telemetry 36</name>
                <styleUrl>#modifiedtelemetry</styleUrl>
                <TimeSpan>
                  <begin>2026-10-03T16:15:18.743582+00:00</begin>
                  <end>2026-10-03T16:15:19.743582+00:00</end>
                </TimeSpan>
                <Point>
                  <coordinates>-80.5770684,37.1959745,0</coordinates>
                </Point>
              </Placemark>
              <Placemark>
                <name>Telemetry 37</name>
                <styleUrl>#modifiedtelemetry</styleUrl>
                <TimeSpan>
                  <begin>2026-10-03T16:15:19.743582+00:00</begin>
                  <end>2026-10-03T16:15:20.743582+00:00</end>
                </TimeSpan>
                <Point>
                  <coordinates>-80.5771757,37.19596070000001,0</coordinates>
                </Point>
              </Placemark>
              <Placemark>
                <name>Telemetry 38</name>
                <styleUrl>#modifiedtelemetry</styleUrl>
                <TimeSpan>
                  <begin>2026-10-03T16:15:20.743582+00:00</begin>
                  <end>2026-10-03T16:15:21.743582+00:00</end>
                </TimeSpan>
                <Point>
                  <coordinates>-80.5772937,37.19598200000001,0</coordinates>
                </Point>
              </Placemark>
              <Placemark>
                <name>Telemetry 39</name>
                <styleUrl>#modifiedtelemetry</styleUrl>
                <TimeSpan>
                  <begin>2026-10-03T16:15:21.743582+00:00</begin>
                  <end>2026-10-03T16:15:22.743582+00:00</end>
                </TimeSpan>
                <Point>
                  <coordinates>-80.5773326,37.1960942,0</coordinates>
                </Point>
              </Placemark>
              <Placemark>
                <name>Telemetry 40</name>
                <styleUrl>#modifiedtelemetry</styleUrl>
                <TimeSpan>
                  <begin>2026-10-03T16:15:22.743582+00:00</begin>
                  <end>2026-10-03T16:15:23.743582+00:00</end>
                </TimeSpan>
                <Point>
                  <coordinates>-80.577283,37.19619780000001,0</coordinates>
                </Point>
              </Placemark>
              <Placemark>
                <name>Telemetry 41</name>
                <styleUrl>#modifiedtelemetry</styleUrl>
                <TimeSpan>
                  <begin>2026-10-03T16:15:23.743582+00:00</begin>
                  <end>2026-10-03T16:15:24.743582+00:00</end>
                </TimeSpan>
                <Point>
                  <coordinates>-80.5772602,37.1963495,0</coordinates>
                </Point>
              </Placemark>
              <Placemark>
                <name>Telemetry 42</name>
                <styleUrl>#modifiedtelemetry</styleUrl>
                <TimeSpan>
                  <begin>2026-10-03T16:15:24.743582+00:00</begin>
                  <end>2026-10-03T16:15:25.743582+00:00</end>
                </TimeSpan>
                <Point>
                  <coordinates>-80.5772817,37.1964692,0</coordinates>
                </Point>
              </Placemark>
              <Placemark>
                <name>Telemetry 43</name>
                <styleUrl>#modifiedtelemetry</styleUrl>
                <TimeSpan>
                  <begin>2026-10-03T16:15:25.743582+00:00</begin>
                  <end>2026-10-03T16:15:26.743582+00:00</end>
                </TimeSpan>
                <Point>
                  <coordinates>-80.5773863,37.1965546,0</coordinates>
                </Point>
              </Placemark>
              <Placemark>
                <name>Telemetry 44</name>
                <styleUrl>#modifiedtelemetry</styleUrl>
                <TimeSpan>
                  <begin>2026-10-03T16:15:26.743582+00:00</begin>
                  <end>2026-10-03T16:15:27.743582+00:00</end>
                </TimeSpan>
                <Point>
                  <coordinates>-80.5775406,37.1965589,0</coordinates>
                </Point>
              </Placemark>
              <Placemark>
                <name>Telemetry 45</name>
                <styleUrl>#modifiedtelemetry</styleUrl>
                <TimeSpan>
                  <begin>2026-10-03T16:15:27.743582+00:00</begin>
                  <end>2026-10-03T16:15:28.743582+00:00</end>
                </TimeSpan>
                <Point>
                  <coordinates>-80.57763850000002,37.1965782,0</coordinates>
                </Point>
              </Placemark>
              <Placemark>
                <name>Telemetry 46</name>
                <styleUrl>#modifiedtelemetry</styleUrl>
                <TimeSpan>
                  <begin>2026-10-03T16:15:28.743582+00:00</begin>
                  <end>2026-10-03T16:15:29.743582+00:00</end>
                </TimeSpan>
                <Point>
                  <coordinates>-80.57763850000002,37.1966679,0</coordinates>
                </Point>
              </Placemark>
              <Placemark>
                <name>Telemetry 47</name>
                <styleUrl>#modifiedtelemetry</styleUrl>
                <TimeSpan>
                  <begin>2026-10-03T16:15:29.743582+00:00</begin>
                  <end>2026-10-03T16:15:30.743582+00:00</end>
                </TimeSpan>
                <Point>
                  <coordinates>-80.5775473,37.1967074,0</coordinates>
                </Point>
              </Placemark>
              <Placemark>
                <name>Telemetry 48</name>
                <styleUrl>#modifiedtelemetry</styleUrl>
                <TimeSpan>
                  <begin>2026-10-03T16:15:30.743582+00:00</begin>
                  <end>2026-10-03T16:15:31.743582+00:00</end>
                </TimeSpan>
                <Point>
                  <coordinates>-80.5773823,37.1966967,0</coordinates>
                </Point>
              </Placemark>
              <Placemark>
                <name>Telemetry 49</name>
                <styleUrl>#modifiedtelemetry</styleUrl>
                <TimeSpan>
                  <begin>2026-10-03T16:15:31.743582+00:00</begin>
                  <end>2026-10-03T16:15:32.743582+00:00</end>
                </TimeSpan>
                <Point>
                  <coordinates>-80.5773421,37.1966241,0</coordinates>
                </Point>
              </Placemark>
              <Placemark>
                <name>Telemetry 50</name>
                <styleUrl>#modifiedtelemetry</styleUrl>
                <TimeSpan>
                  <begin>2026-10-03T16:15:32.743582+00:00</begin>
                  <end>2026-10-03T16:15:33.743582+00:00</end>
                </TimeSpan>
                <Point>
                  <coordinates>-80.5773005,37.196528,0</coordinates>
                </Point>
              </Placemark>
              <Placemark>
                <name>Telemetry 51</name>
                <styleUrl>#modifiedtelemetry</styleUrl>
                <TimeSpan>
                  <begin>2026-10-03T16:15:33.743582+00:00</begin>
                  <end>2026-10-03T16:15:34.743582+00:00</end>
                </TimeSpan>
                <Point>
                  <coordinates>-80.5771557,37.1965055,0</coordinates>
                </Point>
              </Placemark>
              <Placemark>
                <name>Telemetry 52</name>
                <styleUrl>#modifiedtelemetry</styleUrl>
                <TimeSpan>
                  <begin>2026-10-03T16:15:34.743582+00:00</begin>
                  <end>2026-10-03T16:15:35.743582+00:00</end>
                </TimeSpan>
                <Point>
                  <coordinates>-80.5770457,37.19654400000001,0</coordinates>
                </Point>
              </Placemark>
              <Placemark>
                <name>Telemetry 53</name>
                <styleUrl>#modifiedtelemetry</styleUrl>
                <TimeSpan>
                  <begin>2026-10-03T16:15:35.743582+00:00</begin>
                  <end>2026-10-03T16:15:36.743582+00:00</end>
                </TimeSpan>
                <Point>
                  <coordinates>-80.5768834,37.19654500000001,0</coordinates>
                </Point>
              </Placemark>
              <Placemark>
                <name>Telemetry 54</name>
                <styleUrl>#modifiedtelemetry</styleUrl>
                <TimeSpan>
                  <begin>2026-10-03T16:15:36.743582+00:00</begin>
                  <end>2026-10-03T16:15:37.743582+00:00</end>
                </TimeSpan>
                <Point>
                  <coordinates>-80.5767869,37.1964831,0</coordinates>
                </Point>
              </Placemark>
              <Placemark>
                <name>Telemetry 55</name>
                <styleUrl>#modifiedtelemetry</styleUrl>
                <TimeSpan>
                  <begin>2026-10-03T16:15:37.743582+00:00</begin>
                  <end>2026-10-03T16:15:38.743582+00:00</end>
                </TimeSpan>
                <Point>
                  <coordinates>-80.5767547,37.1964083,0</coordinates>
                </Point>
              </Placemark>
              <Placemark>
                <name>Telemetry 56</name>
                <styleUrl>#modifiedtelemetry</styleUrl>
                <TimeSpan>
                  <begin>2026-10-03T16:15:38.743582+00:00</begin>
                  <end>2026-10-03T16:15:39.743582+00:00</end>
                </TimeSpan>
                <Point>
                  <coordinates>-80.5767587,37.1963228,0</coordinates>
                </Point>
              </Placemark>
              <Placemark>
                <name>Telemetry 57</name>
                <styleUrl>#modifiedtelemetry</styleUrl>
                <TimeSpan>
                  <begin>2026-10-03T16:15:39.743582+00:00</begin>
                  <end>2026-10-03T16:15:40.743582+00:00</end>
                </TimeSpan>
                <Point>
                  <coordinates>-80.5767587,37.1961893,0</coordinates>
                </Point>
              </Placemark>
              <Placemark>
                <name>Telemetry 58</name>
                <styleUrl>#modifiedtelemetry</styleUrl>
                <TimeSpan>
                  <begin>2026-10-03T16:15:40.743582+00:00</begin>
                  <end>2026-10-03T16:15:41.743582+00:00</end>
                </TimeSpan>
                <Point>
                  <coordinates>-80.5766836,37.1961348,0</coordinates>
                </Point>
              </Placemark>
              <Placemark>
                <name>Telemetry 59</name>
                <styleUrl>#modifiedtelemetry</styleUrl>
                <TimeSpan>
                  <begin>2026-10-03T16:15:41.743582+00:00</begin>
                  <end>2026-10-03T16:15:42.743582+00:00</end>
                </TimeSpan>
                <Point>
                  <coordinates>-80.5766836,37.1960205,0</coordinates>
                </Point>
              </Placemark>
              <Placemark>
                <name>Telemetry 60</name>
                <styleUrl>#modifiedtelemetry</styleUrl>
                <TimeSpan>
                  <begin>2026-10-03T16:15:42.743582+00:00</begin>
                  <end>2026-10-03T16:15:43.743582+00:00</end>
                </TimeSpan>
                <Point>
                  <coordinates>-80.5767896,37.1960077,0</coordinates>
                </Point>
              </Placemark>
              <Placemark>
                <name>Telemetry 61</name>
                <styleUrl>#modifiedtelemetry</styleUrl>
                <TimeSpan>
                  <begin>2026-10-03T16:15:43.743582+00:00</begin>
                  <end>2026-10-03T16:15:44.743582+00:00</end>
                </TimeSpan>
                <Point>
                  <coordinates>-80.5769277,37.1959671,0</coordinates>
                </Point>
              </Placemark>
              <Placemark>
                <name>Telemetry 62</name>
                <styleUrl>#modifiedtelemetry</styleUrl>
                <TimeSpan>
                  <begin>2026-10-03T16:15:44.743582+00:00</begin>
                  <end>2026-10-03T16:15:45.743582+00:00</end>
                </TimeSpan>
                <Point>
                  <coordinates>-80.5770806,37.1959051,0</coordinates>
                </Point>
              </Placemark>
              <Placemark>
                <name>Telemetry 63</name>
                <styleUrl>#modifiedtelemetry</styleUrl>
                <TimeSpan>
                  <begin>2026-10-03T16:15:45.743582+00:00</begin>
                  <end>2026-10-03T16:15:46.743582+00:00</end>
                </TimeSpan>
                <Point>
                  <coordinates>-80.5771999,37.195896600000005,0</coordinates>
                </Point>
              </Placemark>
            </Folder>
          </Folder>
        </Folder>
        <Folder>
          <name>Service Provider polling</name>
        </Folder>
        <Folder>
          <name>Service Provider polling</name>
        </Folder>
        <Folder>
          <name>Service Provider polling</name>
        </Folder>
        <Folder>
          <name>Service Provider polling</name>
        </Folder>
        <Folder>
          <name>Service Provider polling</name>
        </Folder>
        <Folder>
          <name>Verify operator notification</name>
        </Folder>
        <Folder>
          <name>Intermediate cleanup</name>
        </Folder>
        <Folder>
          <name>Retrieve pre-existing operator notification</name>
        </Folder>
        <Folder>
          <name>Injection</name>
          <Folder>
            <name>E64: uss2 interuss.automated_testing.rid.v1.injection.createTest</name>
            <Folder>
              <name>Test flight 84b9f48c-3fda-4229-9334-24e95f9c4ec9</name>
              <Placemark>
                <name>Telemetry 0</name>
                <styleUrl>#modifiedtelemetry</styleUrl>
                <TimeSpan>
                  <begin>2026-10-03T16:14:53.361998+00:00</begin>
                  <end>2026-10-03T16:14:54.361998+00:00</end>
                </TimeSpan>
                <Point>
                  <coordinates>-80.57798081614081,37.197059404721635,0</coordinates>
                </Point>
              </Placemark>
              <Placemark>
                <name>Telemetry 1</name>
                <styleUrl>#modifiedtelemetry</styleUrl>
                <TimeSpan>
                  <begin>2026-10-03T16:14:54.361998+00:00</begin>
                  <end>2026-10-03T16:14:55.361998+00:00</end>
                </TimeSpan>
                <Point>
                  <coordinates>-80.57798798375362,37.197016214133484,0</coordinates>
                </Point>
              </Placemark>
              <Placemark>
                <name>Telemetry 2</name>
                <styleUrl>#modifiedtelemetry</styleUrl>
                <TimeSpan>
                  <begin>2026-10-03T16:14:55.361998+00:00</begin>
                  <end>2026-10-03T16:14:56.361998+00:00</end>
                </TimeSpan>
                <Point>
                  <coordinates>-80.57800212690604,37.196972734164305,0</coordinates>
                </Point>
              </Placemark>
              <Placemark>
                <name>Telemetry 3</name>
                <styleUrl>#modifiedtelemetry</styleUrl>
                <TimeSpan>
                  <begin>2026-10-03T16:14:56.361998+00:00</begin>
                  <end>2026-10-03T16:14:57.361998+00:00</end>
                </TimeSpan>
                <Point>
                  <coordinates>-80.57802342452034,37.196931703788785,0</coordinates>
                </Point>
              </Placemark>
              <Placemark>
                <name>Telemetry 4</name>
                <styleUrl>#modifiedtelemetry</styleUrl>
                <TimeSpan>
                  <begin>2026-10-03T16:14:57.361998+00:00</begin>
                  <end>2026-10-03T16:14:58.361998+00:00</end>
                </TimeSpan>
                <Point>
                  <coordinates>-80.57805344862881,37.19689368575391,0</coordinates>
                </Point>
              </Placemark>
              <Placemark>
                <name>Telemetry 5</name>
                <styleUrl>#modifiedtelemetry</styleUrl>
                <TimeSpan>
                  <begin>2026-10-03T16:14:58.361998+00:00</begin>
                  <end>2026-10-03T16:14:59.361998+00:00</end>
                </TimeSpan>
                <Point>
                  <coordinates>-80.57808720822365,37.19685213076737,0</coordinates>
                </Point>
              </Placemark>
              <Placemark>
                <name>Telemetry 6</name>
                <styleUrl>#modifiedtelemetry</styleUrl>
                <TimeSpan>
                  <begin>2026-10-03T16:14:59.361998+00:00</begin>
                  <end>2026-10-03T16:15:00.361998+00:00</end>
                </TimeSpan>
                <Point>
                  <coordinates>-80.57811722777369,37.19680923519623,0</coordinates>
                </Point>
              </Placemark>
              <Placemark>
                <name>Telemetry 7</name>
                <styleUrl>#modifiedtelemetry</styleUrl>
                <TimeSpan>
                  <begin>2026-10-03T16:15:00.361998+00:00</begin>
                  <end>2026-10-03T16:15:01.361998+00:00</end>
                </TimeSpan>
                <Point>
                  <coordinates>-80.5781323958596,37.1967658046547,0</coordinates>
                </Point>
              </Placemark>
              <Placemark>
                <name>Telemetry 8</name>
                <styleUrl>#modifiedtelemetry</styleUrl>
                <TimeSpan>
                  <begin>2026-10-03T16:15:01.361998+00:00</begin>
                  <end>2026-10-03T16:15:02.361998+00:00</end>
                </TimeSpan>
                <Point>
                  <coordinates>-80.57814392771789,37.19670166260832,0</coordinates>
                </Point>
              </Placemark>
              <Placemark>
                <name>Telemetry 9</name>
                <styleUrl>#modifiedtelemetry</styleUrl>
                <TimeSpan>
                  <begin>2026-10-03T16:15:02.361998+00:00</begin>
                  <end>2026-10-03T16:15:03.361998+00:00</end>
                </TimeSpan>
                <Point>
                  <coordinates>-80.57812974002694,37.19663489860375,0</coordinates>
                </Point>
              </Placemark>
              <Placemark>
                <name>Telemetry 10</name>
                <styleUrl>#modifiedtelemetry</styleUrl>
                <TimeSpan>
                  <begin>2026-10-03T16:15:03.361998+00:00</begin>
                  <end>2026-10-03T16:15:04.361998+00:00</end>
                </TimeSpan>
                <Point>
                  <coordinates>-80.57808680009781,37.19657292090538,0</coordinates>
                </Point>
              </Placemark>
              <Placemark>
                <name>Telemetry 11</name>
                <styleUrl>#modifiedtelemetry</styleUrl>
                <TimeSpan>
                  <begin>2026-10-03T16:15:04.361998+00:00</begin>
                  <end>2026-10-03T16:15:05.361998+00:00</end>
                </TimeSpan>
                <Point>
                  <coordinates>-80.57801685035301,37.19652877181478,0</coordinates>
                </Point>
              </Placemark>
              <Placemark>
                <name>Telemetry 12</name>
                <styleUrl>#modifiedtelemetry</styleUrl>
                <TimeSpan>
                  <begin>2026-10-03T16:15:05.361998+00:00</begin>
                  <end>2026-10-03T16:15:06.361998+00:00</end>
                </TimeSpan>
                <Point>
                  <coordinates>-80.57795541973255,37.19650790849303,0</coordinates>
                </Point>
              </Placemark>
              <Placemark>
                <name>Telemetry 13</name>
                <styleUrl>#modifiedtelemetry</styleUrl>
                <TimeSpan>
                  <begin>2026-10-03T16:15:06.361998+00:00</begin>
                  <end>2026-10-03T16:15:07.361998+00:00</end>
                </TimeSpan>
                <Point>
                  <coordinates>-80.57779490248247,37.19643592110631,0</coordinates>
                </Point>
              </Placemark>
              <Placemark>
                <name>Telemetry 14</name>
                <styleUrl>#modifiedtelemetry</styleUrl>
                <TimeSpan>
                  <begin>2026-10-03T16:15:07.361998+00:00</begin>
                  <end>2026-10-03T16:15:08.361998+00:00</end>
                </TimeSpan>
                <Point>
                  <coordinates>-80.57771381708879,37.19639543761661,0</coordinates>
                </Point>
              </Placemark>
              <Placemark>
                <name>Telemetry 15</name>
                <styleUrl>#modifiedtelemetry</styleUrl>
                <TimeSpan>
                  <begin>2026-10-03T16:15:08.361998+00:00</begin>
                  <end>2026-10-03T16:15:09.361998+00:00</end>
                </TimeSpan>
                <Point>
                  <coordinates>-80.5776456115435,37.19635960981006,0</coordinates>
                </Point>
              </Placemark>
              <Placemark>
                <name>Telemetry 16</name>
                <styleUrl>#modifiedtelemetry</styleUrl>
                <TimeSpan>
                  <begin>2026-10-03T16:15:09.361998+00:00</begin>
                  <end>2026-10-03T16:15:10.361998+00:00</end>
                </TimeSpan>
                <Point>
                  <coordinates>-80.57757190904874,37.19632841915715,0</coordinates>
                </Point>
              </Placemark>
              <Placemark>
                <name>Telemetry 17</name>
                <styleUrl>#modifiedtelemetry</styleUrl>
                <TimeSpan>
                  <begin>2026-10-03T16:15:10.361998+00:00</begin>
                  <end>2026-10-03T16:15:11.361998+00:00</end>
                </TimeSpan>
                <Point>
                  <coordinates>-80.57751114071674,37.19631735230622,0</coordinates>
                </Point>
              </Placemark>
              <Placemark>
                <name>Telemetry 18</name>
                <styleUrl>#modifiedtelemetry</styleUrl>
                <TimeSpan>
                  <begin>2026-10-03T16:15:11.361998+00:00</begin>
                  <end>2026-10-03T16:15:12.361998+00:00</end>
                </TimeSpan>
                <Point>
                  <coordinates>-80.57742677046657,37.19631370494702,0</coordinates>
                </Point>
              </Placemark>
              <Placemark>
                <name>Telemetry 19</name>
                <styleUrl>#modifiedtelemetry</styleUrl>
                <TimeSpan>
                  <begin>2026-10-03T16:15:12.361998+00:00</begin>
                  <end>2026-10-03T16:15:13.361998+00:00</end>
                </TimeSpan>
                <Point>
                  <coordinates>-80.5773706,37.1963054,0</coordinates>
                </Point>
              </Placemark>
              <Placemark>
                <name>Telemetry 20</name>
                <styleUrl>#modifiedtelemetry</styleUrl>
                <TimeSpan>
                  <begin>2026-10-03T16:15:13.361998+00:00</begin>
                  <end>2026-10-03T16:15:14.361998+00:00</end>
                </TimeSpan>
                <Point>
                  <coordinates>-80.5771453,37.1963577,0</coordinates>
                </Point>
              </Placemark>
              <Placemark>
                <name>Telemetry 21</name>
                <styleUrl>#modifiedtelemetry</styleUrl>
                <TimeSpan>
                  <begin>2026-10-03T16:15:14.361998+00:00</begin>
                  <end>2026-10-03T16:15:15.361998+00:00</end>
                </TimeSpan>
                <Point>
                  <coordinates>-80.5771265,37.1965735,0</coordinates>
                </Point>
              </Placemark>
              <Placemark>
                <name>Telemetry 22</name>
                <styleUrl>#modifiedtelemetry</styleUrl>
                <TimeSpan>
                  <begin>2026-10-03T16:15:15.361998+00:00</begin>
                  <end>2026-10-03T16:15:16.361998+00:00</end>
                </TimeSpan>
                <Point>
                  <coordinates>-80.57744590087025,37.19665029738701,0</coordinates>
                </Point>
              </Placemark>
              <Placemark>
                <name>Telemetry 23</name>
                <styleUrl>#modifiedtelemetry</styleUrl>
                <TimeSpan>
                  <begin>2026-10-03T16:15:16.361998+00:00</begin>
                  <end>2026-10-03T16:15:17.361998+00:00</end>
                </TimeSpan>
                <Point>
                  <coordinates>-80.5776442,37.1966013,0</coordinates>
                </Point>
              </Placemark>
              <Placemark>
                <name>Telemetry 24</name>
                <styleUrl>#modifiedtelemetry</styleUrl>
                <TimeSpan>
                  <begin>2026-10-03T16:15:17.361998+00:00</begin>
                  <end>2026-10-03T16:15:18.361998+00:00</end>
                </TimeSpan>
                <Point>
                  <coordinates>-80.57776806176655,37.1964375298218,0</coordinates>
                </Point>
              </Placemark>
              <Placemark>
                <name>Telemetry 25</name>
                <styleUrl>#modifiedtelemetry</styleUrl>
                <TimeSpan>
                  <begin>2026-10-03T16:15:18.361998+00:00</begin>
                  <end>2026-10-03T16:15:19.361998+00:00</end>
                </TimeSpan>
                <Point>
                  <coordinates>-80.57784172323511,37.1962376762061,0</coordinates>
                </Point>
              </Placemark>
              <Placemark>
                <name>Telemetry 26</name>
                <styleUrl>#modifiedtelemetry</styleUrl>
                <TimeSpan>
                  <begin>2026-10-03T16:15:19.361998+00:00</begin>
                  <end>2026-10-03T16:15:20.361998+00:00</end>
                </TimeSpan>
                <Point>
                  <coordinates>-80.5777311,37.1960563,0</coordinates>
                </Point>
              </Placemark>
              <Placemark>
                <name>Telemetry 27</name>
                <styleUrl>#modifiedtelemetry</styleUrl>
                <TimeSpan>
                  <begin>2026-10-03T16:15:20.361998+00:00</begin>
                  <end>2026-10-03T16:15:21.361998+00:00</end>
                </TimeSpan>
                <Point>
                  <coordinates>-80.57739321491916,37.19605837098315,0</coordinates>
                </Point>
              </Placemark>
              <Placemark>
                <name>Telemetry 28</name>
                <styleUrl>#modifiedtelemetry</styleUrl>
                <TimeSpan>
                  <begin>2026-10-03T16:15:21.361998+00:00</begin>
                  <end>2026-10-03T16:15:22.361998+00:00</end>
                </TimeSpan>
                <Point>
                  <coordinates>-80.5771357,37.1961151,0</coordinates>
                </Point>
              </Placemark>
              <Placemark>
                <name>Telemetry 29</name>
                <styleUrl>#modifiedtelemetry</styleUrl>
                <TimeSpan>
                  <begin>2026-10-03T16:15:22.361998+00:00</begin>
                  <end>2026-10-03T16:15:23.361998+00:00</end>
                </TimeSpan>
                <Point>
                  <coordinates>-80.5769627,37.1962283,0</coordinates>
                </Point>
              </Placemark>
              <Placemark>
                <name>Telemetry 30</name>
                <styleUrl>#modifiedtelemetry</styleUrl>
                <TimeSpan>
                  <begin>2026-10-03T16:15:23.361998+00:00</begin>
                  <end>2026-10-03T16:15:24.361998+00:00</end>
                </TimeSpan>
                <Point>
                  <coordinates>-80.5769184,37.1963885,0</coordinates>
                </Point>
              </Placemark>
              <Placemark>
                <name>Telemetry 31</name>
                <styleUrl>#modifiedtelemetry</styleUrl>
                <TimeSpan>
                  <begin>2026-10-03T16:15:24.361998+00:00</begin>
                  <end>2026-10-03T16:15:25.361998+00:00</end>
                </TimeSpan>
                <Point>
                  <coordinates>-80.5767347,37.1964356,0</coordinates>
                </Point>
              </Placemark>
              <Placemark>
                <name>Telemetry 32</name>
                <styleUrl>#modifiedtelemetry</styleUrl>
                <TimeSpan>
                  <begin>2026-10-03T16:15:25.361998+00:00</begin>
                  <end>2026-10-03T16:15:26.361998+00:00</end>
                </TimeSpan>
                <Point>
                  <coordinates>-80.5766366,37.1963538,0</coordinates>
                </Point>
              </Placemark>
              <Placemark>
                <name>Telemetry 33</name>
                <styleUrl>#modifiedtelemetry</styleUrl>
                <TimeSpan>
                  <begin>2026-10-03T16:15:26.361998+00:00</begin>
                  <end>2026-10-03T16:15:27.361998+00:00</end>
                </TimeSpan>
                <Point>
                  <coordinates>-80.5766634,37.1962096,0</coordinates>
                </Point>
              </Placemark>
              <Placemark>
                <name>Telemetry 34</name>
                <styleUrl>#modifiedtelemetry</styleUrl>
                <TimeSpan>
                  <begin>2026-10-03T16:15:27.361998+00:00</begin>
                  <end>2026-10-03T16:15:28.361998+00:00</end>
                </TimeSpan>
                <Point>
                  <coordinates>-80.5767707,37.1961284,0</coordinates>
                </Point>
              </Placemark>
              <Placemark>
                <name>Telemetry 35</name>
                <styleUrl>#modifiedtelemetry</styleUrl>
                <TimeSpan>
                  <begin>2026-10-03T16:15:28.361998+00:00</begin>
                  <end>2026-10-03T16:15:29.361998+00:00</end>
                </TimeSpan>
                <Point>
                  <coordinates>-80.5768887,37.1960493,0</coordinates>
                </Point>
              </Placemark>
              <Placemark>
                <name>Telemetry 36</name>
                <styleUrl>#modifiedtelemetry</styleUrl>
                <TimeSpan>
                  <begin>2026-10-03T16:15:29.361998+00:00</begin>
                  <end>2026-10-03T16:15:30.361998+00:00</end>
                </TimeSpan>
                <Point>
                  <coordinates>-80.5770684,37.1959745,0</coordinates>
                </Point>
              </Placemark>
              <Placemark>
                <name>Telemetry 37</name>
                <styleUrl>#modifiedtelemetry</styleUrl>
                <TimeSpan>
                  <begin>2026-10-03T16:15:30.361998+00:00</begin>
                  <end>2026-10-03T16:15:31.361998+00:00</end>
                </TimeSpan>
                <Point>
                  <coordinates>-80.5771757,37.19596070000001,0</coordinates>
                </Point>
              </Placemark>
              <Placemark>
                <name>Telemetry 38</name>
                <styleUrl>#modifiedtelemetry</styleUrl>
                <TimeSpan>
                  <begin>2026-10-03T16:15:31.361998+00:00</begin>
                  <end>2026-10-03T16:15:32.361998+00:00</end>
                </TimeSpan>
                <Point>
                  <coordinates>-80.5772937,37.19598200000001,0</coordinates>
                </Point>
              </Placemark>
              <Placemark>
                <name>Telemetry 39</name>
                <styleUrl>#modifiedtelemetry</styleUrl>
                <TimeSpan>
                  <begin>2026-10-03T16:15:32.361998+00:00</begin>
                  <end>2026-10-03T16:15:33.361998+00:00</end>
                </TimeSpan>
                <Point>
                  <coordinates>-80.5773326,37.1960942,0</coordinates>
                </Point>
              </Placemark>
              <Placemark>
                <name>Telemetry 40</name>
                <styleUrl>#modifiedtelemetry</styleUrl>
                <TimeSpan>
                  <begin>2026-10-03T16:15:33.361998+00:00</begin>
                  <end>2026-10-03T16:15:34.361998+00:00</end>
                </TimeSpan>
                <Point>
                  <coordinates>-80.577283,37.19619780000001,0</coordinates>
                </Point>
              </Placemark>
              <Placemark>
                <name>Telemetry 41</name>
                <styleUrl>#modifiedtelemetry</styleUrl>
                <TimeSpan>
                  <begin>2026-10-03T16:15:34.361998+00:00</begin>
                  <end>2026-10-03T16:15:35.361998+00:00</end>
                </TimeSpan>
                <Point>
                  <coordinates>-80.5772602,37.1963495,0</coordinates>
                </Point>
              </Placemark>
              <Placemark>
                <name>Telemetry 42</name>
                <styleUrl>#modifiedtelemetry</styleUrl>
                <TimeSpan>
                  <begin>2026-10-03T16:15:35.361998+00:00</begin>
                  <end>2026-10-03T16:15:36.361998+00:00</end>
                </TimeSpan>
                <Point>
                  <coordinates>-80.5772817,37.1964692,0</coordinates>
                </Point>
              </Placemark>
              <Placemark>
                <name>Telemetry 43</name>
                <styleUrl>#modifiedtelemetry</styleUrl>
                <TimeSpan>
                  <begin>2026-10-03T16:15:36.361998+00:00</begin>
                  <end>2026-10-03T16:15:37.361998+00:00</end>
                </TimeSpan>
                <Point>
                  <coordinates>-80.5773863,37.1965546,0</coordinates>
                </Point>
              </Placemark>
              <Placemark>
                <name>Telemetry 44</name>
                <styleUrl>#modifiedtelemetry</styleUrl>
                <TimeSpan>
                  <begin>2026-10-03T16:15:37.361998+00:00</begin>
                  <end>2026-10-03T16:15:38.361998+00:00</end>
                </TimeSpan>
                <Point>
                  <coordinates>-80.5775406,37.1965589,0</coordinates>
                </Point>
              </Placemark>
              <Placemark>
                <name>Telemetry 45</name>
                <styleUrl>#modifiedtelemetry</styleUrl>
                <TimeSpan>
                  <begin>2026-10-03T16:15:38.361998+00:00</begin>
                  <end>2026-10-03T16:15:39.361998+00:00</end>
                </TimeSpan>
                <Point>
                  <coordinates>-80.57763850000002,37.1965782,0</coordinates>
                </Point>
              </Placemark>
              <Placemark>
                <name>Telemetry 46</name>
                <styleUrl>#modifiedtelemetry</styleUrl>
                <TimeSpan>
                  <begin>2026-10-03T16:15:39.361998+00:00</begin>
                  <end>2026-10-03T16:15:40.361998+00:00</end>
                </TimeSpan>
                <Point>
                  <coordinates>-80.57763850000002,37.1966679,0</coordinates>
                </Point>
              </Placemark>
              <Placemark>
                <name>Telemetry 47</name>
                <styleUrl>#modifiedtelemetry</styleUrl>
                <TimeSpan>
                  <begin>2026-10-03T16:15:40.361998+00:00</begin>
                  <end>2026-10-03T16:15:41.361998+00:00</end>
                </TimeSpan>
                <Point>
                  <coordinates>-80.5775473,37.1967074,0</coordinates>
                </Point>
              </Placemark>
              <Placemark>
                <name>Telemetry 48</name>
                <styleUrl>#modifiedtelemetry</styleUrl>
                <TimeSpan>
                  <begin>2026-10-03T16:15:41.361998+00:00</begin>
                  <end>2026-10-03T16:15:42.361998+00:00</end>
                </TimeSpan>
                <Point>
                  <coordinates>-80.5773823,37.1966967,0</coordinates>
                </Point>
              </Placemark>
              <Placemark>
                <name>Telemetry 49</name>
                <styleUrl>#modifiedtelemetry</styleUrl>
                <TimeSpan>
                  <begin>2026-10-03T16:15:42.361998+00:00</begin>
                  <end>2026-10-03T16:15:43.361998+00:00</end>
                </TimeSpan>
                <Point>
                  <coordinates>-80.5773421,37.1966241,0</coordinates>
                </Point>
              </Placemark>
              <Placemark>
                <name>Telemetry 50</name>
                <styleUrl>#modifiedtelemetry</styleUrl>
                <TimeSpan>
                  <begin>2026-10-03T16:15:43.361998+00:00</begin>
                  <end>2026-10-03T16:15:44.361998+00:00</end>
                </TimeSpan>
                <Point>
                  <coordinates>-80.5773005,37.196528,0</coordinates>
                </Point>
              </Placemark>
              <Placemark>
                <name>Telemetry 51</name>
                <styleUrl>#modifiedtelemetry</styleUrl>
                <TimeSpan>
                  <begin>2026-10-03T16:15:44.361998+00:00</begin>
                  <end>2026-10-03T16:15:45.361998+00:00</end>
                </TimeSpan>
                <Point>
                  <coordinates>-80.5771557,37.1965055,0</coordinates>
                </Point>
              </Placemark>
              <Placemark>
                <name>Telemetry 52</name>
                <styleUrl>#modifiedtelemetry</styleUrl>
                <TimeSpan>
                  <begin>2026-10-03T16:15:45.361998+00:00</begin>
                  <end>2026-10-03T16:15:46.361998+00:00</end>
                </TimeSpan>
                <Point>
                  <coordinates>-80.5770457,37.19654400000001,0</coordinates>
                </Point>
              </Placemark>
              <Placemark>
                <name>Telemetry 53</name>
                <styleUrl>#modifiedtelemetry</styleUrl>
                <TimeSpan>
                  <begin>2026-10-03T16:15:46.361998+00:00</begin>
                  <end>2026-10-03T16:15:47.361998+00:00</end>
                </TimeSpan>
                <Point>
                  <coordinates>-80.5768834,37.19654500000001,0</coordinates>
                </Point>
              </Placemark>
              <Placemark>
                <name>Telemetry 54</name>
                <styleUrl>#modifiedtelemetry</styleUrl>
                <TimeSpan>
                  <begin>2026-10-03T16:15:47.361998+00:00</begin>
                  <end>2026-10-03T16:15:48.361998+00:00</end>
                </TimeSpan>
                <Point>
                  <coordinates>-80.5767869,37.1964831,0</coordinates>
                </Point>
              </Placemark>
              <Placemark>
                <name>Telemetry 55</name>
                <styleUrl>#modifiedtelemetry</styleUrl>
                <TimeSpan>
                  <begin>2026-10-03T16:15:48.361998+00:00</begin>
                  <end>2026-10-03T16:15:49.361998+00:00</end>
                </TimeSpan>
                <Point>
                  <coordinates>-80.5767547,37.1964083,0</coordinates>
                </Point>
              </Placemark>
              <Placemark>
                <name>Telemetry 56</name>
                <styleUrl>#modifiedtelemetry</styleUrl>
                <TimeSpan>
                  <begin>2026-10-03T16:15:49.361998+00:00</begin>
                  <end>2026-10-03T16:15:50.361998+00:00</end>
                </TimeSpan>
                <Point>
                  <coordinates>-80.5767587,37.1963228,0</coordinates>
                </Point>
              </Placemark>
              <Placemark>
                <name>Telemetry 57</name>
                <styleUrl>#modifiedtelemetry</styleUrl>
                <TimeSpan>
                  <begin>2026-10-03T16:15:50.361998+00:00</begin>
                  <end>2026-10-03T16:15:51.361998+00:00</end>
                </TimeSpan>
                <Point>
                  <coordinates>-80.5767587,37.1961893,0</coordinates>
                </Point>
              </Placemark>
              <Placemark>
                <name>Telemetry 58</name>
                <styleUrl>#modifiedtelemetry</styleUrl>
                <TimeSpan>
                  <begin>2026-10-03T16:15:51.361998+00:00</begin>
                  <end>2026-10-03T16:15:52.361998+00:00</end>
                </TimeSpan>
                <Point>
                  <coordinates>-80.5766836,37.1961348,0</coordinates>
                </Point>
              </Placemark>
              <Placemark>
                <name>Telemetry 59</name>
                <styleUrl>#modifiedtelemetry</styleUrl>
                <TimeSpan>
                  <begin>2026-10-03T16:15:52.361998+00:00</begin>
                  <end>2026-10-03T16:15:53.361998+00:00</end>
                </TimeSpan>
                <Point>
                  <coordinates>-80.5766836,37.1960205,0</coordinates>
                </Point>
              </Placemark>
              <Placemark>
                <name>Telemetry 60</name>
                <styleUrl>#modifiedtelemetry</styleUrl>
                <TimeSpan>
                  <begin>2026-10-03T16:15:53.361998+00:00</begin>
                  <end>2026-10-03T16:15:54.361998+00:00</end>
                </TimeSpan>
                <Point>
                  <coordinates>-80.5767896,37.1960077,0</coordinates>
                </Point>
              </Placemark>
              <Placemark>
                <name>Telemetry 61</name>
                <styleUrl>#modifiedtelemetry</styleUrl>
                <TimeSpan>
                  <begin>2026-10-03T16:15:54.361998+00:00</begin>
                  <end>2026-10-03T16:15:55.361998+00:00</end>
                </TimeSpan>
                <Point>
                  <coordinates>-80.5769277,37.1959671,0</coordinates>
                </Point>
              </Placemark>
              <Placemark>
                <name>Telemetry 62</name>
                <styleUrl>#modifiedtelemetry</styleUrl>
                <TimeSpan>
                  <begin>2026-10-03T16:15:55.361998+00:00</begin>
                  <end>2026-10-03T16:15:56.361998+00:00</end>
                </TimeSpan>
                <Point>
                  <coordinates>-80.5770806,37.1959051,0</coordinates>
                </Point>
              </Placemark>
              <Placemark>
                <name>Telemetry 63</name>
                <styleUrl>#modifiedtelemetry</styleUrl>
                <TimeSpan>
                  <begin>2026-10-03T16:15:56.361998+00:00</begin>
                  <end>2026-10-03T16:15:57.361998+00:00</end>
                </TimeSpan>
                <Point>
                  <coordinates>-80.5771999,37.195896600000005,0</coordinates>
                </Point>
              </Placemark>
            </Folder>
          </Folder>
        </Folder>
        <Folder>
          <name>Service Provider polling</name>
        </Folder>
        <Folder>
          <name>Service Provider polling</name>
        </Folder>
        <Folder>
          <name>Service Provider polling</name>
        </Folder>
        <Folder>
          <name>Service Provider polling</name>
        </Folder>
        <Folder>
          <name>Service Provider polling</name>
        </Folder>
        <Folder>
          <name>Verify operator notification</name>
        </Folder>
        <Folder>
          <name>Intermediate cleanup</name>
        </Folder>
        <Folder>
          <name>Retrieve pre-existing operator notification</name>
        </Folder>
        <Folder>
          <name>Injection</name>
          <Folder>
            <name>E84: uss2 interuss.automated_testing.rid.v1.injection.createTest</name>
            <Folder>
              <name>Test flight 935a0200-5343-42a4-8dcf-1ff8c34cd2ae</name>
              <Placemark>
                <name>Telemetry 0</name>
                <styleUrl>#modifiedtelemetry</styleUrl>
                <TimeSpan>
                  <begin>2026-10-03T16:15:04.039802+00:00</begin>
                  <end>2026-10-03T16:15:05.039802+00:00</end>
                </TimeSpan>
                <Point>
                  <coordinates>-80.57798081614081,37.197059404721635,0</coordinates>
                </Point>
              </Placemark>
              <Placemark>
                <name>Telemetry 1</name>
                <styleUrl>#modifiedtelemetry</styleUrl>
                <TimeSpan>
                  <begin>2026-10-03T16:15:05.039802+00:00</begin>
                  <end>2026-10-03T16:15:06.039802+00:00</end>
                </TimeSpan>
                <Point>
                  <coordinates>-80.57798798375362,37.197016214133484,0</coordinates>
                </Point>
              </Placemark>
              <Placemark>
                <name>Telemetry 2</name>
                <styleUrl>#modifiedtelemetry</styleUrl>
                <TimeSpan>
                  <begin>2026-10-03T16:15:06.039802+00:00</begin>
                  <end>2026-10-03T16:15:07.039802+00:00</end>
                </TimeSpan>
                <Point>
                  <coordinates>-80.57800212690604,37.196972734164305,0</coordinates>
                </Point>
              </Placemark>
              <Placemark>
                <name>Telemetry 3</name>
                <styleUrl>#modifiedtelemetry</styleUrl>
                <TimeSpan>
                  <begin>2026-10-03T16:15:07.039802+00:00</begin>
                  <end>2026-10-03T16:15:08.039802+00:00</end>
                </TimeSpan>
                <Point>
                  <coordinates>-80.57802342452034,37.196931703788785,0</coordinates>
                </Point>
              </Placemark>
              <Placemark>
                <name>Telemetry 4</name>
                <styleUrl>#modifiedtelemetry</styleUrl>
                <TimeSpan>
                  <begin>2026-10-03T16:15:08.039802+00:00</begin>
                  <end>2026-10-03T16:15:09.039802+00:00</end>
                </TimeSpan>
                <Point>
                  <coordinates>-80.57805344862881,37.19689368575391,0</coordinates>
                </Point>
              </Placemark>
              <Placemark>
                <name>Telemetry 5</name>
                <styleUrl>#modifiedtelemetry</styleUrl>
                <TimeSpan>
                  <begin>2026-10-03T16:15:09.039802+00:00</begin>
                  <end>2026-10-03T16:15:10.039802+00:00</end>
                </TimeSpan>
                <Point>
                  <coordinates>-80.57808720822365,37.19685213076737,0</coordinates>
                </Point>
              </Placemark>
              <Placemark>
                <name>Telemetry 6</name>
                <styleUrl>#modifiedtelemetry</styleUrl>
                <TimeSpan>
                  <begin>2026-10-03T16:15:10.039802+00:00</begin>
                  <end>2026-10-03T16:15:11.039802+00:00</end>
                </TimeSpan>
                <Point>
                  <coordinates>-80.57811722777369,37.19680923519623,0</coordinates>
                </Point>
              </Placemark>
              <Placemark>
                <name>Telemetry 7</name>
                <styleUrl>#modifiedtelemetry</styleUrl>
                <TimeSpan>
                  <begin>2026-10-03T16:15:11.039802+00:00</begin>
                  <end>2026-10-03T16:15:12.039802+00:00</end>
                </TimeSpan>
                <Point>
                  <coordinates>-80.5781323958596,37.1967658046547,0</coordinates>
                </Point>
              </Placemark>
              <Placemark>
                <name>Telemetry 8</name>
                <styleUrl>#modifiedtelemetry</styleUrl>
                <TimeSpan>
                  <begin>2026-10-03T16:15:12.039802+00:00</begin>
                  <end>2026-10-03T16:15:13.039802+00:00</end>
                </TimeSpan>
                <Point>
                  <coordinates>-80.57814392771789,37.19670166260832,0</coordinates>
                </Point>
              </Placemark>
              <Placemark>
                <name>Telemetry 9</name>
                <styleUrl>#modifiedtelemetry</styleUrl>
                <TimeSpan>
                  <begin>2026-10-03T16:15:13.039802+00:00</begin>
                  <end>2026-10-03T16:15:14.039802+00:00</end>
                </TimeSpan>
                <Point>
                  <coordinates>-80.57812974002694,37.19663489860375,0</coordinates>
                </Point>
              </Placemark>
              <Placemark>
                <name>Telemetry 10</name>
                <styleUrl>#modifiedtelemetry</styleUrl>
                <TimeSpan>
                  <begin>2026-10-03T16:15:14.039802+00:00</begin>
                  <end>2026-10-03T16:15:15.039802+00:00</end>
                </TimeSpan>
                <Point>
                  <coordinates>-80.57808680009781,37.19657292090538,0</coordinates>
                </Point>
              </Placemark>
              <Placemark>
                <name>Telemetry 11</name>
                <styleUrl>#modifiedtelemetry</styleUrl>
                <TimeSpan>
                  <begin>2026-10-03T16:15:15.039802+00:00</begin>
                  <end>2026-10-03T16:15:16.039802+00:00</end>
                </TimeSpan>
                <Point>
                  <coordinates>-80.57801685035301,37.19652877181478,0</coordinates>
                </Point>
              </Placemark>
              <Placemark>
                <name>Telemetry 12</name>
                <styleUrl>#modifiedtelemetry</styleUrl>
                <TimeSpan>
                  <begin>2026-10-03T16:15:16.039802+00:00</begin>
                  <end>2026-10-03T16:15:17.039802+00:00</end>
                </TimeSpan>
                <Point>
                  <coordinates>-80.57795541973255,37.19650790849303,0</coordinates>
                </Point>
              </Placemark>
              <Placemark>
                <name>Telemetry 13</name>
                <styleUrl>#modifiedtelemetry</styleUrl>
                <TimeSpan>
                  <begin>2026-10-03T16:15:17.039802+00:00</begin>
                  <end>2026-10-03T16:15:18.039802+00:00</end>
                </TimeSpan>
                <Point>
                  <coordinates>-80.57779490248247,37.19643592110631,0</coordinates>
                </Point>
              </Placemark>
              <Placemark>
                <name>Telemetry 14</name>
                <styleUrl>#modifiedtelemetry</styleUrl>
                <TimeSpan>
                  <begin>2026-10-03T16:15:18.039802+00:00</begin>
                  <end>2026-10-03T16:15:19.039802+00:00</end>
                </TimeSpan>
                <Point>
                  <coordinates>-80.57771381708879,37.19639543761661,0</coordinates>
                </Point>
              </Placemark>
              <Placemark>
                <name>Telemetry 15</name>
                <styleUrl>#modifiedtelemetry</styleUrl>
                <TimeSpan>
                  <begin>2026-10-03T16:15:19.039802+00:00</begin>
                  <end>2026-10-03T16:15:20.039802+00:00</end>
                </TimeSpan>
                <Point>
                  <coordinates>-80.5776456115435,37.19635960981006,0</coordinates>
                </Point>
              </Placemark>
              <Placemark>
                <name>Telemetry 16</name>
                <styleUrl>#modifiedtelemetry</styleUrl>
                <TimeSpan>
                  <begin>2026-10-03T16:15:20.039802+00:00</begin>
                  <end>2026-10-03T16:15:21.039802+00:00</end>
                </TimeSpan>
                <Point>
                  <coordinates>-80.57757190904874,37.19632841915715,0</coordinates>
                </Point>
              </Placemark>
              <Placemark>
                <name>Telemetry 17</name>
                <styleUrl>#modifiedtelemetry</styleUrl>
                <TimeSpan>
                  <begin>2026-10-03T16:15:21.039802+00:00</begin>
                  <end>2026-10-03T16:15:22.039802+00:00</end>
                </TimeSpan>
                <Point>
                  <coordinates>-80.57751114071674,37.19631735230622,0</coordinates>
                </Point>
              </Placemark>
              <Placemark>
                <name>Telemetry 18</name>
                <styleUrl>#modifiedtelemetry</styleUrl>
                <TimeSpan>
                  <begin>2026-10-03T16:15:22.039802+00:00</begin>
                  <end>2026-10-03T16:15:23.039802+00:00</end>
                </TimeSpan>
                <Point>
                  <coordinates>-80.57742677046657,37.19631370494702,0</coordinates>
                </Point>
              </Placemark>
              <Placemark>
                <name>Telemetry 19</name>
                <styleUrl>#modifiedtelemetry</styleUrl>
                <TimeSpan>
                  <begin>2026-10-03T16:15:23.039802+00:00</begin>
                  <end>2026-10-03T16:15:24.039802+00:00</end>
                </TimeSpan>
                <Point>
                  <coordinates>-80.5773706,37.1963054,0</coordinates>
                </Point>
              </Placemark>
              <Placemark>
                <name>Telemetry 20</name>
                <styleUrl>#modifiedtelemetry</styleUrl>
                <TimeSpan>
                  <begin>2026-10-03T16:15:24.039802+00:00</begin>
                  <end>2026-10-03T16:15:25.039802+00:00</end>
                </TimeSpan>
                <Point>
                  <coordinates>-80.5771453,37.1963577,0</coordinates>
                </Point>
              </Placemark>
              <Placemark>
                <name>Telemetry 21</name>
                <styleUrl>#modifiedtelemetry</styleUrl>
                <TimeSpan>
                  <begin>2026-10-03T16:15:25.039802+00:00</begin>
                  <end>2026-10-03T16:15:26.039802+00:00</end>
                </TimeSpan>
                <Point>
                  <coordinates>-80.5771265,37.1965735,0</coordinates>
                </Point>
              </Placemark>
              <Placemark>
                <name>Telemetry 22</name>
                <styleUrl>#modifiedtelemetry</styleUrl>
                <TimeSpan>
                  <begin>2026-10-03T16:15:26.039802+00:00</begin>
                  <end>2026-10-03T16:15:27.039802+00:00</end>
                </TimeSpan>
                <Point>
                  <coordinates>-80.57744590087025,37.19665029738701,0</coordinates>
                </Point>
              </Placemark>
              <Placemark>
                <name>Telemetry 23</name>
                <styleUrl>#modifiedtelemetry</styleUrl>
                <TimeSpan>
                  <begin>2026-10-03T16:15:27.039802+00:00</begin>
                  <end>2026-10-03T16:15:28.039802+00:00</end>
                </TimeSpan>
                <Point>
                  <coordinates>-80.5776442,37.1966013,0</coordinates>
                </Point>
              </Placemark>
              <Placemark>
                <name>Telemetry 24</name>
                <styleUrl>#modifiedtelemetry</styleUrl>
                <TimeSpan>
                  <begin>2026-10-03T16:15:28.039802+00:00</begin>
                  <end>2026-10-03T16:15:29.039802+00:00</end>
                </TimeSpan>
                <Point>
                  <coordinates>-80.57776806176655,37.1964375298218,0</coordinates>
                </Point>
              </Placemark>
              <Placemark>
                <name>Telemetry 25</name>
                <styleUrl>#modifiedtelemetry</styleUrl>
                <TimeSpan>
                  <begin>2026-10-03T16:15:29.039802+00:00</begin>
                  <end>2026-10-03T16:15:30.039802+00:00</end>
                </TimeSpan>
                <Point>
                  <coordinates>-80.57784172323511,37.1962376762061,0</coordinates>
                </Point>
              </Placemark>
              <Placemark>
                <name>Telemetry 26</name>
                <styleUrl>#modifiedtelemetry</styleUrl>
                <TimeSpan>
                  <begin>2026-10-03T16:15:30.039802+00:00</begin>
                  <end>2026-10-03T16:15:31.039802+00:00</end>
                </TimeSpan>
                <Point>
                  <coordinates>-80.5777311,37.1960563,0</coordinates>
                </Point>
              </Placemark>
              <Placemark>
                <name>Telemetry 27</name>
                <styleUrl>#modifiedtelemetry</styleUrl>
                <TimeSpan>
                  <begin>2026-10-03T16:15:31.039802+00:00</begin>
                  <end>2026-10-03T16:15:32.039802+00:00</end>
                </TimeSpan>
                <Point>
                  <coordinates>-80.57739321491916,37.19605837098315,0</coordinates>
                </Point>
              </Placemark>
              <Placemark>
                <name>Telemetry 28</name>
                <styleUrl>#modifiedtelemetry</styleUrl>
                <TimeSpan>
                  <begin>2026-10-03T16:15:32.039802+00:00</begin>
                  <end>2026-10-03T16:15:33.039802+00:00</end>
                </TimeSpan>
                <Point>
                  <coordinates>-80.5771357,37.1961151,0</coordinates>
                </Point>
              </Placemark>
              <Placemark>
                <name>Telemetry 29</name>
                <styleUrl>#modifiedtelemetry</styleUrl>
                <TimeSpan>
                  <begin>2026-10-03T16:15:33.039802+00:00</begin>
                  <end>2026-10-03T16:15:34.039802+00:00</end>
                </TimeSpan>
                <Point>
                  <coordinates>-80.5769627,37.1962283,0</coordinates>
                </Point>
              </Placemark>
              <Placemark>
                <name>Telemetry 30</name>
                <styleUrl>#modifiedtelemetry</styleUrl>
                <TimeSpan>
                  <begin>2026-10-03T16:15:34.039802+00:00</begin>
                  <end>2026-10-03T16:15:35.039802+00:00</end>
                </TimeSpan>
                <Point>
                  <coordinates>-80.5769184,37.1963885,0</coordinates>
                </Point>
              </Placemark>
              <Placemark>
                <name>Telemetry 31</name>
                <styleUrl>#modifiedtelemetry</styleUrl>
                <TimeSpan>
                  <begin>2026-10-03T16:15:35.039802+00:00</begin>
                  <end>2026-10-03T16:15:36.039802+00:00</end>
                </TimeSpan>
                <Point>
                  <coordinates>-80.5767347,37.1964356,0</coordinates>
                </Point>
              </Placemark>
              <Placemark>
                <name>Telemetry 32</name>
                <styleUrl>#modifiedtelemetry</styleUrl>
                <TimeSpan>
                  <begin>2026-10-03T16:15:36.039802+00:00</begin>
                  <end>2026-10-03T16:15:37.039802+00:00</end>
                </TimeSpan>
                <Point>
                  <coordinates>-80.5766366,37.1963538,0</coordinates>
                </Point>
              </Placemark>
              <Placemark>
                <name>Telemetry 33</name>
                <styleUrl>#modifiedtelemetry</styleUrl>
                <TimeSpan>
                  <begin>2026-10-03T16:15:37.039802+00:00</begin>
                  <end>2026-10-03T16:15:38.039802+00:00</end>
                </TimeSpan>
                <Point>
                  <coordinates>-80.5766634,37.1962096,0</coordinates>
                </Point>
              </Placemark>
              <Placemark>
                <name>Telemetry 34</name>
                <styleUrl>#modifiedtelemetry</styleUrl>
                <TimeSpan>
                  <begin>2026-10-03T16:15:38.039802+00:00</begin>
                  <end>2026-10-03T16:15:39.039802+00:00</end>
                </TimeSpan>
                <Point>
                  <coordinates>-80.5767707,37.1961284,0</coordinates>
                </Point>
              </Placemark>
              <Placemark>
                <name>Telemetry 35</name>
                <styleUrl>#modifiedtelemetry</styleUrl>
                <TimeSpan>
                  <begin>2026-10-03T16:15:39.039802+00:00</begin>
                  <end>2026-10-03T16:15:40.039802+00:00</end>
                </TimeSpan>
                <Point>
                  <coordinates>-80.5768887,37.1960493,0</coordinates>
                </Point>
              </Placemark>
              <Placemark>
                <name>Telemetry 36</name>
                <styleUrl>#modifiedtelemetry</styleUrl>
                <TimeSpan>
                  <begin>2026-10-03T16:15:40.039802+00:00</begin>
                  <end>2026-10-03T16:15:41.039802+00:00</end>
                </TimeSpan>
                <Point>
                  <coordinates>-80.5770684,37.1959745,0</coordinates>
                </Point>
              </Placemark>
              <Placemark>
                <name>Telemetry 37</name>
                <styleUrl>#modifiedtelemetry</styleUrl>
                <TimeSpan>
                  <begin>2026-10-03T16:15:41.039802+00:00</begin>
                  <end>2026-10-03T16:15:42.039802+00:00</end>
                </TimeSpan>
                <Point>
                  <coordinates>-80.5771757,37.19596070000001,0</coordinates>
                </Point>
              </Placemark>
              <Placemark>
                <name>Telemetry 38</name>
                <styleUrl>#modifiedtelemetry</styleUrl>
                <TimeSpan>
                  <begin>2026-10-03T16:15:42.039802+00:00</begin>
                  <end>2026-10-03T16:15:43.039802+00:00</end>
                </TimeSpan>
                <Point>
                  <coordinates>-80.5772937,37.19598200000001,0</coordinates>
                </Point>
              </Placemark>
              <Placemark>
                <name>Telemetry 39</name>
                <styleUrl>#modifiedtelemetry</styleUrl>
                <TimeSpan>
                  <begin>2026-10-03T16:15:43.039802+00:00</begin>
                  <end>2026-10-03T16:15:44.039802+00:00</end>
                </TimeSpan>
                <Point>
                  <coordinates>-80.5773326,37.1960942,0</coordinates>
                </Point>
              </Placemark>
              <Placemark>
                <name>Telemetry 40</name>
                <styleUrl>#modifiedtelemetry</styleUrl>
                <TimeSpan>
                  <begin>2026-10-03T16:15:44.039802+00:00</begin>
                  <end>2026-10-03T16:15:45.039802+00:00</end>
                </TimeSpan>
                <Point>
                  <coordinates>-80.577283,37.19619780000001,0</coordinates>
                </Point>
              </Placemark>
              <Placemark>
                <name>Telemetry 41</name>
                <styleUrl>#modifiedtelemetry</styleUrl>
                <TimeSpan>
                  <begin>2026-10-03T16:15:45.039802+00:00</begin>
                  <end>2026-10-03T16:15:46.039802+00:00</end>
                </TimeSpan>
                <Point>
                  <coordinates>-80.5772602,37.1963495,0</coordinates>
                </Point>
              </Placemark>
              <Placemark>
                <name>Telemetry 42</name>
                <styleUrl>#modifiedtelemetry</styleUrl>
                <TimeSpan>
                  <begin>2026-10-03T16:15:46.039802+00:00</begin>
                  <end>2026-10-03T16:15:47.039802+00:00</end>
                </TimeSpan>
                <Point>
                  <coordinates>-80.5772817,37.1964692,0</coordinates>
                </Point>
              </Placemark>
              <Placemark>
                <name>Telemetry 43</name>
                <styleUrl>#modifiedtelemetry</styleUrl>
                <TimeSpan>
                  <begin>2026-10-03T16:15:47.039802+00:00</begin>
                  <end>2026-10-03T16:15:48.039802+00:00</end>
                </TimeSpan>
                <Point>
                  <coordinates>-80.5773863,37.1965546,0</coordinates>
                </Point>
              </Placemark>
              <Placemark>
                <name>Telemetry 44</name>
                <styleUrl>#modifiedtelemetry</styleUrl>
                <TimeSpan>
                  <begin>2026-10-03T16:15:48.039802+00:00</begin>
                  <end>2026-10-03T16:15:49.039802+00:00</end>
                </TimeSpan>
                <Point>
                  <coordinates>-80.5775406,37.1965589,0</coordinates>
                </Point>
              </Placemark>
              <Placemark>
                <name>Telemetry 45</name>
                <styleUrl>#modifiedtelemetry</styleUrl>
                <TimeSpan>
                  <begin>2026-10-03T16:15:49.039802+00:00</begin>
                  <end>2026-10-03T16:15:50.039802+00:00</end>
                </TimeSpan>
                <Point>
                  <coordinates>-80.57763850000002,37.1965782,0</coordinates>
                </Point>
              </Placemark>
              <Placemark>
                <name>Telemetry 46</name>
                <styleUrl>#modifiedtelemetry</styleUrl>
                <TimeSpan>
                  <begin>2026-10-03T16:15:50.039802+00:00</begin>
                  <end>2026-10-03T16:15:51.039802+00:00</end>
                </TimeSpan>
                <Point>
                  <coordinates>-80.57763850000002,37.1966679,0</coordinates>
                </Point>
              </Placemark>
              <Placemark>
                <name>Telemetry 47</name>
                <styleUrl>#modifiedtelemetry</styleUrl>
                <TimeSpan>
                  <begin>2026-10-03T16:15:51.039802+00:00</begin>
                  <end>2026-10-03T16:15:52.039802+00:00</end>
                </TimeSpan>
                <Point>
                  <coordinates>-80.5775473,37.1967074,0</coordinates>
                </Point>
              </Placemark>
              <Placemark>
                <name>Telemetry 48</name>
                <styleUrl>#modifiedtelemetry</styleUrl>
                <TimeSpan>
                  <begin>2026-10-03T16:15:52.039802+00:00</begin>
                  <end>2026-10-03T16:15:53.039802+00:00</end>
                </TimeSpan>
                <Point>
                  <coordinates>-80.5773823,37.1966967,0</coordinates>
                </Point>
              </Placemark>
              <Placemark>
                <name>Telemetry 49</name>
                <styleUrl>#modifiedtelemetry</styleUrl>
                <TimeSpan>
                  <begin>2026-10-03T16:15:53.039802+00:00</begin>
                  <end>2026-10-03T16:15:54.039802+00:00</end>
                </TimeSpan>
                <Point>
                  <coordinates>-80.5773421,37.1966241,0</coordinates>
                </Point>
              </Placemark>
              <Placemark>
                <name>Telemetry 50</name>
                <styleUrl>#modifiedtelemetry</styleUrl>
                <TimeSpan>
                  <begin>2026-10-03T16:15:54.039802+00:00</begin>
                  <end>2026-10-03T16:15:55.039802+00:00</end>
                </TimeSpan>
                <Point>
                  <coordinates>-80.5773005,37.196528,0</coordinates>
                </Point>
              </Placemark>
              <Placemark>
                <name>Telemetry 51</name>
                <styleUrl>#modifiedtelemetry</styleUrl>
                <TimeSpan>
                  <begin>2026-10-03T16:15:55.039802+00:00</begin>
                  <end>2026-10-03T16:15:56.039802+00:00</end>
                </TimeSpan>
                <Point>
                  <coordinates>-80.5771557,37.1965055,0</coordinates>
                </Point>
              </Placemark>
              <Placemark>
                <name>Telemetry 52</name>
                <styleUrl>#modifiedtelemetry</styleUrl>
                <TimeSpan>
                  <begin>2026-10-03T16:15:56.039802+00:00</begin>
                  <end>2026-10-03T16:15:57.039802+00:00</end>
                </TimeSpan>
                <Point>
                  <coordinates>-80.5770457,37.19654400000001,0</coordinates>
                </Point>
              </Placemark>
              <Placemark>
                <name>Telemetry 53</name>
                <styleUrl>#modifiedtelemetry</styleUrl>
                <TimeSpan>
                  <begin>2026-10-03T16:15:57.039802+00:00</begin>
                  <end>2026-10-03T16:15:58.039802+00:00</end>
                </TimeSpan>
                <Point>
                  <coordinates>-80.5768834,37.19654500000001,0</coordinates>
                </Point>
              </Placemark>
              <Placemark>
                <name>Telemetry 54</name>
                <styleUrl>#modifiedtelemetry</styleUrl>
                <TimeSpan>
                  <begin>2026-10-03T16:15:58.039802+00:00</begin>
                  <end>2026-10-03T16:15:59.039802+00:00</end>
                </TimeSpan>
                <Point>
                  <coordinates>-80.5767869,37.1964831,0</coordinates>
                </Point>
              </Placemark>
              <Placemark>
                <name>Telemetry 55</name>
                <styleUrl>#modifiedtelemetry</styleUrl>
                <TimeSpan>
                  <begin>2026-10-03T16:15:59.039802+00:00</begin>
                  <end>2026-10-03T16:16:00.039802+00:00</end>
                </TimeSpan>
                <Point>
                  <coordinates>-80.5767547,37.1964083,0</coordinates>
                </Point>
              </Placemark>
              <Placemark>
                <name>Telemetry 56</name>
                <styleUrl>#modifiedtelemetry</styleUrl>
                <TimeSpan>
                  <begin>2026-10-03T16:16:00.039802+00:00</begin>
                  <end>2026-10-03T16:16:01.039802+00:00</end>
                </TimeSpan>
                <Point>
                  <coordinates>-80.5767587,37.1963228,0</coordinates>
                </Point>
              </Placemark>
              <Placemark>
                <name>Telemetry 57</name>
                <styleUrl>#modifiedtelemetry</styleUrl>
                <TimeSpan>
                  <begin>2026-10-03T16:16:01.039802+00:00</begin>
                  <end>2026-10-03T16:16:02.039802+00:00</end>
                </TimeSpan>
                <Point>
                  <coordinates>-80.5767587,37.1961893,0</coordinates>
                </Point>
              </Placemark>
              <Placemark>
                <name>Telemetry 58</name>
                <styleUrl>#modifiedtelemetry</styleUrl>
                <TimeSpan>
                  <begin>2026-10-03T16:16:02.039802+00:00</begin>
                  <end>2026-10-03T16:16:03.039802+00:00</end>
                </TimeSpan>
                <Point>
                  <coordinates>-80.5766836,37.1961348,0</coordinates>
                </Point>
              </Placemark>
              <Placemark>
                <name>Telemetry 59</name>
                <styleUrl>#modifiedtelemetry</styleUrl>
                <TimeSpan>
                  <begin>2026-10-03T16:16:03.039802+00:00</begin>
                  <end>2026-10-03T16:16:04.039802+00:00</end>
                </TimeSpan>
                <Point>
                  <coordinates>-80.5766836,37.1960205,0</coordinates>
                </Point>
              </Placemark>
              <Placemark>
                <name>Telemetry 60</name>
                <styleUrl>#modifiedtelemetry</styleUrl>
                <TimeSpan>
                  <begin>2026-10-03T16:16:04.039802+00:00</begin>
                  <end>2026-10-03T16:16:05.039802+00:00</end>
                </TimeSpan>
                <Point>
                  <coordinates>-80.5767896,37.1960077,0</coordinates>
                </Point>
              </Placemark>
              <Placemark>
                <name>Telemetry 61</name>
                <styleUrl>#modifiedtelemetry</styleUrl>
                <TimeSpan>
                  <begin>2026-10-03T16:16:05.039802+00:00</begin>
                  <end>2026-10-03T16:16:06.039802+00:00</end>
                </TimeSpan>
                <Point>
                  <coordinates>-80.5769277,37.1959671,0</coordinates>
                </Point>
              </Placemark>
              <Placemark>
                <name>Telemetry 62</name>
                <styleUrl>#modifiedtelemetry</styleUrl>
                <TimeSpan>
                  <begin>2026-10-03T16:16:06.039802+00:00</begin>
                  <end>2026-10-03T16:16:07.039802+00:00</end>
                </TimeSpan>
                <Point>
                  <coordinates>-80.5770806,37.1959051,0</coordinates>
                </Point>
              </Placemark>
              <Placemark>
                <name>Telemetry 63</name>
                <styleUrl>#modifiedtelemetry</styleUrl>
                <TimeSpan>
                  <begin>2026-10-03T16:16:07.039802+00:00</begin>
                  <end>2026-10-03T16:16:08.039802+00:00</end>
                </TimeSpan>
                <Point>
                  <coordinates>-80.5771999,37.195896600000005,0</coordinates>
                </Point>
              </Placemark>
            </Folder>
          </Folder>
        </Folder>
        <Folder>
          <name>Service Provider polling</name>
        </Folder>
        <Folder>
          <name>Service Provider polling</name>
        </Folder>
        <Folder>
          <name>Service Provider polling</name>
        </Folder>
        <Folder>
          <name>Service Provider polling</name>
        </Folder>
        <Folder>
          <name>Service Provider polling</name>
        </Folder>
        <Folder>
          <name>Verify operator notification</name>
        </Folder>
        <Folder>
          <name>Intermediate cleanup</name>
        </Folder>
        <Folder>
          <name>Retrieve pre-existing operator notification</name>
        </Folder>
        <Folder>
          <name>Injection</name>
          <Folder>
            <name>E104: uss2 interuss.automated_testing.rid.v1.injection.createTest</name>
            <Folder>
              <name>Test flight e4f020cd-c12e-4d35-873e-ca625ab29dac</name>
              <Placemark>
                <name>Telemetry 0</name>
                <styleUrl>#modifiedtelemetry</styleUrl>
                <TimeSpan>
                  <begin>2026-10-03T16:15:14.660179+00:00</begin>
                  <end>2026-10-03T16:15:15.660179+00:00</end>
                </TimeSpan>
                <Point>
                  <coordinates>-80.57798081614081,37.197059404721635,0</coordinates>
                </Point>
              </Placemark>
              <Placemark>
                <name>Telemetry 1</name>
                <styleUrl>#modifiedtelemetry</styleUrl>
                <TimeSpan>
                  <begin>2026-10-03T16:15:15.660179+00:00</begin>
                  <end>2026-10-03T16:15:16.660179+00:00</end>
                </TimeSpan>
                <Point>
                  <coordinates>-80.57798798375362,37.197016214133484,0</coordinates>
                </Point>
              </Placemark>
              <Placemark>
                <name>Telemetry 2</name>
                <styleUrl>#modifiedtelemetry</styleUrl>
                <TimeSpan>
                  <begin>2026-10-03T16:15:16.660179+00:00</begin>
                  <end>2026-10-03T16:15:17.660179+00:00</end>
                </TimeSpan>
                <Point>
                  <coordinates>-80.57800212690604,37.196972734164305,0</coordinates>
                </Point>
              </Placemark>
              <Placemark>
                <name>Telemetry 3</name>
                <styleUrl>#modifiedtelemetry</styleUrl>
                <TimeSpan>
                  <begin>2026-10-03T16:15:17.660179+00:00</begin>
                  <end>2026-10-03T16:15:18.660179+00:00</end>
                </TimeSpan>
                <Point>
                  <coordinates>-80.57802342452034,37.196931703788785,0</coordinates>
                </Point>
              </Placemark>
              <Placemark>
                <name>Telemetry 4</name>
                <styleUrl>#modifiedtelemetry</styleUrl>
                <TimeSpan>
                  <begin>2026-10-03T16:15:18.660179+00:00</begin>
                  <end>2026-10-03T16:15:19.660179+00:00</end>
                </TimeSpan>
                <Point>
                  <coordinates>-80.57805344862881,37.19689368575391,0</coordinates>
                </Point>
              </Placemark>
              <Placemark>
                <name>Telemetry 5</name>
                <styleUrl>#modifiedtelemetry</styleUrl>
                <TimeSpan>
                  <begin>2026-10-03T16:15:19.660179+00:00</begin>
                  <end>2026-10-03T16:15:20.660179+00:00</end>
                </TimeSpan>
                <Point>
                  <coordinates>-80.57808720822365,37.19685213076737,0</coordinates>
                </Point>
              </Placemark>
              <Placemark>
                <name>Telemetry 6</name>
                <styleUrl>#modifiedtelemetry</styleUrl>
                <TimeSpan>
                  <begin>2026-10-03T16:15:20.660179+00:00</begin>
                  <end>2026-10-03T16:15:21.660179+00:00</end>
                </TimeSpan>
                <Point>
                  <coordinates>-80.57811722777369,37.19680923519623,0</coordinates>
                </Point>
              </Placemark>
              <Placemark>
                <name>Telemetry 7</name>
                <styleUrl>#modifiedtelemetry</styleUrl>
                <TimeSpan>
                  <begin>2026-10-03T16:15:21.660179+00:00</begin>
                  <end>2026-10-03T16:15:22.660179+00:00</end>
                </TimeSpan>
                <Point>
                  <coordinates>-80.5781323958596,37.1967658046547,0</coordinates>
                </Point>
              </Placemark>
              <Placemark>
                <name>Telemetry 8</name>
                <styleUrl>#modifiedtelemetry</styleUrl>
                <TimeSpan>
                  <begin>2026-10-03T16:15:22.660179+00:00</begin>
                  <end>2026-10-03T16:15:23.660179+00:00</end>
                </TimeSpan>
                <Point>
                  <coordinates>-80.57814392771789,37.19670166260832,0</coordinates>
                </Point>
              </Placemark>
              <Placemark>
                <name>Telemetry 9</name>
                <styleUrl>#modifiedtelemetry</styleUrl>
                <TimeSpan>
                  <begin>2026-10-03T16:15:23.660179+00:00</begin>
                  <end>2026-10-03T16:15:24.660179+00:00</end>
                </TimeSpan>
                <Point>
                  <coordinates>-80.57812974002694,37.19663489860375,0</coordinates>
                </Point>
              </Placemark>
              <Placemark>
                <name>Telemetry 10</name>
                <styleUrl>#modifiedtelemetry</styleUrl>
                <TimeSpan>
                  <begin>2026-10-03T16:15:24.660179+00:00</begin>
                  <end>2026-10-03T16:15:25.660179+00:00</end>
                </TimeSpan>
                <Point>
                  <coordinates>-80.57808680009781,37.19657292090538,0</coordinates>
                </Point>
              </Placemark>
              <Placemark>
                <name>Telemetry 11</name>
                <styleUrl>#modifiedtelemetry</styleUrl>
                <TimeSpan>
                  <begin>2026-10-03T16:15:25.660179+00:00</begin>
                  <end>2026-10-03T16:15:26.660179+00:00</end>
                </TimeSpan>
                <Point>
                  <coordinates>-80.57801685035301,37.19652877181478,0</coordinates>
                </Point>
              </Placemark>
              <Placemark>
                <name>Telemetry 12</name>
                <styleUrl>#modifiedtelemetry</styleUrl>
                <TimeSpan>
                  <begin>2026-10-03T16:15:26.660179+00:00</begin>
                  <end>2026-10-03T16:15:27.660179+00:00</end>
                </TimeSpan>
                <Point>
                  <coordinates>-80.57795541973255,37.19650790849303,0</coordinates>
                </Point>
              </Placemark>
              <Placemark>
                <name>Telemetry 13</name>
                <styleUrl>#modifiedtelemetry</styleUrl>
                <TimeSpan>
                  <begin>2026-10-03T16:15:27.660179+00:00</begin>
                  <end>2026-10-03T16:15:28.660179+00:00</end>
                </TimeSpan>
                <Point>
                  <coordinates>-80.57779490248247,37.19643592110631,0</coordinates>
                </Point>
              </Placemark>
              <Placemark>
                <name>Telemetry 14</name>
                <styleUrl>#modifiedtelemetry</styleUrl>
                <TimeSpan>
                  <begin>2026-10-03T16:15:28.660179+00:00</begin>
                  <end>2026-10-03T16:15:29.660179+00:00</end>
                </TimeSpan>
                <Point>
                  <coordinates>-80.57771381708879,37.19639543761661,0</coordinates>
                </Point>
              </Placemark>
              <Placemark>
                <name>Telemetry 15</name>
                <styleUrl>#modifiedtelemetry</styleUrl>
                <TimeSpan>
                  <begin>2026-10-03T16:15:29.660179+00:00</begin>
                  <end>2026-10-03T16:15:30.660179+00:00</end>
                </TimeSpan>
                <Point>
                  <coordinates>-80.5776456115435,37.19635960981006,0</coordinates>
                </Point>
              </Placemark>
              <Placemark>
                <name>Telemetry 16</name>
                <styleUrl>#modifiedtelemetry</styleUrl>
                <TimeSpan>
                  <begin>2026-10-03T16:15:30.660179+00:00</begin>
                  <end>2026-10-03T16:15:31.660179+00:00</end>
                </TimeSpan>
                <Point>
                  <coordinates>-80.57757190904874,37.19632841915715,0</coordinates>
                </Point>
              </Placemark>
              <Placemark>
                <name>Telemetry 17</name>
                <styleUrl>#modifiedtelemetry</styleUrl>
                <TimeSpan>
                  <begin>2026-10-03T16:15:31.660179+00:00</begin>
                  <end>2026-10-03T16:15:32.660179+00:00</end>
                </TimeSpan>
                <Point>
                  <coordinates>-80.57751114071674,37.19631735230622,0</coordinates>
                </Point>
              </Placemark>
              <Placemark>
                <name>Telemetry 18</name>
                <styleUrl>#modifiedtelemetry</styleUrl>
                <TimeSpan>
                  <begin>2026-10-03T16:15:32.660179+00:00</begin>
                  <end>2026-10-03T16:15:33.660179+00:00</end>
                </TimeSpan>
                <Point>
                  <coordinates>-80.57742677046657,37.19631370494702,0</coordinates>
                </Point>
              </Placemark>
              <Placemark>
                <name>Telemetry 19</name>
                <styleUrl>#modifiedtelemetry</styleUrl>
                <TimeSpan>
                  <begin>2026-10-03T16:15:33.660179+00:00</begin>
                  <end>2026-10-03T16:15:34.660179+00:00</end>
                </TimeSpan>
                <Point>
                  <coordinates>-80.5773706,37.1963054,0</coordinates>
                </Point>
              </Placemark>
              <Placemark>
                <name>Telemetry 20</name>
                <styleUrl>#modifiedtelemetry</styleUrl>
                <TimeSpan>
                  <begin>2026-10-03T16:15:34.660179+00:00</begin>
                  <end>2026-10-03T16:15:35.660179+00:00</end>
                </TimeSpan>
                <Point>
                  <coordinates>-80.5771453,37.1963577,0</coordinates>
                </Point>
              </Placemark>
              <Placemark>
                <name>Telemetry 21</name>
                <styleUrl>#modifiedtelemetry</styleUrl>
                <TimeSpan>
                  <begin>2026-10-03T16:15:35.660179+00:00</begin>
                  <end>2026-10-03T16:15:36.660179+00:00</end>
                </TimeSpan>
                <Point>
                  <coordinates>-80.5771265,37.1965735,0</coordinates>
                </Point>
              </Placemark>
              <Placemark>
                <name>Telemetry 22</name>
                <styleUrl>#modifiedtelemetry</styleUrl>
                <TimeSpan>
                  <begin>2026-10-03T16:15:36.660179+00:00</begin>
                  <end>2026-10-03T16:15:37.660179+00:00</end>
                </TimeSpan>
                <Point>
                  <coordinates>-80.57744590087025,37.19665029738701,0</coordinates>
                </Point>
              </Placemark>
              <Placemark>
                <name>Telemetry 23</name>
                <styleUrl>#modifiedtelemetry</styleUrl>
                <TimeSpan>
                  <begin>2026-10-03T16:15:37.660179+00:00</begin>
                  <end>2026-10-03T16:15:38.660179+00:00</end>
                </TimeSpan>
                <Point>
                  <coordinates>-80.5776442,37.1966013,0</coordinates>
                </Point>
              </Placemark>
              <Placemark>
                <name>Telemetry 24</name>
                <styleUrl>#modifiedtelemetry</styleUrl>
                <TimeSpan>
                  <begin>2026-10-03T16:15:38.660179+00:00</begin>
                  <end>2026-10-03T16:15:39.660179+00:00</end>
                </TimeSpan>
                <Point>
                  <coordinates>-80.57776806176655,37.1964375298218,0</coordinates>
                </Point>
              </Placemark>
              <Placemark>
                <name>Telemetry 25</name>
                <styleUrl>#modifiedtelemetry</styleUrl>
                <TimeSpan>
                  <begin>2026-10-03T16:15:39.660179+00:00</begin>
                  <end>2026-10-03T16:15:40.660179+00:00</end>
                </TimeSpan>
                <Point>
                  <coordinates>-80.57784172323511,37.1962376762061,0</coordinates>
                </Point>
              </Placemark>
              <Placemark>
                <name>Telemetry 26</name>
                <styleUrl>#modifiedtelemetry</styleUrl>
                <TimeSpan>
                  <begin>2026-10-03T16:15:40.660179+00:00</begin>
                  <end>2026-10-03T16:15:41.660179+00:00</end>
                </TimeSpan>
                <Point>
                  <coordinates>-80.5777311,37.1960563,0</coordinates>
                </Point>
              </Placemark>
              <Placemark>
                <name>Telemetry 27</name>
                <styleUrl>#modifiedtelemetry</styleUrl>
                <TimeSpan>
                  <begin>2026-10-03T16:15:41.660179+00:00</begin>
                  <end>2026-10-03T16:15:42.660179+00:00</end>
                </TimeSpan>
                <Point>
                  <coordinates>-80.57739321491916,37.19605837098315,0</coordinates>
                </Point>
              </Placemark>
              <Placemark>
                <name>Telemetry 28</name>
                <styleUrl>#modifiedtelemetry</styleUrl>
                <TimeSpan>
                  <begin>2026-10-03T16:15:42.660179+00:00</begin>
                  <end>2026-10-03T16:15:43.660179+00:00</end>
                </TimeSpan>
                <Point>
                  <coordinates>-80.5771357,37.1961151,0</coordinates>
                </Point>
              </Placemark>
              <Placemark>
                <name>Telemetry 29</name>
                <styleUrl>#modifiedtelemetry</styleUrl>
                <TimeSpan>
                  <begin>2026-10-03T16:15:43.660179+00:00</begin>
                  <end>2026-10-03T16:15:44.660179+00:00</end>
                </TimeSpan>
                <Point>
                  <coordinates>-80.5769627,37.1962283,0</coordinates>
                </Point>
              </Placemark>
              <Placemark>
                <name>Telemetry 30</name>
                <styleUrl>#modifiedtelemetry</styleUrl>
                <TimeSpan>
                  <begin>2026-10-03T16:15:44.660179+00:00</begin>
                  <end>2026-10-03T16:15:45.660179+00:00</end>
                </TimeSpan>
                <Point>
                  <coordinates>-80.5769184,37.1963885,0</coordinates>
                </Point>
              </Placemark>
              <Placemark>
                <name>Telemetry 31</name>
                <styleUrl>#modifiedtelemetry</styleUrl>
                <TimeSpan>
                  <begin>2026-10-03T16:15:45.660179+00:00</begin>
                  <end>2026-10-03T16:15:46.660179+00:00</end>
                </TimeSpan>
                <Point>
                  <coordinates>-80.5767347,37.1964356,0</coordinates>
                </Point>
              </Placemark>
              <Placemark>
                <name>Telemetry 32</name>
                <styleUrl>#modifiedtelemetry</styleUrl>
                <TimeSpan>
                  <begin>2026-10-03T16:15:46.660179+00:00</begin>
                  <end>2026-10-03T16:15:47.660179+00:00</end>
                </TimeSpan>
                <Point>
                  <coordinates>-80.5766366,37.1963538,0</coordinates>
                </Point>
              </Placemark>
              <Placemark>
                <name>Telemetry 33</name>
                <styleUrl>#modifiedtelemetry</styleUrl>
                <TimeSpan>
                  <begin>2026-10-03T16:15:47.660179+00:00</begin>
                  <end>2026-10-03T16:15:48.660179+00:00</end>
                </TimeSpan>
                <Point>
                  <coordinates>-80.5766634,37.1962096,0</coordinates>
                </Point>
              </Placemark>
              <Placemark>
                <name>Telemetry 34</name>
                <styleUrl>#modifiedtelemetry</styleUrl>
                <TimeSpan>
                  <begin>2026-10-03T16:15:48.660179+00:00</begin>
                  <end>2026-10-03T16:15:49.660179+00:00</end>
                </TimeSpan>
                <Point>
                  <coordinates>-80.5767707,37.1961284,0</coordinates>
                </Point>
              </Placemark>
              <Placemark>
                <name>Telemetry 35</name>
                <styleUrl>#modifiedtelemetry</styleUrl>
                <TimeSpan>
                  <begin>2026-10-03T16:15:49.660179+00:00</begin>
                  <end>2026-10-03T16:15:50.660179+00:00</end>
                </TimeSpan>
                <Point>
                  <coordinates>-80.5768887,37.1960493,0</coordinates>
                </Point>
              </Placemark>
              <Placemark>
                <name>Telemetry 36</name>
                <styleUrl>#modifiedtelemetry</styleUrl>
                <TimeSpan>
                  <begin>2026-10-03T16:15:50.660179+00:00</begin>
                  <end>2026-10-03T16:15:51.660179+00:00</end>
                </TimeSpan>
                <Point>
                  <coordinates>-80.5770684,37.1959745,0</coordinates>
                </Point>
              </Placemark>
              <Placemark>
                <name>Telemetry 37</name>
                <styleUrl>#modifiedtelemetry</styleUrl>
                <TimeSpan>
                  <begin>2026-10-03T16:15:51.660179+00:00</begin>
                  <end>2026-10-03T16:15:52.660179+00:00</end>
                </TimeSpan>
                <Point>
                  <coordinates>-80.5771757,37.19596070000001,0</coordinates>
                </Point>
              </Placemark>
              <Placemark>
                <name>Telemetry 38</name>
                <styleUrl>#modifiedtelemetry</styleUrl>
                <TimeSpan>
                  <begin>2026-10-03T16:15:52.660179+00:00</begin>
                  <end>2026-10-03T16:15:53.660179+00:00</end>
                </TimeSpan>
                <Point>
                  <coordinates>-80.5772937,37.19598200000001,0</coordinates>
                </Point>
              </Placemark>
              <Placemark>
                <name>Telemetry 39</name>
                <styleUrl>#modifiedtelemetry</styleUrl>
                <TimeSpan>
                  <begin>2026-10-03T16:15:53.660179+00:00</begin>
                  <end>2026-10-03T16:15:54.660179+00:00</end>
                </TimeSpan>
                <Point>
                  <coordinates>-80.5773326,37.1960942,0</coordinates>
                </Point>
              </Placemark>
              <Placemark>
                <name>Telemetry 40</name>
                <styleUrl>#modifiedtelemetry</styleUrl>
                <TimeSpan>
                  <begin>2026-10-03T16:15:54.660179+00:00</begin>
                  <end>2026-10-03T16:15:55.660179+00:00</end>
                </TimeSpan>
                <Point>
                  <coordinates>-80.577283,37.19619780000001,0</coordinates>
                </Point>
              </Placemark>
              <Placemark>
                <name>Telemetry 41</name>
                <styleUrl>#modifiedtelemetry</styleUrl>
                <TimeSpan>
                  <begin>2026-10-03T16:15:55.660179+00:00</begin>
                  <end>2026-10-03T16:15:56.660179+00:00</end>
                </TimeSpan>
                <Point>
                  <coordinates>-80.5772602,37.1963495,0</coordinates>
                </Point>
              </Placemark>
              <Placemark>
                <name>Telemetry 42</name>
                <styleUrl>#modifiedtelemetry</styleUrl>
                <TimeSpan>
                  <begin>2026-10-03T16:15:56.660179+00:00</begin>
                  <end>2026-10-03T16:15:57.660179+00:00</end>
                </TimeSpan>
                <Point>
                  <coordinates>-80.5772817,37.1964692,0</coordinates>
                </Point>
              </Placemark>
              <Placemark>
                <name>Telemetry 43</name>
                <styleUrl>#modifiedtelemetry</styleUrl>
                <TimeSpan>
                  <begin>2026-10-03T16:15:57.660179+00:00</begin>
                  <end>2026-10-03T16:15:58.660179+00:00</end>
                </TimeSpan>
                <Point>
                  <coordinates>-80.5773863,37.1965546,0</coordinates>
                </Point>
              </Placemark>
              <Placemark>
                <name>Telemetry 44</name>
                <styleUrl>#modifiedtelemetry</styleUrl>
                <TimeSpan>
                  <begin>2026-10-03T16:15:58.660179+00:00</begin>
                  <end>2026-10-03T16:15:59.660179+00:00</end>
                </TimeSpan>
                <Point>
                  <coordinates>-80.5775406,37.1965589,0</coordinates>
                </Point>
              </Placemark>
              <Placemark>
                <name>Telemetry 45</name>
                <styleUrl>#modifiedtelemetry</styleUrl>
                <TimeSpan>
                  <begin>2026-10-03T16:15:59.660179+00:00</begin>
                  <end>2026-10-03T16:16:00.660179+00:00</end>
                </TimeSpan>
                <Point>
                  <coordinates>-80.57763850000002,37.1965782,0</coordinates>
                </Point>
              </Placemark>
              <Placemark>
                <name>Telemetry 46</name>
                <styleUrl>#modifiedtelemetry</styleUrl>
                <TimeSpan>
                  <begin>2026-10-03T16:16:00.660179+00:00</begin>
                  <end>2026-10-03T16:16:01.660179+00:00</end>
                </TimeSpan>
                <Point>
                  <coordinates>-80.57763850000002,37.1966679,0</coordinates>
                </Point>
              </Placemark>
              <Placemark>
                <name>Telemetry 47</name>
                <styleUrl>#modifiedtelemetry</styleUrl>
                <TimeSpan>
                  <begin>2026-10-03T16:16:01.660179+00:00</begin>
                  <end>2026-10-03T16:16:02.660179+00:00</end>
                </TimeSpan>
                <Point>
                  <coordinates>-80.5775473,37.1967074,0</coordinates>
                </Point>
              </Placemark>
              <Placemark>
                <name>Telemetry 48</name>
                <styleUrl>#modifiedtelemetry</styleUrl>
                <TimeSpan>
                  <begin>2026-10-03T16:16:02.660179+00:00</begin>
                  <end>2026-10-03T16:16:03.660179+00:00</end>
                </TimeSpan>
                <Point>
                  <coordinates>-80.5773823,37.1966967,0</coordinates>
                </Point>
              </Placemark>
              <Placemark>
                <name>Telemetry 49</name>
                <styleUrl>#modifiedtelemetry</styleUrl>
                <TimeSpan>
                  <begin>2026-10-03T16:16:03.660179+00:00</begin>
                  <end>2026-10-03T16:16:04.660179+00:00</end>
                </TimeSpan>
                <Point>
                  <coordinates>-80.5773421,37.1966241,0</coordinates>
                </Point>
              </Placemark>
              <Placemark>
                <name>Telemetry 50</name>
                <styleUrl>#modifiedtelemetry</styleUrl>
                <TimeSpan>
                  <begin>2026-10-03T16:16:04.660179+00:00</begin>
                  <end>2026-10-03T16:16:05.660179+00:00</end>
                </TimeSpan>
                <Point>
                  <coordinates>-80.5773005,37.196528,0</coordinates>
                </Point>
              </Placemark>
              <Placemark>
                <name>Telemetry 51</name>
                <styleUrl>#modifiedtelemetry</styleUrl>
                <TimeSpan>
                  <begin>2026-10-03T16:16:05.660179+00:00</begin>
                  <end>2026-10-03T16:16:06.660179+00:00</end>
                </TimeSpan>
                <Point>
                  <coordinates>-80.5771557,37.1965055,0</coordinates>
                </Point>
              </Placemark>
              <Placemark>
                <name>Telemetry 52</name>
                <styleUrl>#modifiedtelemetry</styleUrl>
                <TimeSpan>
                  <begin>2026-10-03T16:16:06.660179+00:00</begin>
                  <end>2026-10-03T16:16:07.660179+00:00</end>
                </TimeSpan>
                <Point>
                  <coordinates>-80.5770457,37.19654400000001,0</coordinates>
                </Point>
              </Placemark>
              <Placemark>
                <name>Telemetry 53</name>
                <styleUrl>#modifiedtelemetry</styleUrl>
                <TimeSpan>
                  <begin>2026-10-03T16:16:07.660179+00:00</begin>
                  <end>2026-10-03T16:16:08.660179+00:00</end>
                </TimeSpan>
                <Point>
                  <coordinates>-80.5768834,37.19654500000001,0</coordinates>
                </Point>
              </Placemark>
              <Placemark>
                <name>Telemetry 54</name>
                <styleUrl>#modifiedtelemetry</styleUrl>
                <TimeSpan>
                  <begin>2026-10-03T16:16:08.660179+00:00</begin>
                  <end>2026-10-03T16:16:09.660179+00:00</end>
                </TimeSpan>
                <Point>
                  <coordinates>-80.5767869,37.1964831,0</coordinates>
                </Point>
              </Placemark>
              <Placemark>
                <name>Telemetry 55</name>
                <styleUrl>#modifiedtelemetry</styleUrl>
                <TimeSpan>
                  <begin>2026-10-03T16:16:09.660179+00:00</begin>
                  <end>2026-10-03T16:16:10.660179+00:00</end>
                </TimeSpan>
                <Point>
                  <coordinates>-80.5767547,37.1964083,0</coordinates>
                </Point>
              </Placemark>
              <Placemark>
                <name>Telemetry 56</name>
                <styleUrl>#modifiedtelemetry</styleUrl>
                <TimeSpan>
                  <begin>2026-10-03T16:16:10.660179+00:00</begin>
                  <end>2026-10-03T16:16:11.660179+00:00</end>
                </TimeSpan>
                <Point>
                  <coordinates>-80.5767587,37.1963228,0</coordinates>
                </Point>
              </Placemark>
              <Placemark>
                <name>Telemetry 57</name>
                <styleUrl>#modifiedtelemetry</styleUrl>
                <TimeSpan>
                  <begin>2026-10-03T16:16:11.660179+00:00</begin>
                  <end>2026-10-03T16:16:12.660179+00:00</end>
                </TimeSpan>
                <Point>
                  <coordinates>-80.5767587,37.1961893,0</coordinates>
                </Point>
              </Placemark>
              <Placemark>
                <name>Telemetry 58</name>
                <styleUrl>#modifiedtelemetry</styleUrl>
                <TimeSpan>
                  <begin>2026-10-03T16:16:12.660179+00:00</begin>
                  <end>2026-10-03T16:16:13.660179+00:00</end>
                </TimeSpan>
                <Point>
                  <coordinates>-80.5766836,37.1961348,0</coordinates>
                </Point>
              </Placemark>
              <Placemark>
                <name>Telemetry 59</name>
                <styleUrl>#modifiedtelemetry</styleUrl>
                <TimeSpan>
                  <begin>2026-10-03T16:16:13.660179+00:00</begin>
                  <end>2026-10-03T16:16:14.660179+00:00</end>
                </TimeSpan>
                <Point>
                  <coordinates>-80.5766836,37.1960205,0</coordinates>
                </Point>
              </Placemark>
              <Placemark>
                <name>Telemetry 60</name>
                <styleUrl>#modifiedtelemetry</styleUrl>
                <TimeSpan>
                  <begin>2026-10-03T16:16:14.660179+00:00</begin>
                  <end>2026-10-03T16:16:15.660179+00:00</end>
                </TimeSpan>
                <Point>
                  <coordinates>-80.5767896,37.1960077,0</coordinates>
                </Point>
              </Placemark>
              <Placemark>
                <name>Telemetry 61</name>
                <styleUrl>#modifiedtelemetry</styleUrl>
                <TimeSpan>
                  <begin>2026-10-03T16:16:15.660179+00:00</begin>
                  <end>2026-10-03T16:16:16.660179+00:00</end>
                </TimeSpan>
                <Point>
                  <coordinates>-80.5769277,37.1959671,0</coordinates>
                </Point>
              </Placemark>
              <Placemark>
                <name>Telemetry 62</name>
                <styleUrl>#modifiedtelemetry</styleUrl>
                <TimeSpan>
                  <begin>2026-10-03T16:16:16.660179+00:00</begin>
                  <end>2026-10-03T16:16:17.660179+00:00</end>
                </TimeSpan>
                <Point>
                  <coordinates>-80.5770806,37.1959051,0</coordinates>
                </Point>
              </Placemark>
              <Placemark>
                <name>Telemetry 63</name>
                <styleUrl>#modifiedtelemetry</styleUrl>
                <TimeSpan>
                  <begin>2026-10-03T16:16:17.660179+00:00</begin>
                  <end>2026-10-03T16:16:18.660179+00:00</end>
                </TimeSpan>
                <Point>
                  <coordinates>-80.5771999,37.195896600000005,0</coordinates>
                </Point>
              </Placemark>
            </Folder>
          </Folder>
        </Folder>
        <Folder>
          <name>Service Provider polling</name>
        </Folder>
        <Folder>
          <name>Service Provider polling</name>
        </Folder>
        <Folder>
          <name>Service Provider polling</name>
        </Folder>
        <Folder>
          <name>Service Provider polling</name>
        </Folder>
        <Folder>
          <name>Service Provider polling</name>
        </Folder>
        <Folder>
          <name>Verify operator notification</name>
        </Folder>
        <Folder>
          <name>Intermediate cleanup</name>
        </Folder>
        <Folder>
          <name>Retrieve pre-existing operator notification</name>
        </Folder>
        <Folder>
          <name>Injection</name>
          <Folder>
            <name>E124: uss2 interuss.automated_testing.rid.v1.injection.createTest</name>
            <Folder>
              <name>Test flight 789b0665-9cbd-4b71-a125-adbde0fc8d24</name>
              <Placemark>
                <name>Telemetry 0</name>
                <styleUrl>#modifiedtelemetry</styleUrl>
                <TimeSpan>
                  <begin>2026-10-03T16:15:25.276443+00:00</begin>
                  <end>2026-10-03T16:15:26.276443+00:00</end>
                </TimeSpan>
                <Point>
                  <coordinates>-80.57798081614081,37.197059404721635,0</coordinates>
                </Point>
              </Placemark>
              <Placemark>
                <name>Telemetry 1</name>
                <styleUrl>#modifiedtelemetry</styleUrl>
                <TimeSpan>
                  <begin>2026-10-03T16:15:26.276443+00:00</begin>
                  <end>2026-10-03T16:15:27.276443+00:00</end>
                </TimeSpan>
                <Point>
                  <coordinates>-80.57798798375362,37.197016214133484,0</coordinates>
                </Point>
              </Placemark>
              <Placemark>
                <name>Telemetry 2</name>
                <styleUrl>#modifiedtelemetry</styleUrl>
                <TimeSpan>
                  <begin>2026-10-03T16:15:27.276443+00:00</begin>
                  <end>2026-10-03T16:15:28.276443+00:00</end>
                </TimeSpan>
                <Point>
                  <coordinates>-80.57800212690604,37.196972734164305,0</coordinates>
                </Point>
              </Placemark>
              <Placemark>
                <name>Telemetry 3</name>
                <styleUrl>#modifiedtelemetry</styleUrl>
                <TimeSpan>
                  <begin>2026-10-03T16:15:28.276443+00:00</begin>
                  <end>2026-10-03T16:15:29.276443+00:00</end>
                </TimeSpan>
                <Point>
                  <coordinates>-80.57802342452034,37.196931703788785,0</coordinates>
                </Point>
              </Placemark>
              <Placemark>
                <name>Telemetry 4</name>
                <styleUrl>#modifiedtelemetry</styleUrl>
                <TimeSpan>
                  <begin>2026-10-03T16:15:29.276443+00:00</begin>
                  <end>2026-10-03T16:15:30.276443+00:00</end>
                </TimeSpan>
                <Point>
                  <coordinates>-80.57805344862881,37.19689368575391,0</coordinates>
                </Point>
              </Placemark>
              <Placemark>
                <name>Telemetry 5</name>
                <styleUrl>#modifiedtelemetry</styleUrl>
                <TimeSpan>
                  <begin>2026-10-03T16:15:30.276443+00:00</begin>
                  <end>2026-10-03T16:15:31.276443+00:00</end>
                </TimeSpan>
                <Point>
                  <coordinates>-80.57808720822365,37.19685213076737,0</coordinates>
                </Point>
              </Placemark>
              <Placemark>
                <name>Telemetry 6</name>
                <styleUrl>#modifiedtelemetry</styleUrl>
                <TimeSpan>
                  <begin>2026-10-03T16:15:31.276443+00:00</begin>
                  <end>2026-10-03T16:15:32.276443+00:00</end>
                </TimeSpan>
                <Point>
                  <coordinates>-80.57811722777369,37.19680923519623,0</coordinates>
                </Point>
              </Placemark>
              <Placemark>
                <name>Telemetry 7</name>
                <styleUrl>#modifiedtelemetry</styleUrl>
                <TimeSpan>
                  <begin>2026-10-03T16:15:32.276443+00:00</begin>
                  <end>2026-10-03T16:15:33.276443+00:00</end>
                </TimeSpan>
                <Point>
                  <coordinates>-80.5781323958596,37.1967658046547,0</coordinates>
                </Point>
              </Placemark>
              <Placemark>
                <name>Telemetry 8</name>
                <styleUrl>#modifiedtelemetry</styleUrl>
                <TimeSpan>
                  <begin>2026-10-03T16:15:33.276443+00:00</begin>
                  <end>2026-10-03T16:15:34.276443+00:00</end>
                </TimeSpan>
                <Point>
                  <coordinates>-80.57814392771789,37.19670166260832,0</coordinates>
                </Point>
              </Placemark>
              <Placemark>
                <name>Telemetry 9</name>
                <styleUrl>#modifiedtelemetry</styleUrl>
                <TimeSpan>
                  <begin>2026-10-03T16:15:34.276443+00:00</begin>
                  <end>2026-10-03T16:15:35.276443+00:00</end>
                </TimeSpan>
                <Point>
                  <coordinates>-80.57812974002694,37.19663489860375,0</coordinates>
                </Point>
              </Placemark>
              <Placemark>
                <name>Telemetry 10</name>
                <styleUrl>#modifiedtelemetry</styleUrl>
                <TimeSpan>
                  <begin>2026-10-03T16:15:35.276443+00:00</begin>
                  <end>2026-10-03T16:15:36.276443+00:00</end>
                </TimeSpan>
                <Point>
                  <coordinates>-80.57808680009781,37.19657292090538,0</coordinates>
                </Point>
              </Placemark>
              <Placemark>
                <name>Telemetry 11</name>
                <styleUrl>#modifiedtelemetry</styleUrl>
                <TimeSpan>
                  <begin>2026-10-03T16:15:36.276443+00:00</begin>
                  <end>2026-10-03T16:15:37.276443+00:00</end>
                </TimeSpan>
                <Point>
                  <coordinates>-80.57801685035301,37.19652877181478,0</coordinates>
                </Point>
              </Placemark>
              <Placemark>
                <name>Telemetry 12</name>
                <styleUrl>#modifiedtelemetry</styleUrl>
                <TimeSpan>
                  <begin>2026-10-03T16:15:37.276443+00:00</begin>
                  <end>2026-10-03T16:15:38.276443+00:00</end>
                </TimeSpan>
                <Point>
                  <coordinates>-80.57795541973255,37.19650790849303,0</coordinates>
                </Point>
              </Placemark>
              <Placemark>
                <name>Telemetry 13</name>
                <styleUrl>#modifiedtelemetry</styleUrl>
                <TimeSpan>
                  <begin>2026-10-03T16:15:38.276443+00:00</begin>
                  <end>2026-10-03T16:15:39.276443+00:00</end>
                </TimeSpan>
                <Point>
                  <coordinates>-80.57779490248247,37.19643592110631,0</coordinates>
                </Point>
              </Placemark>
              <Placemark>
                <name>Telemetry 14</name>
                <styleUrl>#modifiedtelemetry</styleUrl>
                <TimeSpan>
                  <begin>2026-10-03T16:15:39.276443+00:00</begin>
                  <end>2026-10-03T16:15:40.276443+00:00</end>
                </TimeSpan>
                <Point>
                  <coordinates>-80.57771381708879,37.19639543761661,0</coordinates>
                </Point>
              </Placemark>
              <Placemark>
                <name>Telemetry 15</name>
                <styleUrl>#modifiedtelemetry</styleUrl>
                <TimeSpan>
                  <begin>2026-10-03T16:15:40.276443+00:00</begin>
                  <end>2026-10-03T16:15:41.276443+00:00</end>
                </TimeSpan>
                <Point>
                  <coordinates>-80.5776456115435,37.19635960981006,0</coordinates>
                </Point>
              </Placemark>
              <Placemark>
                <name>Telemetry 16</name>
                <styleUrl>#modifiedtelemetry</styleUrl>
                <TimeSpan>
                  <begin>2026-10-03T16:15:41.276443+00:00</begin>
                  <end>2026-10-03T16:15:42.276443+00:00</end>
                </TimeSpan>
                <Point>
                  <coordinates>-80.57757190904874,37.19632841915715,0</coordinates>
                </Point>
              </Placemark>
              <Placemark>
                <name>Telemetry 17</name>
                <styleUrl>#modifiedtelemetry</styleUrl>
                <TimeSpan>
                  <begin>2026-10-03T16:15:42.276443+00:00</begin>
                  <end>2026-10-03T16:15:43.276443+00:00</end>
                </TimeSpan>
                <Point>
                  <coordinates>-80.57751114071674,37.19631735230622,0</coordinates>
                </Point>
              </Placemark>
              <Placemark>
                <name>Telemetry 18</name>
                <styleUrl>#modifiedtelemetry</styleUrl>
                <TimeSpan>
                  <begin>2026-10-03T16:15:43.276443+00:00</begin>
                  <end>2026-10-03T16:15:44.276443+00:00</end>
                </TimeSpan>
                <Point>
                  <coordinates>-80.57742677046657,37.19631370494702,0</coordinates>
                </Point>
              </Placemark>
              <Placemark>
                <name>Telemetry 19</name>
                <styleUrl>#modifiedtelemetry</styleUrl>
                <TimeSpan>
                  <begin>2026-10-03T16:15:44.276443+00:00</begin>
                  <end>2026-10-03T16:15:45.276443+00:00</end>
                </TimeSpan>
                <Point>
                  <coordinates>-80.5773706,37.1963054,0</coordinates>
                </Point>
              </Placemark>
              <Placemark>
                <name>Telemetry 20</name>
                <styleUrl>#modifiedtelemetry</styleUrl>
                <TimeSpan>
                  <begin>2026-10-03T16:15:45.276443+00:00</begin>
                  <end>2026-10-03T16:15:46.276443+00:00</end>
                </TimeSpan>
                <Point>
                  <coordinates>-80.5771453,37.1963577,0</coordinates>
                </Point>
              </Placemark>
              <Placemark>
                <name>Telemetry 21</name>
                <styleUrl>#modifiedtelemetry</styleUrl>
                <TimeSpan>
                  <begin>2026-10-03T16:15:46.276443+00:00</begin>
                  <end>2026-10-03T16:15:47.276443+00:00</end>
                </TimeSpan>
                <Point>
                  <coordinates>-80.5771265,37.1965735,0</coordinates>
                </Point>
              </Placemark>
              <Placemark>
                <name>Telemetry 22</name>
                <styleUrl>#modifiedtelemetry</styleUrl>
                <TimeSpan>
                  <begin>2026-10-03T16:15:47.276443+00:00</begin>
                  <end>2026-10-03T16:15:48.276443+00:00</end>
                </TimeSpan>
                <Point>
                  <coordinates>-80.57744590087025,37.19665029738701,0</coordinates>
                </Point>
              </Placemark>
              <Placemark>
                <name>Telemetry 23</name>
                <styleUrl>#modifiedtelemetry</styleUrl>
                <TimeSpan>
                  <begin>2026-10-03T16:15:48.276443+00:00</begin>
                  <end>2026-10-03T16:15:49.276443+00:00</end>
                </TimeSpan>
                <Point>
                  <coordinates>-80.5776442,37.1966013,0</coordinates>
                </Point>
              </Placemark>
              <Placemark>
                <name>Telemetry 24</name>
                <styleUrl>#modifiedtelemetry</styleUrl>
                <TimeSpan>
                  <begin>2026-10-03T16:15:49.276443+00:00</begin>
                  <end>2026-10-03T16:15:50.276443+00:00</end>
                </TimeSpan>
                <Point>
                  <coordinates>-80.57776806176655,37.1964375298218,0</coordinates>
                </Point>
              </Placemark>
              <Placemark>
                <name>Telemetry 25</name>
                <styleUrl>#modifiedtelemetry</styleUrl>
                <TimeSpan>
                  <begin>2026-10-03T16:15:50.276443+00:00</begin>
                  <end>2026-10-03T16:15:51.276443+00:00</end>
                </TimeSpan>
                <Point>
                  <coordinates>-80.57784172323511,37.1962376762061,0</coordinates>
                </Point>
              </Placemark>
              <Placemark>
                <name>Telemetry 26</name>
                <styleUrl>#modifiedtelemetry</styleUrl>
                <TimeSpan>
                  <begin>2026-10-03T16:15:51.276443+00:00</begin>
                  <end>2026-10-03T16:15:52.276443+00:00</end>
                </TimeSpan>
                <Point>
                  <coordinates>-80.5777311,37.1960563,0</coordinates>
                </Point>
              </Placemark>
              <Placemark>
                <name>Telemetry 27</name>
                <styleUrl>#modifiedtelemetry</styleUrl>
                <TimeSpan>
                  <begin>2026-10-03T16:15:52.276443+00:00</begin>
                  <end>2026-10-03T16:15:53.276443+00:00</end>
                </TimeSpan>
                <Point>
                  <coordinates>-80.57739321491916,37.19605837098315,0</coordinates>
                </Point>
              </Placemark>
              <Placemark>
                <name>Telemetry 28</name>
                <styleUrl>#modifiedtelemetry</styleUrl>
                <TimeSpan>
                  <begin>2026-10-03T16:15:53.276443+00:00</begin>
                  <end>2026-10-03T16:15:54.276443+00:00</end>
                </TimeSpan>
                <Point>
                  <coordinates>-80.5771357,37.1961151,0</coordinates>
                </Point>
              </Placemark>
              <Placemark>
                <name>Telemetry 29</name>
                <styleUrl>#modifiedtelemetry</styleUrl>
                <TimeSpan>
                  <begin>2026-10-03T16:15:54.276443+00:00</begin>
                  <end>2026-10-03T16:15:55.276443+00:00</end>
                </TimeSpan>
                <Point>
                  <coordinates>-80.5769627,37.1962283,0</coordinates>
                </Point>
              </Placemark>
              <Placemark>
                <name>Telemetry 30</name>
                <styleUrl>#modifiedtelemetry</styleUrl>
                <TimeSpan>
                  <begin>2026-10-03T16:15:55.276443+00:00</begin>
                  <end>2026-10-03T16:15:56.276443+00:00</end>
                </TimeSpan>
                <Point>
                  <coordinates>-80.5769184,37.1963885,0</coordinates>
                </Point>
              </Placemark>
              <Placemark>
                <name>Telemetry 31</name>
                <styleUrl>#modifiedtelemetry</styleUrl>
                <TimeSpan>
                  <begin>2026-10-03T16:15:56.276443+00:00</begin>
                  <end>2026-10-03T16:15:57.276443+00:00</end>
                </TimeSpan>
                <Point>
                  <coordinates>-80.5767347,37.1964356,0</coordinates>
                </Point>
              </Placemark>
              <Placemark>
                <name>Telemetry 32</name>
                <styleUrl>#modifiedtelemetry</styleUrl>
                <TimeSpan>
                  <begin>2026-10-03T16:15:57.276443+00:00</begin>
                  <end>2026-10-03T16:15:58.276443+00:00</end>
                </TimeSpan>
                <Point>
                  <coordinates>-80.5766366,37.1963538,0</coordinates>
                </Point>
              </Placemark>
              <Placemark>
                <name>Telemetry 33</name>
                <styleUrl>#modifiedtelemetry</styleUrl>
                <TimeSpan>
                  <begin>2026-10-03T16:15:58.276443+00:00</begin>
                  <end>2026-10-03T16:15:59.276443+00:00</end>
                </TimeSpan>
                <Point>
                  <coordinates>-80.5766634,37.1962096,0</coordinates>
                </Point>
              </Placemark>
              <Placemark>
                <name>Telemetry 34</name>
                <styleUrl>#modifiedtelemetry</styleUrl>
                <TimeSpan>
                  <begin>2026-10-03T16:15:59.276443+00:00</begin>
                  <end>2026-10-03T16:16:00.276443+00:00</end>
                </TimeSpan>
                <Point>
                  <coordinates>-80.5767707,37.1961284,0</coordinates>
                </Point>
              </Placemark>
              <Placemark>
                <name>Telemetry 35</name>
                <styleUrl>#modifiedtelemetry</styleUrl>
                <TimeSpan>
                  <begin>2026-10-03T16:16:00.276443+00:00</begin>
                  <end>2026-10-03T16:16:01.276443+00:00</end>
                </TimeSpan>
                <Point>
                  <coordinates>-80.5768887,37.1960493,0</coordinates>
                </Point>
              </Placemark>
              <Placemark>
                <name>Telemetry 36</name>
                <styleUrl>#modifiedtelemetry</styleUrl>
                <TimeSpan>
                  <begin>2026-10-03T16:16:01.276443+00:00</begin>
                  <end>2026-10-03T16:16:02.276443+00:00</end>
                </TimeSpan>
                <Point>
                  <coordinates>-80.5770684,37.1959745,0</coordinates>
                </Point>
              </Placemark>
              <Placemark>
                <name>Telemetry 37</name>
                <styleUrl>#modifiedtelemetry</styleUrl>
                <TimeSpan>
                  <begin>2026-10-03T16:16:02.276443+00:00</begin>
                  <end>2026-10-03T16:16:03.276443+00:00</end>
                </TimeSpan>
                <Point>
                  <coordinates>-80.5771757,37.19596070000001,0</coordinates>
                </Point>
              </Placemark>
              <Placemark>
                <name>Telemetry 38</name>
                <styleUrl>#modifiedtelemetry</styleUrl>
                <TimeSpan>
                  <begin>2026-10-03T16:16:03.276443+00:00</begin>
                  <end>2026-10-03T16:16:04.276443+00:00</end>
                </TimeSpan>
                <Point>
                  <coordinates>-80.5772937,37.19598200000001,0</coordinates>
                </Point>
              </Placemark>
              <Placemark>
                <name>Telemetry 39</name>
                <styleUrl>#modifiedtelemetry</styleUrl>
                <TimeSpan>
                  <begin>2026-10-03T16:16:04.276443+00:00</begin>
                  <end>2026-10-03T16:16:05.276443+00:00</end>
                </TimeSpan>
                <Point>
                  <coordinates>-80.5773326,37.1960942,0</coordinates>
                </Point>
              </Placemark>
              <Placemark>
                <name>Telemetry 40</name>
                <styleUrl>#modifiedtelemetry</styleUrl>
                <TimeSpan>
                  <begin>2026-10-03T16:16:05.276443+00:00</begin>
                  <end>2026-10-03T16:16:06.276443+00:00</end>
                </TimeSpan>
                <Point>
                  <coordinates>-80.577283,37.19619780000001,0</coordinates>
                </Point>
              </Placemark>
              <Placemark>
                <name>Telemetry 41</name>
                <styleUrl>#modifiedtelemetry</styleUrl>
                <TimeSpan>
                  <begin>2026-10-03T16:16:06.276443+00:00</begin>
                  <end>2026-10-03T16:16:07.276443+00:00</end>
                </TimeSpan>
                <Point>
                  <coordinates>-80.5772602,37.1963495,0</coordinates>
                </Point>
              </Placemark>
              <Placemark>
                <name>Telemetry 42</name>
                <styleUrl>#modifiedtelemetry</styleUrl>
                <TimeSpan>
                  <begin>2026-10-03T16:16:07.276443+00:00</begin>
                  <end>2026-10-03T16:16:08.276443+00:00</end>
                </TimeSpan>
                <Point>
                  <coordinates>-80.5772817,37.1964692,0</coordinates>
                </Point>
              </Placemark>
              <Placemark>
                <name>Telemetry 43</name>
                <styleUrl>#modifiedtelemetry</styleUrl>
                <TimeSpan>
                  <begin>2026-10-03T16:16:08.276443+00:00</begin>
                  <end>2026-10-03T16:16:09.276443+00:00</end>
                </TimeSpan>
                <Point>
                  <coordinates>-80.5773863,37.1965546,0</coordinates>
                </Point>
              </Placemark>
              <Placemark>
                <name>Telemetry 44</name>
                <styleUrl>#modifiedtelemetry</styleUrl>
                <TimeSpan>
                  <begin>2026-10-03T16:16:09.276443+00:00</begin>
                  <end>2026-10-03T16:16:10.276443+00:00</end>
                </TimeSpan>
                <Point>
                  <coordinates>-80.5775406,37.1965589,0</coordinates>
                </Point>
              </Placemark>
              <Placemark>
                <name>Telemetry 45</name>
                <styleUrl>#modifiedtelemetry</styleUrl>
                <TimeSpan>
                  <begin>2026-10-03T16:16:10.276443+00:00</begin>
                  <end>2026-10-03T16:16:11.276443+00:00</end>
                </TimeSpan>
                <Point>
                  <coordinates>-80.57763850000002,37.1965782,0</coordinates>
                </Point>
              </Placemark>
              <Placemark>
                <name>Telemetry 46</name>
                <styleUrl>#modifiedtelemetry</styleUrl>
                <TimeSpan>
                  <begin>2026-10-03T16:16:11.276443+00:00</begin>
                  <end>2026-10-03T16:16:12.276443+00:00</end>
                </TimeSpan>
                <Point>
                  <coordinates>-80.57763850000002,37.1966679,0</coordinates>
                </Point>
              </Placemark>
              <Placemark>
                <name>Telemetry 47</name>
                <styleUrl>#modifiedtelemetry</styleUrl>
                <TimeSpan>
                  <begin>2026-10-03T16:16:12.276443+00:00</begin>
                  <end>2026-10-03T16:16:13.276443+00:00</end>
                </TimeSpan>
                <Point>
                  <coordinates>-80.5775473,37.1967074,0</coordinates>
                </Point>
              </Placemark>
              <Placemark>
                <name>Telemetry 48</name>
                <styleUrl>#modifiedtelemetry</styleUrl>
                <TimeSpan>
                  <begin>2026-10-03T16:16:13.276443+00:00</begin>
                  <end>2026-10-03T16:16:14.276443+00:00</end>
                </TimeSpan>
                <Point>
                  <coordinates>-80.5773823,37.1966967,0</coordinates>
                </Point>
              </Placemark>
              <Placemark>
                <name>Telemetry 49</name>
                <styleUrl>#modifiedtelemetry</styleUrl>
                <TimeSpan>
                  <begin>2026-10-03T16:16:14.276443+00:00</begin>
                  <end>2026-10-03T16:16:15.276443+00:00</end>
                </TimeSpan>
                <Point>
                  <coordinates>-80.5773421,37.1966241,0</coordinates>
                </Point>
              </Placemark>
              <Placemark>
                <name>Telemetry 50</name>
                <styleUrl>#modifiedtelemetry</styleUrl>
                <TimeSpan>
                  <begin>2026-10-03T16:16:15.276443+00:00</begin>
                  <end>2026-10-03T16:16:16.276443+00:00</end>
                </TimeSpan>
                <Point>
                  <coordinates>-80.5773005,37.196528,0</coordinates>
                </Point>
              </Placemark>
              <Placemark>
                <name>Telemetry 51</name>
                <styleUrl>#modifiedtelemetry</styleUrl>
                <TimeSpan>
                  <begin>2026-10-03T16:16:16.276443+00:00</begin>
                  <end>2026-10-03T16:16:17.276443+00:00</end>
                </TimeSpan>
                <Point>
                  <coordinates>-80.5771557,37.1965055,0</coordinates>
                </Point>
              </Placemark>
              <Placemark>
                <name>Telemetry 52</name>
                <styleUrl>#modifiedtelemetry</styleUrl>
                <TimeSpan>
                  <begin>2026-10-03T16:16:17.276443+00:00</begin>
                  <end>2026-10-03T16:16:18.276443+00:00</end>
                </TimeSpan>
                <Point>
                  <coordinates>-80.5770457,37.19654400000001,0</coordinates>
                </Point>
              </Placemark>
              <Placemark>
                <name>Telemetry 53</name>
                <styleUrl>#modifiedtelemetry</styleUrl>
                <TimeSpan>
                  <begin>2026-10-03T16:16:18.276443+00:00</begin>
                  <end>2026-10-03T16:16:19.276443+00:00</end>
                </TimeSpan>
                <Point>
                  <coordinates>-80.5768834,37.19654500000001,0</coordinates>
                </Point>
              </Placemark>
              <Placemark>
                <name>Telemetry 54</name>
                <styleUrl>#modifiedtelemetry</styleUrl>
                <TimeSpan>
                  <begin>2026-10-03T16:16:19.276443+00:00</begin>
                  <end>2026-10-03T16:16:20.276443+00:00</end>
                </TimeSpan>
                <Point>
                  <coordinates>-80.5767869,37.1964831,0</coordinates>
                </Point>
              </Placemark>
              <Placemark>
                <name>Telemetry 55</name>
                <styleUrl>#modifiedtelemetry</styleUrl>
                <TimeSpan>
                  <begin>2026-10-03T16:16:20.276443+00:00</begin>
                  <end>2026-10-03T16:16:21.276443+00:00</end>
                </TimeSpan>
                <Point>
                  <coordinates>-80.5767547,37.1964083,0</coordinates>
                </Point>
              </Placemark>
              <Placemark>
                <name>Telemetry 56</name>
                <styleUrl>#modifiedtelemetry</styleUrl>
                <TimeSpan>
                  <begin>2026-10-03T16:16:21.276443+00:00</begin>
                  <end>2026-10-03T16:16:22.276443+00:00</end>
                </TimeSpan>
                <Point>
                  <coordinates>-80.5767587,37.1963228,0</coordinates>
                </Point>
              </Placemark>
              <Placemark>
                <name>Telemetry 57</name>
                <styleUrl>#modifiedtelemetry</styleUrl>
                <TimeSpan>
                  <begin>2026-10-03T16:16:22.276443+00:00</begin>
                  <end>2026-10-03T16:16:23.276443+00:00</end>
                </TimeSpan>
                <Point>
                  <coordinates>-80.5767587,37.1961893,0</coordinates>
                </Point>
              </Placemark>
              <Placemark>
                <name>Telemetry 58</name>
                <styleUrl>#modifiedtelemetry</styleUrl>
                <TimeSpan>
                  <begin>2026-10-03T16:16:23.276443+00:00</begin>
                  <end>2026-10-03T16:16:24.276443+00:00</end>
                </TimeSpan>
                <Point>
                  <coordinates>-80.5766836,37.1961348,0</coordinates>
                </Point>
              </Placemark>
              <Placemark>
                <name>Telemetry 59</name>
                <styleUrl>#modifiedtelemetry</styleUrl>
                <TimeSpan>
                  <begin>2026-10-03T16:16:24.276443+00:00</begin>
                  <end>2026-10-03T16:16:25.276443+00:00</end>
                </TimeSpan>
                <Point>
                  <coordinates>-80.5766836,37.1960205,0</coordinates>
                </Point>
              </Placemark>
              <Placemark>
                <name>Telemetry 60</name>
                <styleUrl>#modifiedtelemetry</styleUrl>
                <TimeSpan>
                  <begin>2026-10-03T16:16:25.276443+00:00</begin>
                  <end>2026-10-03T16:16:26.276443+00:00</end>
                </TimeSpan>
                <Point>
                  <coordinates>-80.5767896,37.1960077,0</coordinates>
                </Point>
              </Placemark>
              <Placemark>
                <name>Telemetry 61</name>
                <styleUrl>#modifiedtelemetry</styleUrl>
                <TimeSpan>
                  <begin>2026-10-03T16:16:26.276443+00:00</begin>
                  <end>2026-10-03T16:16:27.276443+00:00</end>
                </TimeSpan>
                <Point>
                  <coordinates>-80.5769277,37.1959671,0</coordinates>
                </Point>
              </Placemark>
              <Placemark>
                <name>Telemetry 62</name>
                <styleUrl>#modifiedtelemetry</styleUrl>
                <TimeSpan>
                  <begin>2026-10-03T16:16:27.276443+00:00</begin>
                  <end>2026-10-03T16:16:28.276443+00:00</end>
                </TimeSpan>
                <Point>
                  <coordinates>-80.5770806,37.1959051,0</coordinates>
                </Point>
              </Placemark>
              <Placemark>
                <name>Telemetry 63</name>
                <styleUrl>#modifiedtelemetry</styleUrl>
                <TimeSpan>
                  <begin>2026-10-03T16:16:28.276443+00:00</begin>
                  <end>2026-10-03T16:16:29.276443+00:00</end>
                </TimeSpan>
                <Point>
                  <coordinates>-80.5771999,37.195896600000005,0</coordinates>
                </Point>
              </Placemark>
            </Folder>
          </Folder>
        </Folder>
        <Folder>
          <name>Service Provider polling</name>
        </Folder>
        <Folder>
          <name>Service Provider polling</name>
        </Folder>
        <Folder>
          <name>Service Provider polling</name>
        </Folder>
        <Folder>
          <name>Service Provider polling</name>
        </Folder>
        <Folder>
          <name>Service Provider polling</name>
        </Folder>
        <Folder>
          <name>Verify operator notification</name>
        </Folder>
        <Folder>
          <name>Intermediate cleanup</name>
        </Folder>
        <Folder>
          <name>Retrieve pre-existing operator notification</name>
        </Folder>
        <Folder>
          <name>Injection</name>
          <Folder>
            <name>E144: uss2 interuss.automated_testing.rid.v1.injection.createTest</name>
            <Folder>
              <name>Test flight 7da62758-a32c-4a7e-a9af-4d30ef001a6b</name>
              <Placemark>
                <name>Telemetry 0</name>
                <styleUrl>#modifiedtelemetry</styleUrl>
                <TimeSpan>
                  <begin>2026-10-03T16:15:35.897232+00:00</begin>
                  <end>2026-10-03T16:15:36.897232+00:00</end>
                </TimeSpan>
                <Point>
                  <coordinates>-80.57798081614081,37.197059404721635,0</coordinates>
                </Point>
              </Placemark>
              <Placemark>
                <name>Telemetry 1</name>
                <styleUrl>#modifiedtelemetry</styleUrl>
                <TimeSpan>
                  <begin>2026-10-03T16:15:36.897232+00:00</begin>
                  <end>2026-10-03T16:15:37.897232+00:00</end>
                </TimeSpan>
                <Point>
                  <coordinates>-80.57798798375362,37.197016214133484,0</coordinates>
                </Point>
              </Placemark>
              <Placemark>
                <name>Telemetry 2</name>
                <styleUrl>#modifiedtelemetry</styleUrl>
                <TimeSpan>
                  <begin>2026-10-03T16:15:37.897232+00:00</begin>
                  <end>2026-10-03T16:15:38.897232+00:00</end>
                </TimeSpan>
                <Point>
                  <coordinates>-80.57800212690604,37.196972734164305,0</coordinates>
                </Point>
              </Placemark>
              <Placemark>
                <name>Telemetry 3</name>
                <styleUrl>#modifiedtelemetry</styleUrl>
                <TimeSpan>
                  <begin>2026-10-03T16:15:38.897232+00:00</begin>
                  <end>2026-10-03T16:15:39.897232+00:00</end>
                </TimeSpan>
                <Point>
                  <coordinates>-80.57802342452034,37.196931703788785,0</coordinates>
                </Point>
              </Placemark>
              <Placemark>
                <name>Telemetry 4</name>
                <styleUrl>#modifiedtelemetry</styleUrl>
                <TimeSpan>
                  <begin>2026-10-03T16:15:39.897232+00:00</begin>
                  <end>2026-10-03T16:15:40.897232+00:00</end>
                </TimeSpan>
                <Point>
                  <coordinates>-80.57805344862881,37.19689368575391,0</coordinates>
                </Point>
              </Placemark>
              <Placemark>
                <name>Telemetry 5</name>
                <styleUrl>#modifiedtelemetry</styleUrl>
                <TimeSpan>
                  <begin>2026-10-03T16:15:40.897232+00:00</begin>
                  <end>2026-10-03T16:15:41.897232+00:00</end>
                </TimeSpan>
                <Point>
                  <coordinates>-80.57808720822365,37.19685213076737,0</coordinates>
                </Point>
              </Placemark>
              <Placemark>
                <name>Telemetry 6</name>
                <styleUrl>#modifiedtelemetry</styleUrl>
                <TimeSpan>
                  <begin>2026-10-03T16:15:41.897232+00:00</begin>
                  <end>2026-10-03T16:15:42.897232+00:00</end>
                </TimeSpan>
                <Point>
                  <coordinates>-80.57811722777369,37.19680923519623,0</coordinates>
                </Point>
              </Placemark>
              <Placemark>
                <name>Telemetry 7</name>
                <styleUrl>#modifiedtelemetry</styleUrl>
                <TimeSpan>
                  <begin>2026-10-03T16:15:42.897232+00:00</begin>
                  <end>2026-10-03T16:15:43.897232+00:00</end>
                </TimeSpan>
                <Point>
                  <coordinates>-80.5781323958596,37.1967658046547,0</coordinates>
                </Point>
              </Placemark>
              <Placemark>
                <name>Telemetry 8</name>
                <styleUrl>#modifiedtelemetry</styleUrl>
                <TimeSpan>
                  <begin>2026-10-03T16:15:43.897232+00:00</begin>
                  <end>2026-10-03T16:15:44.897232+00:00</end>
                </TimeSpan>
                <Point>
                  <coordinates>-80.57814392771789,37.19670166260832,0</coordinates>
                </Point>
              </Placemark>
              <Placemark>
                <name>Telemetry 9</name>
                <styleUrl>#modifiedtelemetry</styleUrl>
                <TimeSpan>
                  <begin>2026-10-03T16:15:44.897232+00:00</begin>
                  <end>2026-10-03T16:15:45.897232+00:00</end>
                </TimeSpan>
                <Point>
                  <coordinates>-80.57812974002694,37.19663489860375,0</coordinates>
                </Point>
              </Placemark>
              <Placemark>
                <name>Telemetry 10</name>
                <styleUrl>#modifiedtelemetry</styleUrl>
                <TimeSpan>
                  <begin>2026-10-03T16:15:45.897232+00:00</begin>
                  <end>2026-10-03T16:15:46.897232+00:00</end>
                </TimeSpan>
                <Point>
                  <coordinates>-80.57808680009781,37.19657292090538,0</coordinates>
                </Point>
              </Placemark>
              <Placemark>
                <name>Telemetry 11</name>
                <styleUrl>#modifiedtelemetry</styleUrl>
                <TimeSpan>
                  <begin>2026-10-03T16:15:46.897232+00:00</begin>
                  <end>2026-10-03T16:15:47.897232+00:00</end>
                </TimeSpan>
                <Point>
                  <coordinates>-80.57801685035301,37.19652877181478,0</coordinates>
                </Point>
              </Placemark>
              <Placemark>
                <name>Telemetry 12</name>
                <styleUrl>#modifiedtelemetry</styleUrl>
                <TimeSpan>
                  <begin>2026-10-03T16:15:47.897232+00:00</begin>
                  <end>2026-10-03T16:15:48.897232+00:00</end>
                </TimeSpan>
                <Point>
                  <coordinates>-80.57795541973255,37.19650790849303,0</coordinates>
                </Point>
              </Placemark>
              <Placemark>
                <name>Telemetry 13</name>
                <styleUrl>#modifiedtelemetry</styleUrl>
                <TimeSpan>
                  <begin>2026-10-03T16:15:48.897232+00:00</begin>
                  <end>2026-10-03T16:15:49.897232+00:00</end>
                </TimeSpan>
                <Point>
                  <coordinates>-80.57779490248247,37.19643592110631,0</coordinates>
                </Point>
              </Placemark>
              <Placemark>
                <name>Telemetry 14</name>
                <styleUrl>#modifiedtelemetry</styleUrl>
                <TimeSpan>
                  <begin>2026-10-03T16:15:49.897232+00:00</begin>
                  <end>2026-10-03T16:15:50.897232+00:00</end>
                </TimeSpan>
                <Point>
                  <coordinates>-80.57771381708879,37.19639543761661,0</coordinates>
                </Point>
              </Placemark>
              <Placemark>
                <name>Telemetry 15</name>
                <styleUrl>#modifiedtelemetry</styleUrl>
                <TimeSpan>
                  <begin>2026-10-03T16:15:50.897232+00:00</begin>
                  <end>2026-10-03T16:15:51.897232+00:00</end>
                </TimeSpan>
                <Point>
                  <coordinates>-80.5776456115435,37.19635960981006,0</coordinates>
                </Point>
              </Placemark>
              <Placemark>
                <name>Telemetry 16</name>
                <styleUrl>#modifiedtelemetry</styleUrl>
                <TimeSpan>
                  <begin>2026-10-03T16:15:51.897232+00:00</begin>
                  <end>2026-10-03T16:15:52.897232+00:00</end>
                </TimeSpan>
                <Point>
                  <coordinates>-80.57757190904874,37.19632841915715,0</coordinates>
                </Point>
              </Placemark>
              <Placemark>
                <name>Telemetry 17</name>
                <styleUrl>#modifiedtelemetry</styleUrl>
                <TimeSpan>
                  <begin>2026-10-03T16:15:52.897232+00:00</begin>
                  <end>2026-10-03T16:15:53.897232+00:00</end>
                </TimeSpan>
                <Point>
                  <coordinates>-80.57751114071674,37.19631735230622,0</coordinates>
                </Point>
              </Placemark>
              <Placemark>
                <name>Telemetry 18</name>
                <styleUrl>#modifiedtelemetry</styleUrl>
                <TimeSpan>
                  <begin>2026-10-03T16:15:53.897232+00:00</begin>
                  <end>2026-10-03T16:15:54.897232+00:00</end>
                </TimeSpan>
                <Point>
                  <coordinates>-80.57742677046657,37.19631370494702,0</coordinates>
                </Point>
              </Placemark>
              <Placemark>
                <name>Telemetry 19</name>
                <styleUrl>#modifiedtelemetry</styleUrl>
                <TimeSpan>
                  <begin>2026-10-03T16:15:54.897232+00:00</begin>
                  <end>2026-10-03T16:15:55.897232+00:00</end>
                </TimeSpan>
                <Point>
                  <coordinates>-80.5773706,37.1963054,0</coordinates>
                </Point>
              </Placemark>
              <Placemark>
                <name>Telemetry 20</name>
                <styleUrl>#modifiedtelemetry</styleUrl>
                <TimeSpan>
                  <begin>2026-10-03T16:15:55.897232+00:00</begin>
                  <end>2026-10-03T16:15:56.897232+00:00</end>
                </TimeSpan>
                <Point>
                  <coordinates>-80.5771453,37.1963577,0</coordinates>
                </Point>
              </Placemark>
              <Placemark>
                <name>Telemetry 21</name>
                <styleUrl>#modifiedtelemetry</styleUrl>
                <TimeSpan>
                  <begin>2026-10-03T16:15:56.897232+00:00</begin>
                  <end>2026-10-03T16:15:57.897232+00:00</end>
                </TimeSpan>
                <Point>
                  <coordinates>-80.5771265,37.1965735,0</coordinates>
                </Point>
              </Placemark>
              <Placemark>
                <name>Telemetry 22</name>
                <styleUrl>#modifiedtelemetry</styleUrl>
                <TimeSpan>
                  <begin>2026-10-03T16:15:57.897232+00:00</begin>
                  <end>2026-10-03T16:15:58.897232+00:00</end>
                </TimeSpan>
                <Point>
                  <coordinates>-80.57744590087025,37.19665029738701,0</coordinates>
                </Point>
              </Placemark>
              <Placemark>
                <name>Telemetry 23</name>
                <styleUrl>#modifiedtelemetry</styleUrl>
                <TimeSpan>
                  <begin>2026-10-03T16:15:58.897232+00:00</begin>
                  <end>2026-10-03T16:15:59.897232+00:00</end>
                </TimeSpan>
                <Point>
                  <coordinates>-80.5776442,37.1966013,0</coordinates>
                </Point>
              </Placemark>
              <Placemark>
                <name>Telemetry 24</name>
                <styleUrl>#modifiedtelemetry</styleUrl>
                <TimeSpan>
                  <begin>2026-10-03T16:15:59.897232+00:00</begin>
                  <end>2026-10-03T16:16:00.897232+00:00</end>
                </TimeSpan>
                <Point>
                  <coordinates>-80.57776806176655,37.1964375298218,0</coordinates>
                </Point>
              </Placemark>
              <Placemark>
                <name>Telemetry 25</name>
                <styleUrl>#modifiedtelemetry</styleUrl>
                <TimeSpan>
                  <begin>2026-10-03T16:16:00.897232+00:00</begin>
                  <end>2026-10-03T16:16:01.897232+00:00</end>
                </TimeSpan>
                <Point>
                  <coordinates>-80.57784172323511,37.1962376762061,0</coordinates>
                </Point>
              </Placemark>
              <Placemark>
                <name>Telemetry 26</name>
                <styleUrl>#modifiedtelemetry</styleUrl>
                <TimeSpan>
                  <begin>2026-10-03T16:16:01.897232+00:00</begin>
                  <end>2026-10-03T16:16:02.897232+00:00</end>
                </TimeSpan>
                <Point>
                  <coordinates>-80.5777311,37.1960563,0</coordinates>
                </Point>
              </Placemark>
              <Placemark>
                <name>Telemetry 27</name>
                <styleUrl>#modifiedtelemetry</styleUrl>
                <TimeSpan>
                  <begin>2026-10-03T16:16:02.897232+00:00</begin>
                  <end>2026-10-03T16:16:03.897232+00:00</end>
                </TimeSpan>
                <Point>
                  <coordinates>-80.57739321491916,37.19605837098315,0</coordinates>
                </Point>
              </Placemark>
              <Placemark>
                <name>Telemetry 28</name>
                <styleUrl>#modifiedtelemetry</styleUrl>
                <TimeSpan>
                  <begin>2026-10-03T16:16:03.897232+00:00</begin>
                  <end>2026-10-03T16:16:04.897232+00:00</end>
                </TimeSpan>
                <Point>
                  <coordinates>-80.5771357,37.1961151,0</coordinates>
                </Point>
              </Placemark>
              <Placemark>
                <name>Telemetry 29</name>
                <styleUrl>#modifiedtelemetry</styleUrl>
                <TimeSpan>
                  <begin>2026-10-03T16:16:04.897232+00:00</begin>
                  <end>2026-10-03T16:16:05.897232+00:00</end>
                </TimeSpan>
                <Point>
                  <coordinates>-80.5769627,37.1962283,0</coordinates>
                </Point>
              </Placemark>
              <Placemark>
                <name>Telemetry 30</name>
                <styleUrl>#modifiedtelemetry</styleUrl>
                <TimeSpan>
                  <begin>2026-10-03T16:16:05.897232+00:00</begin>
                  <end>2026-10-03T16:16:06.897232+00:00</end>
                </TimeSpan>
                <Point>
                  <coordinates>-80.5769184,37.1963885,0</coordinates>
                </Point>
              </Placemark>
              <Placemark>
                <name>Telemetry 31</name>
                <styleUrl>#modifiedtelemetry</styleUrl>
                <TimeSpan>
                  <begin>2026-10-03T16:16:06.897232+00:00</begin>
                  <end>2026-10-03T16:16:07.897232+00:00</end>
                </TimeSpan>
                <Point>
                  <coordinates>-80.5767347,37.1964356,0</coordinates>
                </Point>
              </Placemark>
              <Placemark>
                <name>Telemetry 32</name>
                <styleUrl>#modifiedtelemetry</styleUrl>
                <TimeSpan>
                  <begin>2026-10-03T16:16:07.897232+00:00</begin>
                  <end>2026-10-03T16:16:08.897232+00:00</end>
                </TimeSpan>
                <Point>
                  <coordinates>-80.5766366,37.1963538,0</coordinates>
                </Point>
              </Placemark>
              <Placemark>
                <name>Telemetry 33</name>
                <styleUrl>#modifiedtelemetry</styleUrl>
                <TimeSpan>
                  <begin>2026-10-03T16:16:08.897232+00:00</begin>
                  <end>2026-10-03T16:16:09.897232+00:00</end>
                </TimeSpan>
                <Point>
                  <coordinates>-80.5766634,37.1962096,0</coordinates>
                </Point>
              </Placemark>
              <Placemark>
                <name>Telemetry 34</name>
                <styleUrl>#modifiedtelemetry</styleUrl>
                <TimeSpan>
                  <begin>2026-10-03T16:16:09.897232+00:00</begin>
                  <end>2026-10-03T16:16:10.897232+00:00</end>
                </TimeSpan>
                <Point>
                  <coordinates>-80.5767707,37.1961284,0</coordinates>
                </Point>
              </Placemark>
              <Placemark>
                <name>Telemetry 35</name>
                <styleUrl>#modifiedtelemetry</styleUrl>
                <TimeSpan>
                  <begin>2026-10-03T16:16:10.897232+00:00</begin>
                  <end>2026-10-03T16:16:11.897232+00:00</end>
                </TimeSpan>
                <Point>
                  <coordinates>-80.5768887,37.1960493,0</coordinates>
                </Point>
              </Placemark>
              <Placemark>
                <name>Telemetry 36</name>
                <styleUrl>#modifiedtelemetry</styleUrl>
                <TimeSpan>
                  <begin>2026-10-03T16:16:11.897232+00:00</begin>
                  <end>2026-10-03T16:16:12.897232+00:00</end>
                </TimeSpan>
                <Point>
                  <coordinates>-80.5770684,37.1959745,0</coordinates>
                </Point>
              </Placemark>
              <Placemark>
                <name>Telemetry 37</name>
                <styleUrl>#modifiedtelemetry</styleUrl>
                <TimeSpan>
                  <begin>2026-10-03T16:16:12.897232+00:00</begin>
                  <end>2026-10-03T16:16:13.897232+00:00</end>
                </TimeSpan>
                <Point>
                  <coordinates>-80.5771757,37.19596070000001,0</coordinates>
                </Point>
              </Placemark>
              <Placemark>
                <name>Telemetry 38</name>
                <styleUrl>#modifiedtelemetry</styleUrl>
                <TimeSpan>
                  <begin>2026-10-03T16:16:13.897232+00:00</begin>
                  <end>2026-10-03T16:16:14.897232+00:00</end>
                </TimeSpan>
                <Point>
                  <coordinates>-80.5772937,37.19598200000001,0</coordinates>
                </Point>
              </Placemark>
              <Placemark>
                <name>Telemetry 39</name>
                <styleUrl>#modifiedtelemetry</styleUrl>
                <TimeSpan>
                  <begin>2026-10-03T16:16:14.897232+00:00</begin>
                  <end>2026-10-03T16:16:15.897232+00:00</end>
                </TimeSpan>
                <Point>
                  <coordinates>-80.5773326,37.1960942,0</coordinates>
                </Point>
              </Placemark>
              <Placemark>
                <name>Telemetry 40</name>
                <styleUrl>#modifiedtelemetry</styleUrl>
                <TimeSpan>
                  <begin>2026-10-03T16:16:15.897232+00:00</begin>
                  <end>2026-10-03T16:16:16.897232+00:00</end>
                </TimeSpan>
                <Point>
                  <coordinates>-80.577283,37.19619780000001,0</coordinates>
                </Point>
              </Placemark>
              <Placemark>
                <name>Telemetry 41</name>
                <styleUrl>#modifiedtelemetry</styleUrl>
                <TimeSpan>
                  <begin>2026-10-03T16:16:16.897232+00:00</begin>
                  <end>2026-10-03T16:16:17.897232+00:00</end>
                </TimeSpan>
                <Point>
                  <coordinates>-80.5772602,37.1963495,0</coordinates>
                </Point>
              </Placemark>
              <Placemark>
                <name>Telemetry 42</name>
                <styleUrl>#modifiedtelemetry</styleUrl>
                <TimeSpan>
                  <begin>2026-10-03T16:16:17.897232+00:00</begin>
                  <end>2026-10-03T16:16:18.897232+00:00</end>
                </TimeSpan>
                <Point>
                  <coordinates>-80.5772817,37.1964692,0</coordinates>
                </Point>
              </Placemark>
              <Placemark>
                <name>Telemetry 43</name>
                <styleUrl>#modifiedtelemetry</styleUrl>
                <TimeSpan>
                  <begin>2026-10-03T16:16:18.897232+00:00</begin>
                  <end>2026-10-03T16:16:19.897232+00:00</end>
                </TimeSpan>
                <Point>
                  <coordinates>-80.5773863,37.1965546,0</coordinates>
                </Point>
              </Placemark>
              <Placemark>
                <name>Telemetry 44</name>
                <styleUrl>#modifiedtelemetry</styleUrl>
                <TimeSpan>
                  <begin>2026-10-03T16:16:19.897232+00:00</begin>
                  <end>2026-10-03T16:16:20.897232+00:00</end>
                </TimeSpan>
                <Point>
                  <coordinates>-80.5775406,37.1965589,0</coordinates>
                </Point>
              </Placemark>
              <Placemark>
                <name>Telemetry 45</name>
                <styleUrl>#modifiedtelemetry</styleUrl>
                <TimeSpan>
                  <begin>2026-10-03T16:16:20.897232+00:00</begin>
                  <end>2026-10-03T16:16:21.897232+00:00</end>
                </TimeSpan>
                <Point>
                  <coordinates>-80.57763850000002,37.1965782,0</coordinates>
                </Point>
              </Placemark>
              <Placemark>
                <name>Telemetry 46</name>
                <styleUrl>#modifiedtelemetry</styleUrl>
                <TimeSpan>
                  <begin>2026-10-03T16:16:21.897232+00:00</begin>
                  <end>2026-10-03T16:16:22.897232+00:00</end>
                </TimeSpan>
                <Point>
                  <coordinates>-80.57763850000002,37.1966679,0</coordinates>
                </Point>
              </Placemark>
              <Placemark>
                <name>Telemetry 47</name>
                <styleUrl>#modifiedtelemetry</styleUrl>
                <TimeSpan>
                  <begin>2026-10-03T16:16:22.897232+00:00</begin>
                  <end>2026-10-03T16:16:23.897232+00:00</end>
                </TimeSpan>
                <Point>
                  <coordinates>-80.5775473,37.1967074,0</coordinates>
                </Point>
              </Placemark>
              <Placemark>
                <name>Telemetry 48</name>
                <styleUrl>#modifiedtelemetry</styleUrl>
                <TimeSpan>
                  <begin>2026-10-03T16:16:23.897232+00:00</begin>
                  <end>2026-10-03T16:16:24.897232+00:00</end>
                </TimeSpan>
                <Point>
                  <coordinates>-80.5773823,37.1966967,0</coordinates>
                </Point>
              </Placemark>
              <Placemark>
                <name>Telemetry 49</name>
                <styleUrl>#modifiedtelemetry</styleUrl>
                <TimeSpan>
                  <begin>2026-10-03T16:16:24.897232+00:00</begin>
                  <end>2026-10-03T16:16:25.897232+00:00</end>
                </TimeSpan>
                <Point>
                  <coordinates>-80.5773421,37.1966241,0</coordinates>
                </Point>
              </Placemark>
              <Placemark>
                <name>Telemetry 50</name>
                <styleUrl>#modifiedtelemetry</styleUrl>
                <TimeSpan>
                  <begin>2026-10-03T16:16:25.897232+00:00</begin>
                  <end>2026-10-03T16:16:26.897232+00:00</end>
                </TimeSpan>
                <Point>
                  <coordinates>-80.5773005,37.196528,0</coordinates>
                </Point>
              </Placemark>
              <Placemark>
                <name>Telemetry 51</name>
                <styleUrl>#modifiedtelemetry</styleUrl>
                <TimeSpan>
                  <begin>2026-10-03T16:16:26.897232+00:00</begin>
                  <end>2026-10-03T16:16:27.897232+00:00</end>
                </TimeSpan>
                <Point>
                  <coordinates>-80.5771557,37.1965055,0</coordinates>
                </Point>
              </Placemark>
              <Placemark>
                <name>Telemetry 52</name>
                <styleUrl>#modifiedtelemetry</styleUrl>
                <TimeSpan>
                  <begin>2026-10-03T16:16:27.897232+00:00</begin>
                  <end>2026-10-03T16:16:28.897232+00:00</end>
                </TimeSpan>
                <Point>
                  <coordinates>-80.5770457,37.19654400000001,0</coordinates>
                </Point>
              </Placemark>
              <Placemark>
                <name>Telemetry 53</name>
                <styleUrl>#modifiedtelemetry</styleUrl>
                <TimeSpan>
                  <begin>2026-10-03T16:16:28.897232+00:00</begin>
                  <end>2026-10-03T16:16:29.897232+00:00</end>
                </TimeSpan>
                <Point>
                  <coordinates>-80.5768834,37.19654500000001,0</coordinates>
                </Point>
              </Placemark>
              <Placemark>
                <name>Telemetry 54</name>
                <styleUrl>#modifiedtelemetry</styleUrl>
                <TimeSpan>
                  <begin>2026-10-03T16:16:29.897232+00:00</begin>
                  <end>2026-10-03T16:16:30.897232+00:00</end>
                </TimeSpan>
                <Point>
                  <coordinates>-80.5767869,37.1964831,0</coordinates>
                </Point>
              </Placemark>
              <Placemark>
                <name>Telemetry 55</name>
                <styleUrl>#modifiedtelemetry</styleUrl>
                <TimeSpan>
                  <begin>2026-10-03T16:16:30.897232+00:00</begin>
                  <end>2026-10-03T16:16:31.897232+00:00</end>
                </TimeSpan>
                <Point>
                  <coordinates>-80.5767547,37.1964083,0</coordinates>
                </Point>
              </Placemark>
              <Placemark>
                <name>Telemetry 56</name>
                <styleUrl>#modifiedtelemetry</styleUrl>
                <TimeSpan>
                  <begin>2026-10-03T16:16:31.897232+00:00</begin>
                  <end>2026-10-03T16:16:32.897232+00:00</end>
                </TimeSpan>
                <Point>
                  <coordinates>-80.5767587,37.1963228,0</coordinates>
                </Point>
              </Placemark>
              <Placemark>
                <name>Telemetry 57</name>
                <styleUrl>#modifiedtelemetry</styleUrl>
                <TimeSpan>
                  <begin>2026-10-03T16:16:32.897232+00:00</begin>
                  <end>2026-10-03T16:16:33.897232+00:00</end>
                </TimeSpan>
                <Point>
                  <coordinates>-80.5767587,37.1961893,0</coordinates>
                </Point>
              </Placemark>
              <Placemark>
                <name>Telemetry 58</name>
                <styleUrl>#modifiedtelemetry</styleUrl>
                <TimeSpan>
                  <begin>2026-10-03T16:16:33.897232+00:00</begin>
                  <end>2026-10-03T16:16:34.897232+00:00</end>
                </TimeSpan>
                <Point>
                  <coordinates>-80.5766836,37.1961348,0</coordinates>
                </Point>
              </Placemark>
              <Placemark>
                <name>Telemetry 59</name>
                <styleUrl>#modifiedtelemetry</styleUrl>
                <TimeSpan>
                  <begin>2026-10-03T16:16:34.897232+00:00</begin>
                  <end>2026-10-03T16:16:35.897232+00:00</end>
                </TimeSpan>
                <Point>
                  <coordinates>-80.5766836,37.1960205,0</coordinates>
                </Point>
              </Placemark>
              <Placemark>
                <name>Telemetry 60</name>
                <styleUrl>#modifiedtelemetry</styleUrl>
                <TimeSpan>
                  <begin>2026-10-03T16:16:35.897232+00:00</begin>
                  <end>2026-10-03T16:16:36.897232+00:00</end>
                </TimeSpan>
                <Point>
                  <coordinates>-80.5767896,37.1960077,0</coordinates>
                </Point>
              </Placemark>
              <Placemark>
                <name>Telemetry 61</name>
                <styleUrl>#modifiedtelemetry</styleUrl>
                <TimeSpan>
                  <begin>2026-10-03T16:16:36.897232+00:00</begin>
                  <end>2026-10-03T16:16:37.897232+00:00</end>
                </TimeSpan>
                <Point>
                  <coordinates>-80.5769277,37.1959671,0</coordinates>
                </Point>
              </Placemark>
              <Placemark>
                <name>Telemetry 62</name>
                <styleUrl>#modifiedtelemetry</styleUrl>
                <TimeSpan>
                  <begin>2026-10-03T16:16:37.897232+00:00</begin>
                  <end>2026-10-03T16:16:38.897232+00:00</end>
                </TimeSpan>
                <Point>
                  <coordinates>-80.5770806,37.1959051,0</coordinates>
                </Point>
              </Placemark>
              <Placemark>
                <name>Telemetry 63</name>
                <styleUrl>#modifiedtelemetry</styleUrl>
                <TimeSpan>
                  <begin>2026-10-03T16:16:38.897232+00:00</begin>
                  <end>2026-10-03T16:16:39.897232+00:00</end>
                </TimeSpan>
                <Point>
                  <coordinates>-80.5771999,37.195896600000005,0</coordinates>
                </Point>
              </Placemark>
            </Folder>
          </Folder>
        </Folder>
        <Folder>
          <name>Service Provider polling</name>
        </Folder>
        <Folder>
          <name>Service Provider polling</name>
        </Folder>
        <Folder>
          <name>Service Provider polling</name>
        </Folder>
        <Folder>
          <name>Service Provider polling</name>
        </Folder>
        <Folder>
          <name>Service Provider polling</name>
        </Folder>
        <Folder>
          <name>Verify operator notification</name>
        </Folder>
        <Folder>
          <name>Intermediate cleanup</name>
        </Folder>
        <Folder>
          <name>Retrieve pre-existing operator notification</name>
        </Folder>
        <Folder>
          <name>Injection</name>
          <Folder>
            <name>E164: uss2 interuss.automated_testing.rid.v1.injection.createTest</name>
            <Folder>
              <name>Test flight c80598bb-d5ad-4e7d-9e95-3831a5fcf6cf</name>
              <Placemark>
                <name>Telemetry 0</name>
                <styleUrl>#modifiedtelemetry</styleUrl>
                <TimeSpan>
                  <begin>2026-10-03T16:15:46.521696+00:00</begin>
                  <end>2026-10-03T16:15:47.521696+00:00</end>
                </TimeSpan>
                <Point>
                  <coordinates>-80.57798081614081,37.197059404721635,0</coordinates>
                </Point>
              </Placemark>
              <Placemark>
                <name>Telemetry 1</name>
                <styleUrl>#modifiedtelemetry</styleUrl>
                <TimeSpan>
                  <begin>2026-10-03T16:15:47.521696+00:00</begin>
                  <end>2026-10-03T16:15:48.521696+00:00</end>
                </TimeSpan>
                <Point>
                  <coordinates>-80.57798798375362,37.197016214133484,0</coordinates>
                </Point>
              </Placemark>
              <Placemark>
                <name>Telemetry 2</name>
                <styleUrl>#modifiedtelemetry</styleUrl>
                <TimeSpan>
                  <begin>2026-10-03T16:15:48.521696+00:00</begin>
                  <end>2026-10-03T16:15:49.521696+00:00</end>
                </TimeSpan>
                <Point>
                  <coordinates>-80.57800212690604,37.196972734164305,0</coordinates>
                </Point>
              </Placemark>
              <Placemark>
                <name>Telemetry 3</name>
                <styleUrl>#modifiedtelemetry</styleUrl>
                <TimeSpan>
                  <begin>2026-10-03T16:15:49.521696+00:00</begin>
                  <end>2026-10-03T16:15:50.521696+00:00</end>
                </TimeSpan>
                <Point>
                  <coordinates>-80.57802342452034,37.196931703788785,0</coordinates>
                </Point>
              </Placemark>
              <Placemark>
                <name>Telemetry 4</name>
                <styleUrl>#modifiedtelemetry</styleUrl>
                <TimeSpan>
                  <begin>2026-10-03T16:15:50.521696+00:00</begin>
                  <end>2026-10-03T16:15:51.521696+00:00</end>
                </TimeSpan>
                <Point>
                  <coordinates>-80.57805344862881,37.19689368575391,0</coordinates>
                </Point>
              </Placemark>
              <Placemark>
                <name>Telemetry 5</name>
                <styleUrl>#modifiedtelemetry</styleUrl>
                <TimeSpan>
                  <begin>2026-10-03T16:15:51.521696+00:00</begin>
                  <end>2026-10-03T16:15:52.521696+00:00</end>
                </TimeSpan>
                <Point>
                  <coordinates>-80.57808720822365,37.19685213076737,0</coordinates>
                </Point>
              </Placemark>
              <Placemark>
                <name>Telemetry 6</name>
                <styleUrl>#modifiedtelemetry</styleUrl>
                <TimeSpan>
                  <begin>2026-10-03T16:15:52.521696+00:00</begin>
                  <end>2026-10-03T16:15:53.521696+00:00</end>
                </TimeSpan>
                <Point>
                  <coordinates>-80.57811722777369,37.19680923519623,0</coordinates>
                </Point>
              </Placemark>
              <Placemark>
                <name>Telemetry 7</name>
                <styleUrl>#modifiedtelemetry</styleUrl>
                <TimeSpan>
                  <begin>2026-10-03T16:15:53.521696+00:00</begin>
                  <end>2026-10-03T16:15:54.521696+00:00</end>
                </TimeSpan>
                <Point>
                  <coordinates>-80.5781323958596,37.1967658046547,0</coordinates>
                </Point>
              </Placemark>
              <Placemark>
                <name>Telemetry 8</name>
                <styleUrl>#modifiedtelemetry</styleUrl>
                <TimeSpan>
                  <begin>2026-10-03T16:15:54.521696+00:00</begin>
                  <end>2026-10-03T16:15:55.521696+00:00</end>
                </TimeSpan>
                <Point>
                  <coordinates>-80.57814392771789,37.19670166260832,0</coordinates>
                </Point>
              </Placemark>
              <Placemark>
                <name>Telemetry 9</name>
                <styleUrl>#modifiedtelemetry</styleUrl>
                <TimeSpan>
                  <begin>2026-10-03T16:15:55.521696+00:00</begin>
                  <end>2026-10-03T16:15:56.521696+00:00</end>
                </TimeSpan>
                <Point>
                  <coordinates>-80.57812974002694,37.19663489860375,0</coordinates>
                </Point>
              </Placemark>
              <Placemark>
                <name>Telemetry 10</name>
                <styleUrl>#modifiedtelemetry</styleUrl>
                <TimeSpan>
                  <begin>2026-10-03T16:15:56.521696+00:00</begin>
                  <end>2026-10-03T16:15:57.521696+00:00</end>
                </TimeSpan>
                <Point>
                  <coordinates>-80.57808680009781,37.19657292090538,0</coordinates>
                </Point>
              </Placemark>
              <Placemark>
                <name>Telemetry 11</name>
                <styleUrl>#modifiedtelemetry</styleUrl>
                <TimeSpan>
                  <begin>2026-10-03T16:15:57.521696+00:00</begin>
                  <end>2026-10-03T16:15:58.521696+00:00</end>
                </TimeSpan>
                <Point>
                  <coordinates>-80.57801685035301,37.19652877181478,0</coordinates>
                </Point>
              </Placemark>
              <Placemark>
                <name>Telemetry 12</name>
                <styleUrl>#modifiedtelemetry</styleUrl>
                <TimeSpan>
                  <begin>2026-10-03T16:15:58.521696+00:00</begin>
                  <end>2026-10-03T16:15:59.521696+00:00</end>
                </TimeSpan>
                <Point>
                  <coordinates>-80.57795541973255,37.19650790849303,0</coordinates>
                </Point>
              </Placemark>
              <Placemark>
                <name>Telemetry 13</name>
                <styleUrl>#modifiedtelemetry</styleUrl>
                <TimeSpan>
                  <begin>2026-10-03T16:15:59.521696+00:00</begin>
                  <end>2026-10-03T16:16:00.521696+00:00</end>
                </TimeSpan>
                <Point>
                  <coordinates>-80.57779490248247,37.19643592110631,0</coordinates>
                </Point>
              </Placemark>
              <Placemark>
                <name>Telemetry 14</name>
                <styleUrl>#modifiedtelemetry</styleUrl>
                <TimeSpan>
                  <begin>2026-10-03T16:16:00.521696+00:00</begin>
                  <end>2026-10-03T16:16:01.521696+00:00</end>
                </TimeSpan>
                <Point>
                  <coordinates>-80.57771381708879,37.19639543761661,0</coordinates>
                </Point>
              </Placemark>
              <Placemark>
                <name>Telemetry 15</name>
                <styleUrl>#modifiedtelemetry</styleUrl>
                <TimeSpan>
                  <begin>2026-10-03T16:16:01.521696+00:00</begin>
                  <end>2026-10-03T16:16:02.521696+00:00</end>
                </TimeSpan>
                <Point>
                  <coordinates>-80.5776456115435,37.19635960981006,0</coordinates>
                </Point>
              </Placemark>
              <Placemark>
                <name>Telemetry 16</name>
                <styleUrl>#modifiedtelemetry</styleUrl>
                <TimeSpan>
                  <begin>2026-10-03T16:16:02.521696+00:00</begin>
                  <end>2026-10-03T16:16:03.521696+00:00</end>
                </TimeSpan>
                <Point>
                  <coordinates>-80.57757190904874,37.19632841915715,0</coordinates>
                </Point>
              </Placemark>
              <Placemark>
                <name>Telemetry 17</name>
                <styleUrl>#modifiedtelemetry</styleUrl>
                <TimeSpan>
                  <begin>2026-10-03T16:16:03.521696+00:00</begin>
                  <end>2026-10-03T16:16:04.521696+00:00</end>
                </TimeSpan>
                <Point>
                  <coordinates>-80.57751114071674,37.19631735230622,0</coordinates>
                </Point>
              </Placemark>
              <Placemark>
                <name>Telemetry 18</name>
                <styleUrl>#modifiedtelemetry</styleUrl>
                <TimeSpan>
                  <begin>2026-10-03T16:16:04.521696+00:00</begin>
                  <end>2026-10-03T16:16:05.521696+00:00</end>
                </TimeSpan>
                <Point>
                  <coordinates>-80.57742677046657,37.19631370494702,0</coordinates>
                </Point>
              </Placemark>
              <Placemark>
                <name>Telemetry 19</name>
                <styleUrl>#modifiedtelemetry</styleUrl>
                <TimeSpan>
                  <begin>2026-10-03T16:16:05.521696+00:00</begin>
                  <end>2026-10-03T16:16:06.521696+00:00</end>
                </TimeSpan>
                <Point>
                  <coordinates>-80.5773706,37.1963054,0</coordinates>
                </Point>
              </Placemark>
              <Placemark>
                <name>Telemetry 20</name>
                <styleUrl>#modifiedtelemetry</styleUrl>
                <TimeSpan>
                  <begin>2026-10-03T16:16:06.521696+00:00</begin>
                  <end>2026-10-03T16:16:07.521696+00:00</end>
                </TimeSpan>
                <Point>
                  <coordinates>-80.5771453,37.1963577,0</coordinates>
                </Point>
              </Placemark>
              <Placemark>
                <name>Telemetry 21</name>
                <styleUrl>#modifiedtelemetry</styleUrl>
                <TimeSpan>
                  <begin>2026-10-03T16:16:07.521696+00:00</begin>
                  <end>2026-10-03T16:16:08.521696+00:00</end>
                </TimeSpan>
                <Point>
                  <coordinates>-80.5771265,37.1965735,0</coordinates>
                </Point>
              </Placemark>
              <Placemark>
                <name>Telemetry 22</name>
                <styleUrl>#modifiedtelemetry</styleUrl>
                <TimeSpan>
                  <begin>2026-10-03T16:16:08.521696+00:00</begin>
                  <end>2026-10-03T16:16:09.521696+00:00</end>
                </TimeSpan>
                <Point>
                  <coordinates>-80.57744590087025,37.19665029738701,0</coordinates>
                </Point>
              </Placemark>
              <Placemark>
                <name>Telemetry 23</name>
                <styleUrl>#modifiedtelemetry</styleUrl>
                <TimeSpan>
                  <begin>2026-10-03T16:16:09.521696+00:00</begin>
                  <end>2026-10-03T16:16:10.521696+00:00</end>
                </TimeSpan>
                <Point>
                  <coordinates>-80.5776442,37.1966013,0</coordinates>
                </Point>
              </Placemark>
              <Placemark>
                <name>Telemetry 24</name>
                <styleUrl>#modifiedtelemetry</styleUrl>
                <TimeSpan>
                  <begin>2026-10-03T16:16:10.521696+00:00</begin>
                  <end>2026-10-03T16:16:11.521696+00:00</end>
                </TimeSpan>
                <Point>
                  <coordinates>-80.57776806176655,37.1964375298218,0</coordinates>
                </Point>
              </Placemark>
              <Placemark>
                <name>Telemetry 25</name>
                <styleUrl>#modifiedtelemetry</styleUrl>
                <TimeSpan>
                  <begin>2026-10-03T16:16:11.521696+00:00</begin>
                  <end>2026-10-03T16:16:12.521696+00:00</end>
                </TimeSpan>
                <Point>
                  <coordinates>-80.57784172323511,37.1962376762061,0</coordinates>
                </Point>
              </Placemark>
              <Placemark>
                <name>Telemetry 26</name>
                <styleUrl>#modifiedtelemetry</styleUrl>
                <TimeSpan>
                  <begin>2026-10-03T16:16:12.521696+00:00</begin>
                  <end>2026-10-03T16:16:13.521696+00:00</end>
                </TimeSpan>
                <Point>
                  <coordinates>-80.5777311,37.1960563,0</coordinates>
                </Point>
              </Placemark>
              <Placemark>
                <name>Telemetry 27</name>
                <styleUrl>#modifiedtelemetry</styleUrl>
                <TimeSpan>
                  <begin>2026-10-03T16:16:13.521696+00:00</begin>
                  <end>2026-10-03T16:16:14.521696+00:00</end>
                </TimeSpan>
                <Point>
                  <coordinates>-80.57739321491916,37.19605837098315,0</coordinates>
                </Point>
              </Placemark>
              <Placemark>
                <name>Telemetry 28</name>
                <styleUrl>#modifiedtelemetry</styleUrl>
                <TimeSpan>
                  <begin>2026-10-03T16:16:14.521696+00:00</begin>
                  <end>2026-10-03T16:16:15.521696+00:00</end>
                </TimeSpan>
                <Point>
                  <coordinates>-80.5771357,37.1961151,0</coordinates>
                </Point>
              </Placemark>
              <Placemark>
                <name>Telemetry 29</name>
                <styleUrl>#modifiedtelemetry</styleUrl>
                <TimeSpan>
                  <begin>2026-10-03T16:16:15.521696+00:00</begin>
                  <end>2026-10-03T16:16:16.521696+00:00</end>
                </TimeSpan>
                <Point>
                  <coordinates>-80.5769627,37.1962283,0</coordinates>
                </Point>
              </Placemark>
              <Placemark>
                <name>Telemetry 30</name>
                <styleUrl>#modifiedtelemetry</styleUrl>
                <TimeSpan>
                  <begin>2026-10-03T16:16:16.521696+00:00</begin>
                  <end>2026-10-03T16:16:17.521696+00:00</end>
                </TimeSpan>
                <Point>
                  <coordinates>-80.5769184,37.1963885,0</coordinates>
                </Point>
              </Placemark>
              <Placemark>
                <name>Telemetry 31</name>
                <styleUrl>#modifiedtelemetry</styleUrl>
                <TimeSpan>
                  <begin>2026-10-03T16:16:17.521696+00:00</begin>
                  <end>2026-10-03T16:16:18.521696+00:00</end>
                </TimeSpan>
                <Point>
                  <coordinates>-80.5767347,37.1964356,0</coordinates>
                </Point>
              </Placemark>
              <Placemark>
                <name>Telemetry 32</name>
                <styleUrl>#modifiedtelemetry</styleUrl>
                <TimeSpan>
                  <begin>2026-10-03T16:16:18.521696+00:00</begin>
                  <end>2026-10-03T16:16:19.521696+00:00</end>
                </TimeSpan>
                <Point>
                  <coordinates>-80.5766366,37.1963538,0</coordinates>
                </Point>
              </Placemark>
              <Placemark>
                <name>Telemetry 33</name>
                <styleUrl>#modifiedtelemetry</styleUrl>
                <TimeSpan>
                  <begin>2026-10-03T16:16:19.521696+00:00</begin>
                  <end>2026-10-03T16:16:20.521696+00:00</end>
                </TimeSpan>
                <Point>
                  <coordinates>-80.5766634,37.1962096,0</coordinates>
                </Point>
              </Placemark>
              <Placemark>
                <name>Telemetry 34</name>
                <styleUrl>#modifiedtelemetry</styleUrl>
                <TimeSpan>
                  <begin>2026-10-03T16:16:20.521696+00:00</begin>
                  <end>2026-10-03T16:16:21.521696+00:00</end>
                </TimeSpan>
                <Point>
                  <coordinates>-80.5767707,37.1961284,0</coordinates>
                </Point>
              </Placemark>
              <Placemark>
                <name>Telemetry 35</name>
                <styleUrl>#modifiedtelemetry</styleUrl>
                <TimeSpan>
                  <begin>2026-10-03T16:16:21.521696+00:00</begin>
                  <end>2026-10-03T16:16:22.521696+00:00</end>
                </TimeSpan>
                <Point>
                  <coordinates>-80.5768887,37.1960493,0</coordinates>
                </Point>
              </Placemark>
              <Placemark>
                <name>Telemetry 36</name>
                <styleUrl>#modifiedtelemetry</styleUrl>
                <TimeSpan>
                  <begin>2026-10-03T16:16:22.521696+00:00</begin>
                  <end>2026-10-03T16:16:23.521696+00:00</end>
                </TimeSpan>
                <Point>
                  <coordinates>-80.5770684,37.1959745,0</coordinates>
                </Point>
              </Placemark>
              <Placemark>
                <name>Telemetry 37</name>
                <styleUrl>#modifiedtelemetry</styleUrl>
                <TimeSpan>
                  <begin>2026-10-03T16:16:23.521696+00:00</begin>
                  <end>2026-10-03T16:16:24.521696+00:00</end>
                </TimeSpan>
                <Point>
                  <coordinates>-80.5771757,37.19596070000001,0</coordinates>
                </Point>
              </Placemark>
              <Placemark>
                <name>Telemetry 38</name>
                <styleUrl>#modifiedtelemetry</styleUrl>
                <TimeSpan>
                  <begin>2026-10-03T16:16:24.521696+00:00</begin>
                  <end>2026-10-03T16:16:25.521696+00:00</end>
                </TimeSpan>
                <Point>
                  <coordinates>-80.5772937,37.19598200000001,0</coordinates>
                </Point>
              </Placemark>
              <Placemark>
                <name>Telemetry 39</name>
                <styleUrl>#modifiedtelemetry</styleUrl>
                <TimeSpan>
                  <begin>2026-10-03T16:16:25.521696+00:00</begin>
                  <end>2026-10-03T16:16:26.521696+00:00</end>
                </TimeSpan>
                <Point>
                  <coordinates>-80.5773326,37.1960942,0</coordinates>
                </Point>
              </Placemark>
              <Placemark>
                <name>Telemetry 40</name>
                <styleUrl>#modifiedtelemetry</styleUrl>
                <TimeSpan>
                  <begin>2026-10-03T16:16:26.521696+00:00</begin>
                  <end>2026-10-03T16:16:27.521696+00:00</end>
                </TimeSpan>
                <Point>
                  <coordinates>-80.577283,37.19619780000001,0</coordinates>
                </Point>
              </Placemark>
              <Placemark>
                <name>Telemetry 41</name>
                <styleUrl>#modifiedtelemetry</styleUrl>
                <TimeSpan>
                  <begin>2026-10-03T16:16:27.521696+00:00</begin>
                  <end>2026-10-03T16:16:28.521696+00:00</end>
                </TimeSpan>
                <Point>
                  <coordinates>-80.5772602,37.1963495,0</coordinates>
                </Point>
              </Placemark>
              <Placemark>
                <name>Telemetry 42</name>
                <styleUrl>#modifiedtelemetry</styleUrl>
                <TimeSpan>
                  <begin>2026-10-03T16:16:28.521696+00:00</begin>
                  <end>2026-10-03T16:16:29.521696+00:00</end>
                </TimeSpan>
                <Point>
                  <coordinates>-80.5772817,37.1964692,0</coordinates>
                </Point>
              </Placemark>
              <Placemark>
                <name>Telemetry 43</name>
                <styleUrl>#modifiedtelemetry</styleUrl>
                <TimeSpan>
                  <begin>2026-10-03T16:16:29.521696+00:00</begin>
                  <end>2026-10-03T16:16:30.521696+00:00</end>
                </TimeSpan>
                <Point>
                  <coordinates>-80.5773863,37.1965546,0</coordinates>
                </Point>
              </Placemark>
              <Placemark>
                <name>Telemetry 44</name>
                <styleUrl>#modifiedtelemetry</styleUrl>
                <TimeSpan>
                  <begin>2026-10-03T16:16:30.521696+00:00</begin>
                  <end>2026-10-03T16:16:31.521696+00:00</end>
                </TimeSpan>
                <Point>
                  <coordinates>-80.5775406,37.1965589,0</coordinates>
                </Point>
              </Placemark>
              <Placemark>
                <name>Telemetry 45</name>
                <styleUrl>#modifiedtelemetry</styleUrl>
                <TimeSpan>
                  <begin>2026-10-03T16:16:31.521696+00:00</begin>
                  <end>2026-10-03T16:16:32.521696+00:00</end>
                </TimeSpan>
                <Point>
                  <coordinates>-80.57763850000002,37.1965782,0</coordinates>
                </Point>
              </Placemark>
              <Placemark>
                <name>Telemetry 46</name>
                <styleUrl>#modifiedtelemetry</styleUrl>
                <TimeSpan>
                  <begin>2026-10-03T16:16:32.521696+00:00</begin>
                  <end>2026-10-03T16:16:33.521696+00:00</end>
                </TimeSpan>
                <Point>
                  <coordinates>-80.57763850000002,37.1966679,0</coordinates>
                </Point>
              </Placemark>
              <Placemark>
                <name>Telemetry 47</name>
                <styleUrl>#modifiedtelemetry</styleUrl>
                <TimeSpan>
                  <begin>2026-10-03T16:16:33.521696+00:00</begin>
                  <end>2026-10-03T16:16:34.521696+00:00</end>
                </TimeSpan>
                <Point>
                  <coordinates>-80.5775473,37.1967074,0</coordinates>
                </Point>
              </Placemark>
              <Placemark>
                <name>Telemetry 48</name>
                <styleUrl>#modifiedtelemetry</styleUrl>
                <TimeSpan>
                  <begin>2026-10-03T16:16:34.521696+00:00</begin>
                  <end>2026-10-03T16:16:35.521696+00:00</end>
                </TimeSpan>
                <Point>
                  <coordinates>-80.5773823,37.1966967,0</coordinates>
                </Point>
              </Placemark>
              <Placemark>
                <name>Telemetry 49</name>
                <styleUrl>#modifiedtelemetry</styleUrl>
                <TimeSpan>
                  <begin>2026-10-03T16:16:35.521696+00:00</begin>
                  <end>2026-10-03T16:16:36.521696+00:00</end>
                </TimeSpan>
                <Point>
                  <coordinates>-80.5773421,37.1966241,0</coordinates>
                </Point>
              </Placemark>
              <Placemark>
                <name>Telemetry 50</name>
                <styleUrl>#modifiedtelemetry</styleUrl>
                <TimeSpan>
                  <begin>2026-10-03T16:16:36.521696+00:00</begin>
                  <end>2026-10-03T16:16:37.521696+00:00</end>
                </TimeSpan>
                <Point>
                  <coordinates>-80.5773005,37.196528,0</coordinates>
                </Point>
              </Placemark>
              <Placemark>
                <name>Telemetry 51</name>
                <styleUrl>#modifiedtelemetry</styleUrl>
                <TimeSpan>
                  <begin>2026-10-03T16:16:37.521696+00:00</begin>
                  <end>2026-10-03T16:16:38.521696+00:00</end>
                </TimeSpan>
                <Point>
                  <coordinates>-80.5771557,37.1965055,0</coordinates>
                </Point>
              </Placemark>
              <Placemark>
                <name>Telemetry 52</name>
                <styleUrl>#modifiedtelemetry</styleUrl>
                <TimeSpan>
                  <begin>2026-10-03T16:16:38.521696+00:00</begin>
                  <end>2026-10-03T16:16:39.521696+00:00</end>
                </TimeSpan>
                <Point>
                  <coordinates>-80.5770457,37.19654400000001,0</coordinates>
                </Point>
              </Placemark>
              <Placemark>
                <name>Telemetry 53</name>
                <styleUrl>#modifiedtelemetry</styleUrl>
                <TimeSpan>
                  <begin>2026-10-03T16:16:39.521696+00:00</begin>
                  <end>2026-10-03T16:16:40.521696+00:00</end>
                </TimeSpan>
                <Point>
                  <coordinates>-80.5768834,37.19654500000001,0</coordinates>
                </Point>
              </Placemark>
              <Placemark>
                <name>Telemetry 54</name>
                <styleUrl>#modifiedtelemetry</styleUrl>
                <TimeSpan>
                  <begin>2026-10-03T16:16:40.521696+00:00</begin>
                  <end>2026-10-03T16:16:41.521696+00:00</end>
                </TimeSpan>
                <Point>
                  <coordinates>-80.5767869,37.1964831,0</coordinates>
                </Point>
              </Placemark>
              <Placemark>
                <name>Telemetry 55</name>
                <styleUrl>#modifiedtelemetry</styleUrl>
                <TimeSpan>
                  <begin>2026-10-03T16:16:41.521696+00:00</begin>
                  <end>2026-10-03T16:16:42.521696+00:00</end>
                </TimeSpan>
                <Point>
                  <coordinates>-80.5767547,37.1964083,0</coordinates>
                </Point>
              </Placemark>
              <Placemark>
                <name>Telemetry 56</name>
                <styleUrl>#modifiedtelemetry</styleUrl>
                <TimeSpan>
                  <begin>2026-10-03T16:16:42.521696+00:00</begin>
                  <end>2026-10-03T16:16:43.521696+00:00</end>
                </TimeSpan>
                <Point>
                  <coordinates>-80.5767587,37.1963228,0</coordinates>
                </Point>
              </Placemark>
              <Placemark>
                <name>Telemetry 57</name>
                <styleUrl>#modifiedtelemetry</styleUrl>
                <TimeSpan>
                  <begin>2026-10-03T16:16:43.521696+00:00</begin>
                  <end>2026-10-03T16:16:44.521696+00:00</end>
                </TimeSpan>
                <Point>
                  <coordinates>-80.5767587,37.1961893,0</coordinates>
                </Point>
              </Placemark>
              <Placemark>
                <name>Telemetry 58</name>
                <styleUrl>#modifiedtelemetry</styleUrl>
                <TimeSpan>
                  <begin>2026-10-03T16:16:44.521696+00:00</begin>
                  <end>2026-10-03T16:16:45.521696+00:00</end>
                </TimeSpan>
                <Point>
                  <coordinates>-80.5766836,37.1961348,0</coordinates>
                </Point>
              </Placemark>
              <Placemark>
                <name>Telemetry 59</name>
                <styleUrl>#modifiedtelemetry</styleUrl>
                <TimeSpan>
                  <begin>2026-10-03T16:16:45.521696+00:00</begin>
                  <end>2026-10-03T16:16:46.521696+00:00</end>
                </TimeSpan>
                <Point>
                  <coordinates>-80.5766836,37.1960205,0</coordinates>
                </Point>
              </Placemark>
              <Placemark>
                <name>Telemetry 60</name>
                <styleUrl>#modifiedtelemetry</styleUrl>
                <TimeSpan>
                  <begin>2026-10-03T16:16:46.521696+00:00</begin>
                  <end>2026-10-03T16:16:47.521696+00:00</end>
                </TimeSpan>
                <Point>
                  <coordinates>-80.5767896,37.1960077,0</coordinates>
                </Point>
              </Placemark>
              <Placemark>
                <name>Telemetry 61</name>
                <styleUrl>#modifiedtelemetry</styleUrl>
                <TimeSpan>
                  <begin>2026-10-03T16:16:47.521696+00:00</begin>
                  <end>2026-10-03T16:16:48.521696+00:00</end>
                </TimeSpan>
                <Point>
                  <coordinates>-80.5769277,37.1959671,0</coordinates>
                </Point>
              </Placemark>
              <Placemark>
                <name>Telemetry 62</name>
                <styleUrl>#modifiedtelemetry</styleUrl>
                <TimeSpan>
                  <begin>2026-10-03T16:16:48.521696+00:00</begin>
                  <end>2026-10-03T16:16:49.521696+00:00</end>
                </TimeSpan>
                <Point>
                  <coordinates>-80.5770806,37.1959051,0</coordinates>
                </Point>
              </Placemark>
              <Placemark>
                <name>Telemetry 63</name>
                <styleUrl>#modifiedtelemetry</styleUrl>
                <TimeSpan>
                  <begin>2026-10-03T16:16:49.521696+00:00</begin>
                  <end>2026-10-03T16:16:50.521696+00:00</end>
                </TimeSpan>
                <Point>
                  <coordinates>-80.5771999,37.195896600000005,0</coordinates>
                </Point>
              </Placemark>
            </Folder>
          </Folder>
        </Folder>
        <Folder>
          <name>Service Provider polling</name>
        </Folder>
        <Folder>
          <name>Service Provider polling</name>
        </Folder>
        <Folder>
          <name>Service Provider polling</name>
        </Folder>
        <Folder>
          <name>Service Provider polling</name>
        </Folder>
        <Folder>
          <name>Service Provider polling</name>
        </Folder>
        <Folder>
          <name>Verify operator notification</name>
        </Folder>
        <Folder>
          <name>Intermediate cleanup</name>
        </Folder>
      </Folder>
      <Folder>
        <name/>
        <Folder>
          <name>Cleanup</name>
        </Folder>
      </Folder>
    </Folder>
  </Document>
</kml>
